,region,total_counts,n_genes_by_counts,pct_counts_mt
AAACCGTTCGTCCAGG-1,Skin,540.0,352,7.4074073
AAACGAGACGGTTGAT-1,Skin,548.0,390,6.021898
AAACTGCTGGCTCCAA-1,Skin,1404.0,698,9.116809
AAATAACCATACGGGA-1,Skin,128.0,106,4.6875
AAATACCTATAAGCAT-1,Skin,1304.0,733,6.134969
AAATAGGGTGCTATTG-1,Skin,24158.0,5294,3.8579352
AAATCGTGTACCACAA-1,Skin,446.0,306,3.3632286
AAATGGCATGTCTTGT-1,Skin,204.0,173,2.9411764
AAATTAACGGGTAGCT-1,Skin,253.0,223,2.7667985
AAATTACACGACTCTG-1,Skin,181.0,155,2.762431
AACACACGCTCGCCGC-1,Skin,5684.0,2385,4.714989
AACAGGAAATCGAATA-1,Skin,138.0,121,4.347826
AACCGAGCTTGGTCAT-1,Skin,587.0,421,1.0221466
AACCGCTAAGGGATGC-1,Skin,1181.0,699,4.064352
AACCTTTAAATACGGT-1,Skin,3373.0,1678,3.8244884
AACGATAATGCCGTAG-1,Skin,753.0,527,4.116866
AACGATATGTCAACTG-1,Skin,155.0,137,2.580645
AACGGACGTACGTATA-1,Skin,1374.0,862,4.0756917
AACGTACTGTGGGTAC-1,Skin,688.0,410,7.2674417
AACGTGCGAAAGTCTC-1,Skin,273.0,224,2.1978023
AACTAGGCTTGGGTGT-1,Skin,5885.0,2419,4.5029736
AACTGATATTAGGCCT-1,Skin,162.0,124,1.2345679
AAGACTGCAAGCTACT-1,Skin,198.0,172,0.5050505
AAGAGCTCTTTATCGG-1,Skin,328.0,277,3.9634147
AAGAGGCATGGATCGC-1,Skin,902.0,589,6.31929
AAGATTGGCGGAACGT-1,Skin,298.0,170,4.6979866
AAGCATACTCTCCTGA-1,Skin,859.0,592,4.1909194
AAGCTAGATCGAGTAA-1,Skin,1471.0,854,4.486744
AAGCTCGTGCCAAGTC-1,Skin,247.0,187,5.668016
AAGGATGAGGGACCTC-1,Skin,210.0,179,2.3809524
AAGGGACAGATTCTGT-1,Skin,34.0,31,17.647058
AAGGTATCCTAATATA-1,Skin,272.0,215,3.3088236
AAGTGTTTGGAGACGG-1,Skin,15912.0,4221,3.7393165
AATAGAACAGAGTGGC-1,Skin,7935.0,2803,4.1335855
AATAGAATCTGTTTCA-1,Skin,47260.0,7370,4.062632
AATCGCCTCAGCGCCA-1,Skin,346.0,262,7.225434
AATGACGTAGGATGTC-1,Skin,1141.0,719,6.310254
AATTAAAGGTCGGCGT-1,Skin,196.0,131,5.6122446
AATTAGCGCTGCAGCG-1,Skin,444.0,352,4.054054
AATTCATAAGGGATCT-1,Skin,64.0,56,4.6875
AATTCTAGAGTTAGGC-1,Skin,564.0,420,3.9007094
AATTGAACGCTCTGGT-1,Skin,5690.0,2223,4.5694203
ACAAATCGCACCGAAT-1,Skin,7154.0,2499,4.1515236
ACAAATGGTAGTGTTT-1,Skin,6998.0,2743,4.715633
ACAACAGCATGAGCTA-1,Skin,400.0,292,2.75
ACAAGGAAATCCGCCC-1,Skin,346.0,260,4.0462427
ACAAGGGCAGGCTCTG-1,Skin,1499.0,839,6.6044035
ACAATTGTGTCTCTTT-1,Skin,15573.0,4179,4.3986387
ACAATTTGAGCAGTGG-1,Skin,155.0,133,6.4516125
ACACACCAGGACCAGT-1,Skin,10519.0,3475,4.79133
ACACACTTTCTACACG-1,Skin,131.0,113,4.580153
ACACGAGACTCCTTCT-1,Skin,144.0,124,2.777778
ACACGGGAACTTAGGG-1,Skin,245.0,213,2.857143
ACACTGATCAAGGTGT-1,Skin,3110.0,1468,4.9517684
ACAGCGCACCCGCAGC-1,Skin,204.0,161,4.901961
ACAGGCTTGCCCGACT-1,Skin,2075.0,1161,5.8313255
ACATCGATCGTTTACC-1,Skin,345.0,280,4.6376815
ACATCGTATGCAATGG-1,Skin,1030.0,711,3.9805825
ACATTAGTTTATATCC-1,Skin,636.0,482,4.245283
ACCAACGCTTATTTAT-1,Skin,9303.0,3135,4.6221647
ACCACGTGCAGCTATA-1,Skin,528.0,397,3.9772727
ACCAGTGCGGGAGACG-1,Skin,2070.0,1012,5.9903383
ACCATATCCGCAATAA-1,Skin,106.0,94,5.6603775
ACCCAACGCCCGTGGC-1,Skin,293.0,238,7.167236
ACCCGGTTACACTTCC-1,Skin,46.0,41,8.695652
ACCCTCCCTTGCTATT-1,Skin,1720.0,967,4.476744
ACCCTTCATCTGCGAA-1,Skin,81.0,77,3.7037036
ACCGACTGAGTCCCAC-1,Skin,658.0,475,1.9756839
ACCGCAATAACTGCCT-1,Skin,16993.0,4111,4.8196316
ACGATACATAGAACTA-1,Skin,229.0,176,2.183406
ACGATCATACATAGAG-1,Skin,584.0,415,7.191781
ACGCATTCGTGAGTAC-1,Skin,686.0,503,1.3119533
ACGCCAGATGATTTCT-1,Skin,140.0,117,1.4285715
ACGCCGCTAGACGACC-1,Skin,761.0,466,6.8331146
ACGCGAAGTCAGACGA-1,Skin,1871.0,973,4.6499195
ACGCGGGCCAAGGACA-1,Skin,214.0,181,2.803738
ACGGCACTTGCTTGGG-1,Skin,580.0,452,4.137931
ACGGCCAACATGGACT-1,Skin,9809.0,3489,4.434703
ACGGCGACGATGGGAA-1,Skin,571.0,418,4.553415
ACGTAGATTGCTGATG-1,Skin,1144.0,710,3.4965034
ACGTTAATGTCGAAGA-1,Skin,4971.0,1636,10.8831215
ACGTTTAGTTGTGATC-1,Skin,125.0,106,7.2
ACTATTCGTCCGTGGT-1,Skin,190.0,157,4.2105265
ACTCAATAAAGGCACG-1,Skin,770.0,553,1.6883116
ACTCCCTAGAATAGTA-1,Skin,3577.0,1577,6.03858
ACTCGTCAGTAATCCC-1,Skin,325.0,242,7.692308
ACTCTCTGACTTAGGT-1,Skin,370.0,314,3.2432432
ACTCTTGTATAGTAAC-1,Skin,965.0,598,3.0051816
ACTGAATGGCGAAAGT-1,Skin,41555.0,7156,3.0682228
ACTGCCGTCGTAACTC-1,Skin,132.0,113,5.3030305
ACTGTACGATACACAT-1,Skin,352.0,271,4.8295455
ACTGTCCAGGATTATA-1,Skin,135.0,115,2.9629629
ACTGTCTTCTTTAGAA-1,Skin,111.0,106,1.8018018
ACTTATTAGGATCGGT-1,Skin,108.0,98,3.7037036
ACTTATTTATGTGCCA-1,Skin,2079.0,1178,4.4733043
ACTTCAGGCTGATCCC-1,Skin,14671.0,3948,4.7304206
ACTTCGCCATACGCAC-1,Skin,278.0,214,2.877698
ACTTGACTCCCTCTTT-1,Skin,838.0,463,12.7684965
ACTTTCCTATAGCTTC-1,Skin,303.0,251,1.320132
AGAACGTGGTACATTC-1,Skin,121.0,100,1.6528925
AGAAGAGCGCCGTTCC-1,Skin,41.0,35,21.95122
AGACCCACCGCTGATC-1,Skin,410.0,312,4.146342
AGACGAAGTGCCGGTC-1,Skin,28293.0,5542,7.468279
AGAGAACCGTCTAGGA-1,Skin,153.0,130,1.9607844
AGAGCGGGCTAATCAT-1,Skin,79.0,73,8.86076
AGATACTCAAGATCGA-1,Skin,3597.0,1626,3.8921323
AGATCTCAGGTGTGAT-1,Skin,227.0,179,2.2026432
AGATTATAGGACGTTT-1,Skin,138.0,122,2.8985507
AGCAACATATCTTATT-1,Skin,1022.0,503,6.066536
AGCACCAGTACTCACG-1,Skin,396.0,289,4.292929
AGCACTACCTCACCAG-1,Skin,31918.0,5994,4.0478725
AGCATATCAATATGCT-1,Skin,29126.0,5924,6.1457114
AGCCACTCCCGTGCTT-1,Skin,739.0,544,2.841678
AGCCCTAAGCGAAGTT-1,Skin,109.0,90,4.587156
AGCGTGGTATTCTACT-1,Skin,237.0,189,8.016877
AGCTATTTAATCCAAC-1,Skin,206.0,158,5.825243
AGCTCCTTCGCACATC-1,Skin,854.0,586,3.2786884
AGCTCTAGACGTTCCA-1,Skin,2119.0,1019,10.806985
AGCTCTTCCCAGTGCA-1,Skin,533.0,400,3.9399624
AGCTGAAGTAAACCAA-1,Skin,339.0,237,1.1799409
AGGACAGTCGAATCCC-1,Skin,6112.0,2552,4.5647902
AGGATAAAGTCGGGAT-1,Skin,988.0,634,3.4412954
AGGCAGATGCGTAAAC-1,Skin,152.0,128,4.605263
AGGCATTGTCGTAGGG-1,Skin,3479.0,1498,5.633803
AGGCTTCCCGAAGAAG-1,Skin,37694.0,6547,7.3406906
AGGGCTGCAGTTACAG-1,Skin,225.0,186,4.0
AGGGTGCTCTCGAGGG-1,Skin,2376.0,894,31.271044
AGGGTTCCCTTTGGTT-1,Skin,2033.0,1026,7.181505
AGGGTTTAGTTCGGGA-1,Skin,206.0,170,1.9417475
AGGTACGATATTGCCA-1,Skin,754.0,502,3.7135277
AGGTTGAGGCACGCTT-1,Skin,149.0,132,2.0134227
AGGTTTCACACACCTT-1,Skin,774.0,525,3.6175709
AGTACGGGCACCTGGC-1,Skin,81.0,77,1.2345679
AGTCAACACCACCATC-1,Skin,51.0,40,3.9215689
AGTCAAGATGACACTT-1,Skin,1050.0,703,3.9047618
AGTCTTCTCCTCAAAT-1,Skin,2340.0,1176,8.5470085
AGTGACCTACTTTACG-1,Skin,83.0,76,8.433735
AGTGAGACTTCCAGTA-1,Skin,456.0,322,10.08772
AGTGATATGAGTAGTT-1,Skin,154.0,97,1.9480519
AGTGATTCAAGCAGGA-1,Skin,15455.0,3720,17.424782
AGTGCACGCTTAAGAA-1,Skin,2658.0,1287,3.9503384
AGTGCTTGCACGAATA-1,Skin,2433.0,1319,5.055487
AGTTAAGCGGTCCCGG-1,Skin,225.0,179,3.5555556
AGTTACTCTATCGTGG-1,Skin,115.0,89,8.695652
AGTTCCTATTTATGTT-1,Skin,3394.0,1502,7.0418386
ATAAACGGACCCGTAA-1,Skin,1755.0,902,7.065527
ATAAAGGCTCGGTCGT-1,Skin,49.0,37,8.163265
ATAACGCCGGAGGGTC-1,Skin,1283.0,814,4.053001
ATAACGGAGTCCAACG-1,Skin,1101.0,679,1.2715713
ATAAGGTGGAGAACAT-1,Skin,286.0,230,1.7482517
ATAAGTTACCGCGACG-1,Skin,173.0,143,1.734104
ATAATAGCTGTTGAAT-1,Skin,987.0,585,5.3698072
ATACAGGCCCTCCAAT-1,Skin,12850.0,4029,4.1634245
ATACGCCGGCGAAACC-1,Skin,445.0,330,3.5955057
ATACGGGTTTCGATTG-1,Skin,325.0,247,2.4615386
ATACGTACTTAGCCAC-1,Skin,1414.0,777,3.6775105
ATACGTCCACTCCTGT-1,Skin,838.0,539,7.5178995
ATAGACAACGGGACCT-1,Skin,105.0,74,9.523809
ATAGGGATATCCTTGA-1,Skin,87.0,80,4.597701
ATAGGTTGGGCAGATG-1,Skin,326.0,253,1.5337423
ATAGTGAAGCGTTCTC-1,Skin,372.0,280,2.4193547
ATATAAATGTAGCTGC-1,Skin,10147.0,3254,5.075392
ATATCTCCCTCGTTAA-1,Skin,92.0,81,1.0869565
ATATCTTAGGGCCTTC-1,Skin,158.0,142,0.6329114
ATATTCCACATAGTGA-1,Skin,3614.0,1567,4.012175
ATATTTAACCCTCAAG-1,Skin,124.0,104,4.032258
ATCAATCTGGGCTGCA-1,Skin,618.0,443,4.3689322
ATCACATTAGAATATC-1,Skin,605.0,419,1.6528925
ATCAGTAGGCAGGGAT-1,Skin,252.0,209,1.5873017
ATCATCCAATATTTGT-1,Skin,115.0,101,3.4782608
ATCCAGAGCAACAACC-1,Skin,404.0,318,4.455446
ATCCTACCTAAGCTCT-1,Skin,87.0,65,5.7471266
ATCCTGCGTGGAATGG-1,Skin,143.0,100,3.4965034
ATCGACCCAATACAGA-1,Skin,443.0,336,3.6117382
ATCGGAGACAGACGGC-1,Skin,8061.0,2819,4.0193524
ATCTAATATCCTACGG-1,Skin,26075.0,5943,5.215724
ATCTCCCTGCAATCTA-1,Skin,144.0,119,2.777778
ATCTGGTTAAGACTGT-1,Skin,153.0,129,4.5751634
ATGACTATGCGACATT-1,Skin,4860.0,1978,3.7654321
ATGATGCAATGGTACA-1,Skin,261.0,232,3.4482758
ATGCATGATCCAGGAT-1,Skin,940.0,647,3.0851064
ATGCCATTTGCGACCA-1,Skin,4734.0,2061,5.555556
ATGCCGGTCTTGCATA-1,Skin,871.0,539,7.2330656
ATGCCGGTTGATGGGA-1,Skin,185.0,151,3.2432432
ATGCGACAGTCCCATT-1,Skin,1056.0,607,3.219697
ATGGAGCAGGCCGTGA-1,Skin,284.0,226,3.169014
ATGGATCCGGCGTCCG-1,Skin,497.0,351,7.8470826
ATGGATTGACCAAACG-1,Skin,425.0,342,3.7647057
ATGGGCCTCGGCCTCT-1,Skin,1572.0,932,4.1984735
ATGGTCGCGTGGTTTC-1,Skin,38783.0,6784,2.77699
ATGTGGACATCTTGAT-1,Skin,1890.0,1022,5.2380953
ATTAAACATGCGGACC-1,Skin,301.0,220,2.3255813
ATTAATGAACCAGTCG-1,Skin,668.0,439,2.5449102
ATTAATTCGGTCACTC-1,Skin,124.0,107,1.6129031
ATTAGGCGATGCTTTC-1,Skin,488.0,387,3.2786884
ATTATACTTTGCTCGT-1,Skin,317.0,251,2.208202
ATTCACTGATGTTGGA-1,Skin,4150.0,1833,4.2650604
ATTCATATACTGTCCA-1,Skin,1503.0,793,6.453759
ATTGTCGCAATACCTT-1,Skin,261.0,198,3.4482758
ATTTCATTATTTCGCG-1,Skin,181.0,144,8.839779
ATTTGTCTTGGGAGCT-1,Skin,1172.0,785,4.948806
ATTTGTTCCAGGGCTC-1,Skin,92.0,84,6.521739
CAAACGAGTATCGCAG-1,Skin,231.0,169,6.060606
CAAACTACGATAGAGA-1,Skin,377.0,278,7.1618037
CAAACTATTGAGCTTC-1,Skin,267.0,209,6.367041
CAAATGTCCTTCCGTG-1,Skin,843.0,568,4.6263347
CAAATTGTCAGCAAGC-1,Skin,177.0,154,3.3898306
CAACTATATCGAATGC-1,Skin,234.0,175,5.982906
CAAGAGGGCGGAGTAC-1,Skin,3952.0,1587,9.438259
CAAGATATTATAACGT-1,Skin,12379.0,3748,4.354148
CAAGCACCAAATGCCT-1,Skin,90.0,77,8.888889
CAAGCGGCACATAATT-1,Skin,1313.0,836,3.5034273
CAAGGATCGCATGTTC-1,Skin,239.0,208,2.5104604
CAAGTGTGGTTGCAAA-1,Skin,615.0,391,7.642277
CAATAAACCTTGGCCC-1,Skin,431.0,329,1.6241299
CAATGCGAGAAGTATC-1,Skin,8479.0,2978,5.00059
CAATGGATCTCTACCA-1,Skin,173.0,143,1.734104
CAATTAAGGGTGATGA-1,Skin,131.0,112,4.580153
CAATTTCGTATAAGGG-1,Skin,192.0,145,3.125
CACAATGAGCTGCTAT-1,Skin,365.0,138,2.739726
CACACGCGCTGTCTTA-1,Skin,12258.0,3122,11.600588
CACAGCACCCACGGCA-1,Skin,227.0,190,2.2026432
CACATATTAGCAGGAT-1,Skin,2539.0,1231,6.104766
CACATGATTCAGCAAC-1,Skin,264.0,213,2.6515152
CACATTCTTTCGATGG-1,Skin,192.0,159,3.6458333
CACCCACGAGGCAATT-1,Skin,521.0,376,2.8790786
CACCCTAACAAGATCT-1,Skin,632.0,424,2.6898735
CACCGCCAGAAGGTTT-1,Skin,394.0,301,3.0456853
CACCTAATCAGTTTAC-1,Skin,357.0,293,0.5602241
CACCTCGATGGTGGAC-1,Skin,220.0,175,0.9090909
CACCTTGCGAAACTCG-1,Skin,110.0,93,4.5454545
CACGCACAGCGCAGCT-1,Skin,371.0,291,3.504043
CACGTTCGTGCTCTAG-1,Skin,1687.0,843,7.9430947
CACTAAAGTTGCCTAT-1,Skin,109.0,75,5.504587
CACTCAAGAGCTATGG-1,Skin,162.0,146,3.0864198
CACTCAGCTCTTGAGG-1,Skin,153.0,126,1.9607844
CACTCCTCTCGGTCGG-1,Skin,179.0,140,5.027933
CACTCGAGCTGAACAA-1,Skin,1505.0,940,4.318937
CACTTAATCAGACGGA-1,Skin,69.0,57,14.492753
CAGAACTTAGCCCTCT-1,Skin,2270.0,1332,4.7136564
CAGACACCGATCGCTG-1,Skin,2103.0,1178,4.041845
CAGACGAACCTGATAC-1,Skin,379.0,296,2.9023745
CAGAGACGGTCACCCA-1,Skin,583.0,435,3.9451115
CAGAGCATGAGCTTGC-1,Skin,371.0,290,1.8867924
CAGAGGCGATGCATGA-1,Skin,790.0,495,6.5822787
CAGCAGCCCGTTCCTT-1,Skin,2108.0,1169,3.9848197
CAGCCGGGCCCTCTAT-1,Skin,94.0,89,5.319149
CAGCCTCCTGCAGAGG-1,Skin,134.0,118,1.4925373
CAGCTCACTGAGACAT-1,Skin,685.0,518,1.1678832
CAGCTCGACAAGTTAA-1,Skin,172.0,111,3.4883723
CAGGAAGACTTTATAT-1,Skin,236.0,188,5.0847454
CAGGATATATCGTTGT-1,Skin,820.0,505,2.195122
CAGGCGCCATGCTAGG-1,Skin,347.0,275,4.3227663
CAGTAGCCCACGCGGT-1,Skin,78.0,46,3.846154
CAGTCTGTATACTGGG-1,Skin,547.0,382,5.484461
CAGTGAATAAATGACT-1,Skin,304.0,244,2.9605265
CAGTGTCGGCTGGCCC-1,Skin,34781.0,7165,3.6025417
CATACGGCGTCTGGGC-1,Skin,196.0,160,2.5510204
CATACTATGTAATTGT-1,Skin,53.0,51,1.8867924
CATAGTACATTGAGAG-1,Skin,274.0,210,3.2846715
CATATAGGTACAGTCA-1,Skin,117.0,97,2.5641026
CATCATCTACCCGGAC-1,Skin,83.0,76,8.433735
CATCATTACCCTGAGG-1,Skin,21543.0,5220,4.2333937
CATCGGACGGGTTAAT-1,Skin,169.0,142,0.0
CATGCGTTAGACAGAA-1,Skin,108.0,88,1.8518518
CATGGGTATGCCTTAT-1,Skin,753.0,462,5.046481
CATGGGTCGGGTGTGG-1,Skin,312.0,244,3.5256412
CATGGTAAGTAGCGTT-1,Skin,427.0,320,4.9180326
CATGGTCTAGATACCG-1,Skin,470.0,343,4.893617
CATGTAAGAGACATTT-1,Skin,25811.0,5873,4.2578745
CATGTCTCATTTATGG-1,Skin,35213.0,6522,4.0382814
CATTTAGCGGACCATG-1,Skin,69.0,58,2.8985507
CATTTGAGTGGTACGT-1,Skin,1350.0,839,3.185185
CCAAGAAAGTGGGCGA-1,Skin,6977.0,2372,3.7121973
CCAAGCGTAACTCGTA-1,Skin,261.0,187,1.9157088
CCAATCGGTAGATCGA-1,Skin,161.0,137,4.347826
CCACAATGTACGTCTT-1,Skin,135.0,115,2.2222223
CCACACTGAGATATTA-1,Skin,94.0,62,4.255319
CCACAGTACCCATCCT-1,Skin,945.0,638,3.3862433
CCACCCAAGGAAAGTG-1,Skin,4867.0,1885,9.862338
CCACGAGAAGAGAATC-1,Skin,308.0,245,4.5454545
CCAGATAGTTGAGTGA-1,Skin,185.0,154,4.3243246
CCAGCCTGGACCAATA-1,Skin,290.0,234,2.413793
CCAGTAGTCTGATCCA-1,Skin,102.0,73,11.764706
CCAGTCTAGACGGCGC-1,Skin,234.0,201,0.8547009
CCATAAACAACCCGAC-1,Skin,479.0,339,3.757829
CCATCGCAGTTAAACT-1,Skin,495.0,352,3.2323234
CCATGCCTGTTTAGTA-1,Skin,146.0,128,2.739726
CCATTTCTACCTATTA-1,Skin,13998.0,4408,4.014859
CCCAAACATGCTGCTC-1,Skin,3015.0,1200,17.877281
CCCAGTTAAGGCGCCG-1,Skin,4621.0,2032,6.6219435
CCCGACCATAGTCCGC-1,Skin,322.0,257,2.173913
CCCGCAGCGCGAACTA-1,Skin,814.0,529,6.388206
CCCGCAGGGCCCAAAG-1,Skin,1236.0,751,8.009708
CCCTTTGACAGGTCTT-1,Skin,550.0,413,4.0
CCGAACCTTCCCGGCC-1,Skin,375.0,293,7.466666
CCGCACAAAGACCAAC-1,Skin,640.0,448,5.15625
CCGCATGTGGTACGAT-1,Skin,11285.0,3756,3.8812582
CCGCGGAATGCGTCAC-1,Skin,2645.0,1383,3.4404538
CCGCTATCAGCACCAG-1,Skin,2842.0,1227,10.767066
CCGGGCGGTCTCGTCA-1,Skin,4637.0,2122,4.9601035
CCGGGCTGCTCCATAC-1,Skin,493.0,348,9.736308
CCGTAAGTTGGTCCCA-1,Skin,583.0,423,1.7152658
CCGTTACGTTAGAACA-1,Skin,173.0,151,4.624277
CCTAAAGGCTGACGCT-1,Skin,301.0,244,3.322259
CCTAAATTAACGGTTC-1,Skin,4770.0,1795,9.056604
CCTAACCCAAACAAGT-1,Skin,1584.0,962,3.030303
CCTAGGCGTAGCGATC-1,Skin,335.0,233,14.328358
CCTAGTTAGTCGCATG-1,Skin,335.0,251,4.477612
CCTATAATGAGTGCCC-1,Skin,13880.0,3947,3.6671472
CCTATCTATATCGGAA-1,Skin,245.0,205,3.6734693
CCTATGGGTTACCGTC-1,Skin,185.0,161,2.7027028
CCTCGAAGTGGACGGG-1,Skin,241.0,191,2.9045644
CCTCGCCAGCAAATTA-1,Skin,224.0,200,1.7857144
CCTCGGACCGGGATAG-1,Skin,2295.0,1338,4.5315905
CCTCTAATCTGCCAAG-1,Skin,871.0,592,1.2629162
CCTCTGGCCTAGACGG-1,Skin,440.0,317,4.090909
CCTCTGTACTATTCTA-1,Skin,4798.0,2091,4.7102957
CCTGAACGATATATTC-1,Skin,8006.0,2420,11.104172
CCTGAATATTTACATA-1,Skin,232.0,193,2.1551723
CCTGACCACCGATGGT-1,Skin,878.0,586,4.328018
CCTGTCACCCGGGCTC-1,Skin,381.0,309,2.887139
CCTGTCGCCCGTAAAT-1,Skin,125.0,111,3.2
CCTTCTTGATCCAGTG-1,Skin,151.0,131,2.6490066
CGAAACATAGATGGCA-1,Skin,1278.0,650,5.633803
CGAACAGTATGGGCGT-1,Skin,11798.0,3522,5.127988
CGAACCCGCATGCGTC-1,Skin,291.0,236,2.749141
CGAACGCCCAGTGCCG-1,Skin,196.0,144,2.0408163
CGACTCAGGATGTTAT-1,Skin,394.0,281,4.0609136
CGAGACCCTAGAGTGT-1,Skin,262.0,215,3.816794
CGAGAGATGTGAACCT-1,Skin,387.0,273,3.875969
CGAGCTGGGCTTTAGG-1,Skin,58.0,55,3.4482758
CGAGGCTAAATATGGC-1,Skin,802.0,503,3.117207
CGAGGGACTGCGGTCG-1,Skin,8494.0,2451,9.677419
CGAGTTCTGTCCCACC-1,Skin,123.0,112,6.5040646
CGATACCTCGCGGACA-1,Skin,65.0,53,1.5384616
CGATCCGACCCAGTGC-1,Skin,99.0,71,5.050505
CGCACATGTCCACTAC-1,Skin,1666.0,959,6.002401
CGCATGGTGCGATGCT-1,Skin,7107.0,2267,5.9800196
CGCATTAGCTAATAGG-1,Skin,527.0,370,10.056927
CGCCATCCGATTATGA-1,Skin,501.0,369,2.9940119
CGCCCGCTTCCGTACA-1,Skin,157.0,130,2.5477707
CGCCGCCCATGCCTGT-1,Skin,4461.0,1892,4.326384
CGCCTCCCTCCTCTAT-1,Skin,181.0,162,2.762431
CGCGCATGTTTGATTG-1,Skin,1408.0,874,3.1960227
CGCGCCCGACTTAATA-1,Skin,158.0,127,2.5316455
CGCGGGAATTAGGCAG-1,Skin,405.0,294,3.2098765
CGCTATTCTTAGGCTC-1,Skin,110.0,95,7.272727
CGCTGGTGACTACCCT-1,Skin,5128.0,2037,6.3962555
CGCTTTCTTGCATTCG-1,Skin,1066.0,656,7.4108815
CGGAACGTAAACATAG-1,Skin,276.0,168,8.333334
CGGAGCAATTTAATCG-1,Skin,35915.0,7086,3.5472643
CGGAGCATGGCGATCC-1,Skin,740.0,554,2.1621623
CGGCAAACATCGTGCG-1,Skin,8195.0,2636,3.1360586
CGGCCACGCACAAAGT-1,Skin,104.0,93,2.8846154
CGGGAATTTATGTAAA-1,Skin,3783.0,1534,9.066878
CGGGAGCTTCAGTGTA-1,Skin,1291.0,789,4.0278854
CGGGCAGCTAAACCGC-1,Skin,241.0,189,2.074689
CGGGCCTTCTTTGTAA-1,Skin,65.0,60,3.0769231
CGGGTGTACCCATTTA-1,Skin,1199.0,596,16.096746
CGGTACTAGAATCAAA-1,Skin,1821.0,1071,3.8989565
CGGTAGAGGTGCAGGT-1,Skin,295.0,30,0.33898306
CGGTCAAGTGGGAACC-1,Skin,127.0,112,3.1496062
CGGTCTATCAACCCGT-1,Skin,425.0,321,4.470588
CGGTGCGCGTTGGTCC-1,Skin,1219.0,655,5.6603775
CGTAGCGAATTGTCAG-1,Skin,283.0,211,7.0671377
CGTATTAAGAGATCTA-1,Skin,98.0,75,2.0408163
CGTCACGTCCATTGGT-1,Skin,315.0,254,4.7619047
CGTGAAGTTAATTCAC-1,Skin,1100.0,614,3.4545455
CGTGACATTGGGTCGT-1,Skin,349.0,230,1.4326648
CGTGCAGACTGGGACA-1,Skin,2676.0,1341,12.2571
CGTGCCCTCCCGAAGA-1,Skin,1978.0,1127,4.802831
CGTTGAGCGACCGTCG-1,Skin,357.0,282,4.2016807
CGTTTCACTTCGGGCG-1,Skin,47.0,44,2.1276596
CGTTTCGCTCATTACA-1,Skin,76.0,60,21.052631
CTAAAGGGAAATAGGA-1,Skin,190.0,161,4.2105265
CTAAATCCTATTCCGG-1,Skin,124.0,110,1.6129031
CTAAGGGAATGATTGG-1,Skin,151.0,129,4.6357617
CTACGCACGGAGTACC-1,Skin,215.0,188,2.3255813
CTACGCCATTTCCGAT-1,Skin,316.0,227,3.164557
CTACTGCCACCTGACC-1,Skin,1403.0,915,2.4233785
CTAGATTTACGACGGC-1,Skin,245.0,199,6.122449
CTAGCATAGTATAATG-1,Skin,132.0,112,3.787879
CTAGGCGCCCTATCAG-1,Skin,2343.0,1363,4.0546308
CTAGTATTCGGAATTA-1,Skin,371.0,261,5.6603775
CTAGTCACGTCTTAAG-1,Skin,281.0,238,2.4911032
CTAGTTACAACCCGGT-1,Skin,1517.0,906,3.8233354
CTAGTTGGGCCCGGTA-1,Skin,346.0,260,2.3121386
CTATCGACGAAATACA-1,Skin,20047.0,4948,4.963336
CTATCGGGTCTCAACA-1,Skin,234.0,195,5.1282053
CTATGTCACTAGCCCA-1,Skin,148.0,130,4.7297297
CTATTCATGTGTCCCA-1,Skin,5023.0,1873,4.061318
CTATTTGGTTACGGAT-1,Skin,1793.0,877,10.652537
CTCGAGGTCGAACAGT-1,Skin,188.0,164,3.7234042
CTCGCACCTATATAGT-1,Skin,210.0,168,4.7619047
CTCGGTACCACTGCTC-1,Skin,2029.0,1062,5.618531
CTCTATTTGGCTGCAG-1,Skin,1654.0,950,5.501814
CTCTCACAATCGATGA-1,Skin,184.0,160,3.8043478
CTCTGGACGCCTGGTG-1,Skin,473.0,360,2.3255813
CTCTGTTTGAGGATTC-1,Skin,369.0,273,5.691057
CTCTTGTCCCGCTTGG-1,Skin,9902.0,3522,3.686124
CTGAAAGAGATCCGAC-1,Skin,80.0,72,1.25
CTGAATCCGAGACCTC-1,Skin,298.0,237,3.3557045
CTGCACAACTACATAT-1,Skin,578.0,423,3.8062282
CTGCACTCCAGTACAG-1,Skin,2017.0,1146,3.916708
CTGCCAAGGTTGGAAG-1,Skin,575.0,438,1.2173914
CTGCCATGCATCACAT-1,Skin,191.0,150,4.712042
CTGCGTTACGATATAA-1,Skin,82.0,70,4.8780484
CTGCTTGGCGATAGCT-1,Skin,1625.0,946,4.923077
CTGGAAGACACGGTGG-1,Skin,955.0,630,2.094241
CTGGATTTACACTTGA-1,Skin,724.0,539,2.762431
CTGGCGACATAAGTCC-1,Skin,255.0,195,1.1764706
CTGGCGCACAGGTCTG-1,Skin,512.0,328,15.0390625
CTGGCTGGTTGTCAGT-1,Skin,18408.0,5032,4.400261
CTGGGATAAATAATGG-1,Skin,5597.0,1671,12.185099
CTGGGTAGGCAGTTAA-1,Skin,1548.0,889,7.622739
CTGGTAACACATAGAA-1,Skin,45747.0,8002,3.3466675
CTGGTTTCGAGCAAGA-1,Skin,33943.0,6565,3.0698526
CTGTACTTCTTAGCAT-1,Skin,88.0,80,1.1363636
CTGTCAAATGGCTCGG-1,Skin,147.0,130,6.122449
CTGTGCAGGGTAGGTC-1,Skin,3939.0,1449,10.357959
CTGTTACCCAATCTAG-1,Skin,854.0,554,6.440281
CTTAGCCTTCCACATG-1,Skin,152.0,133,2.631579
CTTCATTGTCAGTGGA-1,Skin,82.0,75,3.6585364
CTTCTATTAATGCTAG-1,Skin,1040.0,713,2.8846154
CTTGCCCAGGCTCTAC-1,Skin,136.0,113,6.617647
CTTGTCAACATTCGAG-1,Skin,2199.0,1180,2.8649385
CTTGTTGCTGAGTCAA-1,Skin,3050.0,1398,8.590164
CTTTAACTTTCAAAGG-1,Skin,90.0,77,7.777778
CTTTAATATTGGTCGA-1,Skin,508.0,374,3.3464565
CTTTACCGAATAGTAG-1,Skin,35594.0,6428,3.7787266
CTTTAGGAACACTGTT-1,Skin,1963.0,1177,3.311258
CTTTAGTGCTATTATT-1,Skin,2611.0,1053,8.196094
CTTTCTGTGCGGGCTT-1,Skin,1883.0,1097,3.9298992
GAAACAGATGACCACC-1,Skin,888.0,505,6.869369
GAAACCGAATTACCTT-1,Skin,335.0,272,2.3880596
GAAACTCTAATGAAGG-1,Skin,233.0,184,2.5751073
GAAATCGCGCGCAACT-1,Skin,133.0,112,11.278195
GAAATTGTCTCTATAA-1,Skin,190.0,161,3.6842103
GAACGTCTCATGGTCG-1,Skin,1461.0,607,16.221766
GAAGCGTGAGGAATTT-1,Skin,141.0,122,0.7092198
GAAGTCAGTTGCACTA-1,Skin,942.0,631,3.8216562
GAATAGACGCGACCCA-1,Skin,1388.0,762,5.6195965
GAATATTCGGAGTCCC-1,Skin,572.0,354,5.2447553
GAATCTGAACATTCTC-1,Skin,278.0,225,3.2374098
GAATGTGGTCCGGATT-1,Skin,607.0,456,2.9654036
GAATGTTGGGTAATCT-1,Skin,78.0,71,1.2820513
GAATTATAGTGAAAGG-1,Skin,722.0,449,3.601108
GAATTCACCCGGGTGT-1,Skin,683.0,433,2.0497804
GACAACGACCATTGAA-1,Skin,1033.0,667,2.2265246
GACACAAGGGAAGAAA-1,Skin,657.0,445,2.739726
GACACTGAGTTCAGTG-1,Skin,66.0,57,3.030303
GACAGCCAGACCTGAC-1,Skin,4478.0,2019,4.0643144
GACATCGATTTATAAC-1,Skin,1081.0,695,4.6253467
GACCGTCAGGTCGTGA-1,Skin,294.0,215,3.4013608
GACCGTGCTGACGGTG-1,Skin,93.0,83,2.1505377
GACGACGATCCGCGTT-1,Skin,961.0,662,4.162331
GACGCCGTAAAGGCTA-1,Skin,8242.0,2946,5.0958505
GACTGCACCAGCCCAG-1,Skin,537.0,362,6.3314714
GAGACTTCGCGACCGA-1,Skin,14568.0,4481,3.9401426
GAGATCTGTCACTCCG-1,Skin,297.0,248,1.3468013
GAGATCTTCCATGACA-1,Skin,586.0,425,5.290102
GAGATGGGAGTCGACA-1,Skin,553.0,406,3.9783
GAGCCAGCTACCTGTG-1,Skin,4595.0,2057,4.396083
GAGCGCGCACGAGTAG-1,Skin,1569.0,954,3.3142128
GAGCTAAGGGCATATC-1,Skin,107.0,93,5.607476
GAGGGCGCAGCTCTGC-1,Skin,174.0,149,5.172414
GAGGTACATCCATCTT-1,Skin,96.0,85,4.166667
GAGTATGCCCGCCTTG-1,Skin,5257.0,1986,7.5898805
GAGTCCGCTTACCGGA-1,Skin,246.0,189,3.6585364
GAGTGTGCGGTACCCA-1,Skin,39795.0,7292,2.7892952
GATAACTCGCACTGTG-1,Skin,1988.0,1030,8.551308
GATAGGTAACGTTGAC-1,Skin,1742.0,955,4.535017
GATATGAGACACTAAC-1,Skin,990.0,676,4.040404
GATATGCGGTAGCCAA-1,Skin,190.0,164,2.631579
GATATTTCCTACATGG-1,Skin,92.0,80,5.4347825
GATCATTCCAAACATT-1,Skin,176.0,156,3.409091
GATCCCTTTATACTGC-1,Skin,255.0,219,3.529412
GATCCGGGAATTAACA-1,Skin,3495.0,1438,13.304721
GATCGCGGGCTCTCCA-1,Skin,127.0,112,3.1496062
GATCGCTACCCGATTT-1,Skin,24069.0,5275,5.047987
GATCGGTGGCCATAAC-1,Skin,366.0,294,3.5519128
GATCGTGACTGATATC-1,Skin,2282.0,1128,8.106924
GATCTTGGAGGGCATA-1,Skin,766.0,524,6.2663183
GATGCGTCCTGCATTC-1,Skin,168.0,156,1.7857144
GATGCTGTATTTCATC-1,Skin,148.0,127,2.027027
GATGGTGCCCTAGGCA-1,Skin,161.0,143,1.242236
GATTCCCTTGTCGCAG-1,Skin,797.0,539,3.136763
GATTCCGCGTTTCCGT-1,Skin,228.0,186,4.824561
GATTCGACGGTTCACG-1,Skin,4614.0,1585,9.081058
GCAAACCCTACATTAT-1,Skin,48859.0,7487,3.9173949
GCAGATCCATAAGACT-1,Skin,1894.0,1016,4.223865
GCAGATTAGGGATATC-1,Skin,183.0,157,4.3715844
GCATAGAGCACTCAGG-1,Skin,149.0,134,3.3557045
GCATGAGGGACGCGGC-1,Skin,401.0,243,13.216957
GCCAGGAGTAACCGAT-1,Skin,453.0,338,4.1942606
GCCATATTGCACACAG-1,Skin,336.0,260,5.059524
GCCATCGAGCTGCGTG-1,Skin,28042.0,6052,5.4596677
GCCCGATCTGTGGTCG-1,Skin,861.0,579,3.7166085
GCCCGCGCGTAAACGG-1,Skin,25666.0,5315,8.411906
GCCCGTAATACCTTCT-1,Skin,276.0,225,4.347826
GCCGATTGGCCAAGCT-1,Skin,143.0,123,2.7972028
GCCGGGTTAGGGTCGC-1,Skin,195.0,131,6.666667
GCCTATAGTGTCAGGG-1,Skin,311.0,135,12.540193
GCCTCTATACATAGCA-1,Skin,10909.0,3634,4.3358693
GCGAAACTTAACTGGA-1,Skin,1212.0,811,3.1353135
GCGAAGCCATACCCGT-1,Skin,593.0,440,2.0236087
GCGACGATAGTTGTAC-1,Skin,396.0,300,5.555556
GCGAGTTCTGCAAAGA-1,Skin,82.0,73,4.8780484
GCGATTCTGGAAGCAG-1,Skin,82.0,75,2.4390242
GCGATTGTTAACGTTA-1,Skin,1969.0,993,11.223972
GCGCCGTTCCACGATA-1,Skin,1512.0,875,4.3650794
GCGCTAATTGAATAGA-1,Skin,680.0,448,3.2352943
GCGCTATGCCGAGGCA-1,Skin,70.0,43,1.4285715
GCGCTGATCCAGACTC-1,Skin,255.0,194,5.490196
GCGGACCGCGTTGTGG-1,Skin,30733.0,5976,4.1160965
GCGGAGAGGGAGAACG-1,Skin,597.0,422,4.6901174
GCGGTTCCCTATCATG-1,Skin,235.0,198,2.9787235
GCGTCGAAATGTCGGT-1,Skin,46.0,42,4.347826
GCGTCGCCAGGGTGAT-1,Skin,8314.0,3033,5.580948
GCTAAGTAGTTTCTCT-1,Skin,3474.0,1692,7.0523896
GCTACGACTTATTGGG-1,Skin,3615.0,1501,9.349931
GCTACTATAGTAGAGT-1,Skin,3263.0,1573,4.5050564
GCTAGCTTGAATAGCT-1,Skin,30219.0,6055,5.4799957
GCTAGGCACCACGGAG-1,Skin,6217.0,2371,4.889818
GCTAGTAGAGCTTGTA-1,Skin,3585.0,1625,5.4951186
GCTATACGTCTCGGAC-1,Skin,1499.0,932,4.06938
GCTATCATACTCATGG-1,Skin,15600.0,4329,4.1025643
GCTCGGAATTTAAAGC-1,Skin,986.0,641,4.462475
GCTCTCGGGTACCGAA-1,Skin,722.0,434,15.512465
GCTGAGGCGTGAGTAT-1,Skin,3876.0,1756,5.366357
GCTGCACGGTTTCTTA-1,Skin,2930.0,1270,12.354949
GCTGCTACTGCGTAGC-1,Skin,654.0,474,3.058104
GCTGCTCTCCGGACAC-1,Skin,141.0,126,2.8368793
GCTGGCGGCGCATGCT-1,Skin,6266.0,2491,4.9952126
GCTTAATGTAACTAAC-1,Skin,1997.0,1167,3.4051075
GCTTATGAAGCAGGAA-1,Skin,3487.0,1326,22.999712
GCTTCCGTCCCTAGAC-1,Skin,772.0,516,3.3678756
GGAAAGTGCCCATGCC-1,Skin,343.0,275,4.9562683
GGAACCGTGTAAATTG-1,Skin,581.0,420,3.958692
GGAAGCTCGCTTACAG-1,Skin,271.0,211,3.6900368
GGAATGCGCTAGCGTG-1,Skin,95.0,71,26.31579
GGACCAACAGGATAAC-1,Skin,1879.0,1021,3.3528473
GGAGACGACACCTTTG-1,Skin,5990.0,2022,8.330551
GGAGCACCAAGAACTA-1,Skin,76.0,71,3.9473681
GGAGGGCTTGGTTGGC-1,Skin,276.0,224,4.347826
GGATCCGGAATATACT-1,Skin,2583.0,1256,9.252807
GGATGTCCTTACCGCA-1,Skin,16109.0,3375,29.7908
GGATTCCGCTATACCC-1,Skin,330.0,278,2.7272727
GGATTTCACTTCTATA-1,Skin,112.0,85,23.214285
GGCAAATTACTTTACT-1,Skin,238.0,194,2.9411764
GGCAAGGCGAAATAGC-1,Skin,519.0,395,4.8169556
GGCAATAGTCAATGAG-1,Skin,1188.0,748,2.777778
GGCATATCGGTTCTGC-1,Skin,286.0,219,4.5454545
GGCGAAATCTAACTTG-1,Skin,52510.0,8493,1.9729575
GGCGCATGAATTGATG-1,Skin,202.0,169,4.9504952
GGCGCGTTCGAGTTTA-1,Skin,1956.0,968,9.509202
GGCGGTAGGATCATTG-1,Skin,326.0,251,2.1472392
GGCTCTGCTCCAACGC-1,Skin,735.0,481,1.3605442
GGCTGAAATAGCAAAG-1,Skin,1346.0,832,3.640416
GGGACTGCATAGATAG-1,Skin,274.0,227,2.189781
GGGAGAACTCACAGTA-1,Skin,594.0,430,3.030303
GGGAGGATGCCCGAAA-1,Skin,85.0,76,3.529412
GGGAGTTAATGAGGCG-1,Skin,224.0,187,4.910714
GGGATTTACCGCACCT-1,Skin,10627.0,3418,5.909476
GGGCCCGTCTTAAACA-1,Skin,203.0,179,3.4482758
GGGCCGGCCGAAGTAC-1,Skin,1762.0,773,19.863792
GGGCGATATGTGTGAA-1,Skin,153.0,132,5.882353
GGGCGGCAAATGAATT-1,Skin,976.0,607,7.4795084
GGGCGTCACCACGTAA-1,Skin,250.0,212,1.2
GGGCGTCCACTGGCTC-1,Skin,256.0,202,4.6875
GGGCTCATCGAACCCA-1,Skin,163.0,144,4.2944784
GGGCTGCCTAGGGCGA-1,Skin,249.0,205,2.008032
GGGTCACCGTGACGGT-1,Skin,488.0,303,19.877048
GGGTGACACCTTAACT-1,Skin,457.0,326,3.2822757
GGGTGTTTCAGCTATG-1,Skin,153.0,136,1.9607844
GGGTTAACATTTGAGT-1,Skin,13123.0,3952,4.968376
GGTAAATGTGCGTTAC-1,Skin,2382.0,1242,4.282116
GGTACAAACATGCTAT-1,Skin,102.0,97,1.9607844
GGTAGAAGACCGCCTG-1,Skin,964.0,634,6.0165977
GGTAGACCGTTGGGCG-1,Skin,6238.0,2592,4.8092337
GGTAGTGCTCGCACCA-1,Skin,829.0,545,2.8950543
GGTATTGCCGAGTTTA-1,Skin,123.0,102,5.691057
GGTCAGTGGGTCCCAC-1,Skin,429.0,309,4.6620045
GGTCGGCCAGGAGCTT-1,Skin,99.0,79,19.19192
GGTCTGAGAATCTGGA-1,Skin,686.0,457,4.6647234
GGTGATAAGGAGCAGT-1,Skin,1308.0,818,7.64526
GGTGGACTGCTCTGGC-1,Skin,12925.0,3985,4.1083174
GGTTAGCTATATGTCT-1,Skin,46934.0,7450,3.2662888
GGTTTACAATCTCAAT-1,Skin,180.0,157,1.6666667
GGTTTCAATCGGTCAG-1,Skin,7307.0,2204,18.133297
GTAAGTAACAGTCTGG-1,Skin,1301.0,824,3.8431976
GTAATCTGATTCTTCG-1,Skin,1942.0,1064,4.8403707
GTACACTTACCTGAAG-1,Skin,627.0,404,2.7113237
GTACAGAGGCAAGGGT-1,Skin,26142.0,3945,11.823885
GTACGCTTCATTGCAC-1,Skin,462.0,321,8.008658
GTACGTTTGCCCGTCA-1,Skin,3447.0,1343,9.660574
GTACTGGAGTTAGACC-1,Skin,987.0,621,5.4711246
GTAGCCAAACATGGGA-1,Skin,895.0,591,4.5810056
GTAGCGGCTATACACT-1,Skin,174.0,150,4.597701
GTAGCTTCCTCTTGTT-1,Skin,1597.0,646,11.458985
GTAGGTGATCCGTGTA-1,Skin,325.0,235,3.3846154
GTAGTCGCGGGAATCA-1,Skin,41281.0,6684,5.58126
GTATCTTTCATAACCA-1,Skin,328.0,249,6.097561
GTATTCTGAGAAACGA-1,Skin,91.0,81,7.692308
GTCAAGCGGACTCGGG-1,Skin,450.0,329,4.4444447
GTCATGCACCTCCGTT-1,Skin,392.0,296,3.3163264
GTCATGGACATGACTA-1,Skin,1446.0,846,9.197787
GTCATTAGAGCGAACG-1,Skin,559.0,363,4.11449
GTCCCAACGTAAAGTA-1,Skin,145.0,121,2.7586207
GTCCGGACCTGAAATT-1,Skin,37157.0,7127,4.077294
GTCCTACGAATAGTCT-1,Skin,21511.0,5315,4.6906233
GTCCTTCTAGTGGGTT-1,Skin,257.0,213,5.836576
GTCGCGTAACCCGTTG-1,Skin,2331.0,1203,10.939511
GTCGGATGTAGCGCGC-1,Skin,273.0,205,6.227106
GTCGTACCATCTCGGG-1,Skin,3482.0,1585,7.955198
GTCGTTATTCGCTTAT-1,Skin,622.0,435,5.948553
GTCTATTGGTTCCGGT-1,Skin,2201.0,1206,4.9977283
GTCTCGATCTGCTTTC-1,Skin,148.0,130,1.3513514
GTCTTAGTACAGCCGG-1,Skin,695.0,465,4.172662
GTGAAACGGCGCCACC-1,Skin,222.0,189,1.8018018
GTGACCGCACACTACG-1,Skin,3033.0,1386,8.572371
GTGACTTCAGTAGTGC-1,Skin,359.0,282,1.9498607
GTGAGGACACTTAAGG-1,Skin,519.0,380,2.3121386
GTGAGGAGCGGTTGAG-1,Skin,116.0,98,1.7241379
GTGAGTGGTACAACGC-1,Skin,1419.0,905,4.4397464
GTGATCATAGATCTGC-1,Skin,591.0,370,2.3688662
GTGATTCGCCGCTCAA-1,Skin,503.0,308,6.9582505
GTGCAACAAATGTGGC-1,Skin,82.0,69,8.536586
GTGCACGAAAGTGACT-1,Skin,357.0,270,2.8011205
GTGCCCGTTCGGATTC-1,Skin,3603.0,1805,6.4668336
GTGCGTGTATATGAGC-1,Skin,2487.0,1351,5.6694813
GTGCTCAAGTACTGTC-1,Skin,127.0,75,1.5748031
GTGGAACCTACATGCG-1,Skin,419.0,298,3.3412888
GTGGACGCATTTGTCC-1,Skin,1401.0,776,4.1399
GTGGTGGCCAAGTGAA-1,Skin,1530.0,913,4.771242
GTGTACCTTGGCTACG-1,Skin,134.0,124,2.9850745
GTGTCGTATAGCGTTC-1,Skin,22317.0,5516,4.4136753
GTGTGAATAACTTAGG-1,Skin,470.0,338,12.765958
GTGTTACTATGCGTCC-1,Skin,272.0,226,5.514706
GTTAAAGTAGGACTGG-1,Skin,3634.0,1629,3.9900937
GTTAACATCACTTAAA-1,Skin,13825.0,4145,5.0994577
GTTACCTACAACTTGC-1,Skin,846.0,581,5.0827427
GTTACTTTGGGCCTAG-1,Skin,351.0,287,3.4188037
GTTATATTATCTCCCT-1,Skin,193.0,165,3.1088083
GTTCGCCATAAGTGCC-1,Skin,86.0,79,1.1627907
GTTCGTCTAAAGAACT-1,Skin,2622.0,1409,3.928299
GTTGAGTCCCGCCGGT-1,Skin,22621.0,4820,5.388798
GTTGGATTGAGAACAC-1,Skin,16318.0,3764,9.112636
GTTGGATTTGCGTTGG-1,Skin,69.0,56,2.8985507
GTTGGTCATGCTATCC-1,Skin,15746.0,4676,3.4929507
GTTTACGTTCCATCTG-1,Skin,223.0,185,5.8295965
GTTTCTGCAGTCTCCC-1,Skin,3349.0,1339,10.0328455
GTTTGACCAAATCCTA-1,Skin,951.0,641,2.208202
GTTTGGCCCAAGTTAT-1,Skin,1360.0,889,3.897059
GTTTGGGCTTGTGAGC-1,Skin,780.0,546,3.846154
GTTTGGTAGGGTCAAC-1,Skin,13247.0,4408,3.0120027
TAAAGCGTTAGGAGAA-1,Skin,220.0,188,5.909091
TAACATACAATGTGGG-1,Skin,259.0,215,1.5444015
TAACTCATCCGCGCGG-1,Skin,99.0,76,6.060606
TAAGGCAACATAAGAT-1,Skin,224.0,193,2.232143
TAATAAACAAGGAGAT-1,Skin,57.0,52,3.508772
TAATAGTGACGACCAG-1,Skin,98.0,88,5.102041
TACAACGCACAACTCA-1,Skin,195.0,77,1.5384616
TACATAGGCATACACC-1,Skin,421.0,314,3.8004751
TACATTTCTAACGTGC-1,Skin,78.0,74,2.5641026
TACCAATAAAGTACCA-1,Skin,22328.0,5281,4.1248655
TACCAGAAGTAGGTTC-1,Skin,726.0,485,4.132231
TACCGGCTCACTGCCC-1,Skin,285.0,235,6.666667
TACCGTGCCTCGGACC-1,Skin,3883.0,1715,3.4509401
TACGACGCTTGCTGCG-1,Skin,130.0,116,4.6153846
TACGACTGCCTCTTAG-1,Skin,4888.0,1769,11.415711
TACGCAGTTCTTTCCT-1,Skin,109.0,99,7.3394494
TACGCCATATTCTAAT-1,Skin,1140.0,645,4.736842
TACGGGATGCTAGCAG-1,Skin,208.0,190,2.8846154
TACTCTCCGAACAAAT-1,Skin,464.0,355,2.586207
TACTTGTTAGTAGTCC-1,Skin,429.0,283,9.557109
TAGAAAGGTGGCGCTA-1,Skin,503.0,356,8.3499
TAGAATTAAGGGCAAC-1,Skin,143.0,125,4.195804
TAGACGCCCGTACCGG-1,Skin,2042.0,788,19.049952
TAGATATGGACTGGAA-1,Skin,462.0,352,3.8961039
TAGCCATTTCAAAGTC-1,Skin,43202.0,7402,3.7938058
TAGCCGGCGGTCAGCG-1,Skin,1149.0,636,12.358572
TAGCGTCCGGTGTGGT-1,Skin,9901.0,3294,5.857994
TAGCGTTGGGTCTTAC-1,Skin,238.0,198,2.9411764
TAGCTAAGTCCGGGAG-1,Skin,235.0,195,8.085106
TAGCTAGAAGGCATGA-1,Skin,557.0,414,3.2315977
TAGCTCGCCTGATAAC-1,Skin,545.0,406,4.587156
TAGGCATGTTACGCCA-1,Skin,387.0,313,2.3255813
TAGGTGCTCGCCTAGC-1,Skin,2223.0,1322,4.723347
TAGGTTCGAGTTCGTC-1,Skin,107.0,91,2.803738
TAGTCCGCAGAGAATG-1,Skin,189.0,178,2.6455026
TAGTCGATCACGGGTT-1,Skin,9576.0,2917,9.461153
TAGTTAAGATAGGATA-1,Skin,351.0,255,5.1282053
TATACACAGACGCCTT-1,Skin,406.0,308,3.4482758
TATCCAATTGGTTATC-1,Skin,5096.0,2027,3.7284143
TATCGATCTATGCATA-1,Skin,222.0,189,0.9009009
TATCTACCACAGCGGG-1,Skin,165.0,151,3.6363635
TATGCTCCCTACTTAC-1,Skin,990.0,574,12.626262
TATGGGACCGAGCAGG-1,Skin,688.0,497,1.7441862
TATGGGTACGTATCGT-1,Skin,212.0,180,1.4150944
TATGGTCTGAGTAACA-1,Skin,93.0,87,4.3010755
TATGTCAAGACCGACT-1,Skin,71.0,43,2.8169014
TATGTCTCATTGTGCC-1,Skin,157.0,136,7.0063696
TATTCAATTCTAATCC-1,Skin,513.0,379,3.3138402
TATTCCACTCAGCTCG-1,Skin,532.0,404,3.5714288
TATTCCGAGCTGTTAT-1,Skin,10784.0,3656,5.016691
TATTCGTGCCAGAATA-1,Skin,199.0,169,3.0150754
TATTTATACCGAGTAG-1,Skin,163.0,137,6.134969
TCAAACTTAGATTGTT-1,Skin,161.0,137,4.968944
TCAACGAGGAGACAAA-1,Skin,258.0,189,4.263566
TCACAGCAAACTCGAA-1,Skin,582.0,396,7.2164946
TCACAGGGAATCGCAA-1,Skin,635.0,453,3.1496062
TCACCCTCTTAAGATT-1,Skin,133.0,116,6.0150375
TCACGTGCCCGATTCA-1,Skin,886.0,524,1.8058691
TCAGACGCTATAGAAG-1,Skin,1045.0,640,3.3492823
TCAGCAAATGCATCTC-1,Skin,1269.0,759,5.910166
TCAGGGTGTAACGTAA-1,Skin,169.0,148,1.183432
TCAGTAGGGACTATAA-1,Skin,386.0,122,1.8134716
TCATCCCAGAGGGTGG-1,Skin,182.0,151,4.945055
TCATGCAGGTTCTCAT-1,Skin,378.0,288,3.4391534
TCCACTTTATCTAGGT-1,Skin,433.0,336,3.4642034
TCCAGAGCACCGGTTC-1,Skin,4590.0,1764,9.281046
TCCAGGCGAGTACGGT-1,Skin,160.0,141,1.8750001
TCCCAAAGACGAAGGA-1,Skin,840.0,553,7.857143
TCCCAGCTTTAGTCTG-1,Skin,167.0,151,3.5928144
TCCCGCGTACTCCTGG-1,Skin,144.0,130,2.777778
TCCCGTCAGTCCCGCA-1,Skin,89.0,84,1.1235955
TCCCGTGTGCAATTTG-1,Skin,406.0,320,4.4334974
TCCCTTAGATTACTCG-1,Skin,238.0,186,2.1008403
TCCGATGACTGAGCTC-1,Skin,1116.0,671,1.7921147
TCCGCCTGTCTACAAG-1,Skin,2552.0,1289,3.9576802
TCCGCGGCAGCATCTG-1,Skin,576.0,399,8.680555
TCCGCTGTCATCCCGG-1,Skin,1809.0,991,4.201216
TCCGCTTATCCCATTA-1,Skin,313.0,256,4.4728436
TCCGGTTCGTCCGGTC-1,Skin,277.0,226,1.4440433
TCCGTTTAGCCTTGAA-1,Skin,325.0,244,6.769231
TCCTAAATTGGGAAGC-1,Skin,15510.0,4496,4.1328177
TCCTACATCCACGGCC-1,Skin,25399.0,5666,2.783574
TCCTCGGGCTGGGCTT-1,Skin,408.0,315,5.6372547
TCCTTACGACGGTCCG-1,Skin,3949.0,1819,6.2294254
TCCTTCAGTGGTCGAA-1,Skin,181.0,157,7.734807
TCCTTTCTTACGCTTA-1,Skin,177.0,151,2.259887
TCGAGACCAACACCGT-1,Skin,159.0,135,3.7735848
TCGCAAAGATGCATTT-1,Skin,3570.0,1596,5.3781514
TCGCACCAGGAGGCAG-1,Skin,17103.0,4164,5.069286
TCGCTAAACCGCTATC-1,Skin,180.0,154,2.777778
TCGCTCGATATATTCC-1,Skin,76.0,71,2.631579
TCGCTGGGCGGATTGT-1,Skin,900.0,572,4.111111
TCGCTTTAAACGTTTG-1,Skin,264.0,202,1.8939395
TCGGACGCCCAGCCCA-1,Skin,464.0,355,6.465517
TCGGAGTACATGAGTA-1,Skin,421.0,323,3.8004751
TCGGGCCGTCGTGGTA-1,Skin,1310.0,827,5.7251906
TCGTAAGACGACATTG-1,Skin,163.0,135,4.2944784
TCGTCTTAGGCGTTAA-1,Skin,1820.0,976,3.6263738
TCGTGTACTATGGATG-1,Skin,32.0,31,0.0
TCGTTAGGAGTCCCTA-1,Skin,1739.0,938,4.5428405
TCTACCGTCCACAAGC-1,Skin,196.0,163,2.0408163
TCTAGCATGCCCAGAA-1,Skin,644.0,453,6.0559006
TCTAGTTATCAGAAGA-1,Skin,88.0,71,3.409091
TCTCATGAGATAGGGT-1,Skin,3779.0,1747,5.5041018
TCTCCAACGTAGGTTA-1,Skin,572.0,419,3.3216782
TCTCCCTGGGCAGCGT-1,Skin,16477.0,4353,4.327244
TCTGATGTATTCTGTC-1,Skin,23142.0,5200,3.919281
TCTGCCAGAAACTGCA-1,Skin,337.0,265,1.7804155
TCTGTGCCATCATAGT-1,Skin,3489.0,1580,5.3310404
TCTTACCGGAACTCGT-1,Skin,91.0,75,3.2967036
TCTTCGAATAGACGTT-1,Skin,3456.0,1365,12.239584
TCTTCGATACCAATAA-1,Skin,420.0,326,4.7619047
TCTTGATGCGTAGCGA-1,Skin,174.0,155,5.172414
TGAAACTTATGCAAGC-1,Skin,161.0,138,6.832298
TGAAAGGACCTGACTC-1,Skin,323.0,252,5.882353
TGACTATAATCCTTTC-1,Skin,624.0,437,6.7307696
TGAGAGATTTACCACG-1,Skin,1313.0,748,5.8644323
TGAGCGGAAAGTGTTC-1,Skin,28759.0,6040,5.462638
TGAGCTTTAATGACGC-1,Skin,123.0,108,1.6260161
TGAGTAAATTAGCGTA-1,Skin,457.0,329,6.345733
TGAGTGGTCCGTGACG-1,Skin,1312.0,782,4.4207315
TGATTCTGTCGCCGGT-1,Skin,578.0,346,7.4394464
TGCAAGAATGACGTAA-1,Skin,668.0,474,1.6467067
TGCAGGATCGGCAAAG-1,Skin,573.0,432,2.443281
TGCAGTTTCCTCCCAT-1,Skin,3228.0,1475,6.257745
TGCATATGTCTGTCAC-1,Skin,330.0,248,6.969697
TGCATGGATCGGATCT-1,Skin,963.0,593,6.542056
TGCATGTGGTAATCTA-1,Skin,131.0,117,3.053435
TGCCAATGGGTACTCT-1,Skin,15283.0,4331,5.548649
TGCCACCTGGCGAAAC-1,Skin,490.0,377,1.632653
TGCCAGTACGTGGAGA-1,Skin,1657.0,849,2.7761014
TGCCATTACTAAAGAA-1,Skin,138.0,118,5.0724635
TGCCCGTACCGTTAAA-1,Skin,3183.0,1327,8.136978
TGCCTGATCAAACGAT-1,Skin,120.0,106,4.166667
TGCCTTGGCCAGGCAA-1,Skin,32159.0,5801,5.1960573
TGCGACACCCTAGTGC-1,Skin,188.0,142,5.319149
TGCGAGAATATTACCC-1,Skin,1375.0,680,8.072727
TGCGCAAAGCATTTGG-1,Skin,339.0,267,2.3598819
TGCGTTTGTTGACACT-1,Skin,345.0,295,2.8985507
TGCTAAGTGTCTATTT-1,Skin,2515.0,1329,5.2882705
TGCTGTTGAAGAACTC-1,Skin,214.0,175,0.93457943
TGGAAGGATAAAGATG-1,Skin,148.0,122,2.7027028
TGGACTGTTCGCTCAA-1,Skin,2672.0,1354,8.532934
TGGCAAACTAAATTAC-1,Skin,1350.0,821,3.7037036
TGGCAACTCGCGCGCC-1,Skin,194.0,164,1.0309278
TGGCAGATTACGATCA-1,Skin,575.0,388,4.0
TGGCAGCAGTAATAGT-1,Skin,1112.0,671,2.6079137
TGGCCAAACTGAAGTA-1,Skin,715.0,485,3.4965034
TGGCGATCAAGTTATG-1,Skin,321.0,259,4.0498443
TGGGCACGTTCTATGG-1,Skin,228.0,183,4.385965
TGGGCCACAAGAGCGC-1,Skin,284.0,244,2.8169014
TGGGCCCATACTAATT-1,Skin,1988.0,1091,4.4265594
TGGGTAAGGTTCCCGC-1,Skin,212.0,166,4.7169814
TGGTCCCACGCTACGG-1,Skin,1186.0,760,3.9629004
TGGTTCAACGGGTAAT-1,Skin,420.0,327,4.7619047
TGTACGAACAAATCCG-1,Skin,236.0,214,1.6949153
TGTAGGAGAAATTTCC-1,Skin,1237.0,677,12.691997
TGTATAACAGATCCTG-1,Skin,919.0,593,5.114255
TGTGACTACGCCAGTC-1,Skin,116.0,105,0.86206895
TGTGGCAAAGCGTATG-1,Skin,2468.0,1332,9.52188
TGTTATTGTATGTGGC-1,Skin,32011.0,6842,1.9618256
TGTTCGTATTGCGGTG-1,Skin,463.0,346,4.9676027
TGTTGTCAAGAAGTCT-1,Skin,102.0,94,4.901961
TTAAGCCGACAACTTC-1,Skin,198.0,153,6.060606
TTAATCAGTACGTCAG-1,Skin,153.0,138,1.3071896
TTAATGTAGACCAGGT-1,Skin,225.0,187,4.0
TTAATTTCAGACGCGG-1,Skin,185.0,152,2.7027028
TTACCCATTGCCGGGT-1,Skin,708.0,474,3.3898306
TTACTAAAGGACTTTA-1,Skin,1788.0,1047,3.52349
TTACTCCGGCCGGGAA-1,Skin,2807.0,1435,5.0231566
TTACTGGGATATTTCA-1,Skin,112.0,102,2.6785715
TTAGAAGAACATGACT-1,Skin,1055.0,696,5.876777
TTAGACACGATCGTTG-1,Skin,380.0,273,5.0
TTAGACGAGTCACCTC-1,Skin,1129.0,706,3.6315322
TTAGAGTTTAGAAGGA-1,Skin,4776.0,1989,3.9154105
TTAGTTATTCGTGGCA-1,Skin,850.0,564,3.0588236
TTATATACGCTGTCAC-1,Skin,3245.0,1455,9.799692
TTATATTTGGCAATCC-1,Skin,930.0,666,2.580645
TTATCCGGGATCTATA-1,Skin,1163.0,748,3.267412
TTATGAATGAAAGGGA-1,Skin,224.0,180,1.7857144
TTATGATCTTAACGAA-1,Skin,4892.0,1865,7.461161
TTATTAGAGCGTGTTC-1,Skin,313.0,242,4.4728436
TTCAAAGTCTCTAGCC-1,Skin,496.0,356,3.6290321
TTCAAGCCGAGCTGAG-1,Skin,256.0,191,4.6875
TTCAATACTCTGAATC-1,Skin,451.0,287,11.751663
TTCACGAAAGGATCAC-1,Skin,94.0,84,0.0
TTCACTCGAGCACCTA-1,Skin,33273.0,6931,3.308989
TTCAGCCCTGGTCCAC-1,Skin,2171.0,1112,3.5467527
TTCATGGCGCAACAGG-1,Skin,113.0,101,1.7699115
TTCCAATCTGGCTATC-1,Skin,451.0,272,4.43459
TTCCACACAGATTTGA-1,Skin,2084.0,1089,4.894434
TTCCGCGTGAGGCGAT-1,Skin,1071.0,641,6.349207
TTCCGGTTACCCACTT-1,Skin,30126.0,6296,3.1036313
TTCCTCGGACTAACCA-1,Skin,1417.0,860,3.0345802
TTCGACAGAGCCCGTG-1,Skin,653.0,478,3.9816234
TTCGGCAACCCGCTGA-1,Skin,131.0,107,5.343511
TTCGGGACTAATCGCG-1,Skin,232.0,200,4.7413793
TTCGTAATCCCAGCGG-1,Skin,113.0,108,1.7699115
TTCTAACCGAAGCTTA-1,Skin,6530.0,2108,17.65697
TTCTGACCGGGCTCAA-1,Skin,1481.0,915,3.3760972
TTCTGCCGCGCCTAGA-1,Skin,2293.0,1074,8.3296995
TTCTGCGGGTTAGCGG-1,Skin,490.0,389,4.4897957
TTCTTGGAGTAATGAG-1,Skin,245.0,199,0.8163265
TTGAATATGGACTTTC-1,Skin,761.0,510,3.5479631
TTGACCATGTTCTCCG-1,Skin,646.0,386,2.9411764
TTGAGAAGTTTAGCAT-1,Skin,2392.0,1219,4.0551844
TTGATGTGTAGTCCCG-1,Skin,279.0,204,4.3010755
TTGCACAATTCAGAAA-1,Skin,462.0,316,4.112554
TTGCGGCATCAGAAAG-1,Skin,7785.0,2725,5.0738597
TTGCGTCGGCCAACCG-1,Skin,2016.0,944,6.6964283
TTGCTCCCATACCGGA-1,Skin,99.0,88,1.010101
TTGCTGATCATGTTCG-1,Skin,1482.0,1009,3.0364373
TTGGATATCGTCTACG-1,Skin,674.0,447,4.302671
TTGGCCTAGAATTTCG-1,Skin,633.0,418,9.00474
TTGGGACACTGCCCGC-1,Skin,835.0,577,3.473054
TTGGGCGGCGGTTGCC-1,Skin,301.0,237,2.9900334
TTGGTCACACTCGTAA-1,Skin,160.0,121,1.8750001
TTGTAAGGCCAGTTGG-1,Skin,94.0,82,2.1276596
TTGTAATCCGTACTCG-1,Skin,122.0,111,3.2786884
TTGTATCACACAGAAT-1,Skin,360.0,280,6.666667
TTGTGTTTCCCGAAAG-1,Skin,1858.0,1027,3.5522065
TTGTTCAGTGTGCTAC-1,Skin,1023.0,540,15.444771
TTGTTGTGTGTCAAGA-1,Skin,236.0,201,2.9661016
AAACAGAGCGACTCCT-1,Wound1,17717.0,3988,3.4373765
AAACAGTGTTCCTGGG-1,Wound1,281.0,234,6.7615657
AAACCGTTCGTCCAGG-1-1,Wound1,1035.0,666,7.5362315
AAACGAGACGGTTGAT-1-1,Wound1,785.0,601,3.6942675
AAACTCGGTTCGCAAT-1,Wound1,1867.0,1018,8.248528
AAACTGCTGGCTCCAA-1-1,Wound1,4627.0,2280,4.387292
AAAGGCTACGGACCAT-1,Wound1,1279.0,831,6.0985146
AAAGGCTCTCGCGCCG-1,Wound1,785.0,568,5.7324843
AAAGGGATGTAGCAAG-1,Wound1,800.0,602,3.125
AAAGTGTGATTTATCT-1,Wound1,575.0,397,13.043478
AAAGTTGACTCCCGTA-1,Wound1,907.0,542,12.238148
AAATAACCATACGGGA-1-1,Wound1,2480.0,1234,9.556452
AAATACCTATAAGCAT-1-1,Wound1,1860.0,1180,3.387097
AAATAGGGTGCTATTG-1-1,Wound1,5565.0,2159,4.6900268
AAATCGTGTACCACAA-1-1,Wound1,689.0,530,3.4833093
AAATGGTCAATGTGCC-1,Wound1,2258.0,1475,2.125775
AAATTAACGGGTAGCT-1-1,Wound1,466.0,372,4.2918453
AAATTACACGACTCTG-1-1,Wound1,1369.0,792,7.5967865
AAATTACCTATCGATG-1,Wound1,1976.0,1173,3.2894738
AACAACTGGTAGTTGC-1,Wound1,454.0,317,4.4052863
AACAATACATTGTCGA-1,Wound1,897.0,618,5.462653
AACACACGCTCGCCGC-1-1,Wound1,1535.0,914,7.1661243
AACAGCTGTGTGGCAA-1,Wound1,309.0,240,10.032363
AACAGGATGGGCCGCG-1,Wound1,209.0,176,6.6985645
AACATATCAACTGGTG-1,Wound1,478.0,373,4.3933053
AACATTGTGACTCGAG-1,Wound1,517.0,379,10.638298
AACCATGGGATCGCTA-1,Wound1,5491.0,2519,3.5148423
AACCCAGAGACGGAGA-1,Wound1,13054.0,3977,2.750115
AACCCGCTGTATTCCA-1,Wound1,306.0,243,8.496733
AACCCTACTGTCAATA-1,Wound1,286.0,224,9.79021
AACCGAGCTTGGTCAT-1-1,Wound1,2136.0,1317,3.5580523
AACCGCTAAGGGATGC-1-1,Wound1,673.0,479,6.092125
AACCTTTAAATACGGT-1-1,Wound1,2007.0,1213,4.3348284
AACCTTTACGACGTCT-1,Wound1,11589.0,3596,4.2195187
AACGATAATGCCGTAG-1-1,Wound1,1377.0,839,5.0108933
AACGATATGTCAACTG-1-1,Wound1,67943.0,7671,9.384337
AACGCATGATCTGGGT-1,Wound1,890.0,624,3.8202248
AACGCGGTCTCCAGCC-1,Wound1,3771.0,1908,6.5234685
AACGGACGTACGTATA-1-1,Wound1,2582.0,1248,10.921766
AACGTCAGACTAGTGG-1,Wound1,331.0,272,4.531722
AACGTGCGAAAGTCTC-1-1,Wound1,1927.0,1262,1.7644007
AACTAGGCTTGGGTGT-1-1,Wound1,2116.0,1260,5.1984878
AACTCAAGTTAATTGC-1,Wound1,4842.0,2384,4.0892196
AACTCCAGAGCGTGTT-1,Wound1,232.0,200,6.8965516
AACTCGATGGCGCAGT-1,Wound1,41482.0,6313,3.3484404
AACTCTCAATAGAGCG-1,Wound1,654.0,472,7.64526
AACTCTCAGTGTGCTC-1,Wound1,1310.0,847,7.7862597
AACTGGGTCCCGACGT-1,Wound1,1071.0,672,10.830999
AAGAAGGATCAGTTAG-1,Wound1,1491.0,852,4.3594904
AAGACCCAACTGAACA-1,Wound1,709.0,525,3.526093
AAGACTGCAAGCTACT-1-1,Wound1,266.0,231,3.0075188
AAGAGCTCTTTATCGG-1-1,Wound1,644.0,501,3.10559
AAGAGGCATGGATCGC-1-1,Wound1,1654.0,1089,3.0229745
AAGATGGCACCGGACC-1,Wound1,1913.0,1109,9.043387
AAGATTGGCGGAACGT-1-1,Wound1,1140.0,799,2.5438595
AAGCACCCTGCGTATC-1,Wound1,1339.0,839,4.2569084
AAGCATACTCTCCTGA-1-1,Wound1,1426.0,904,4.2777
AAGCGCAGGGCTTTGA-1,Wound1,2749.0,1516,8.512186
AAGCGTCCCTCATCGA-1,Wound1,961.0,670,6.65973
AAGCTAGATCGAGTAA-1-1,Wound1,15000.0,4005,4.2533336
AAGCTCGTGCCAAGTC-1-1,Wound1,450.0,367,4.0
AAGCTCTTTCATGGTG-1,Wound1,935.0,592,5.561497
AAGGAGCGGTTGGTGC-1,Wound1,540.0,435,4.259259
AAGGATGAGGGACCTC-1-1,Wound1,1449.0,992,3.243616
AAGGCGCGTAAAGCTT-1,Wound1,704.0,530,3.2670453
AAGGCTGTGCTCATCG-1,Wound1,704.0,554,5.1136365
AAGGGACAGATTCTGT-1-1,Wound1,1254.0,847,2.3125997
AAGGTATCCTAATATA-1-1,Wound1,8061.0,3148,4.9993796
AAGGTGATAAACCAGC-1,Wound1,856.0,599,6.191589
AAGTAGAAGACCGGGT-1,Wound1,441.0,353,4.7619047
AAGTAGTGACGCGAGG-1,Wound1,533.0,381,12.570355
AAGTGAGTCGGGTTTA-1,Wound1,358.0,294,4.1899443
AAGTGTTTGGAGACGG-1-1,Wound1,3747.0,1619,4.136643
AAGTTCACTCCAAGCT-1,Wound1,1082.0,510,3.8817008
AAGTTCAGTCTGCGTA-1,Wound1,1241.0,779,3.9484289
AAGTTTATGGGCCCAA-1,Wound1,4681.0,2086,9.164708
AATAACACTAGAACAA-1,Wound1,429.0,338,6.9930067
AATAGAACAGAGTGGC-1-1,Wound1,2203.0,1270,5.901044
AATAGAATCTGTTTCA-1-1,Wound1,10912.0,3330,4.967009
AATAGTCCGTCCCGAC-1,Wound1,927.0,661,3.6677454
AATATCGAGGGTTCTC-1,Wound1,394.0,324,4.3147206
AATCAGGTTTCATTTA-1,Wound1,100.0,90,5.0
AATCCCGCTCAGAGCC-1,Wound1,105.0,97,4.7619047
AATCGCCTCAGCGCCA-1-1,Wound1,387.0,325,3.875969
AATCTGCGTTGGGACG-1,Wound1,681.0,510,7.488987
AATGACGTAGGATGTC-1-1,Wound1,1304.0,875,4.6012273
AATGACTGTCAGCCGG-1,Wound1,306.0,244,6.8627453
AATGATGATACGCTAT-1,Wound1,2313.0,1336,2.4210982
AATGATGCGACTCCTG-1,Wound1,877.0,626,5.359179
AATGCAACCGGGTACC-1,Wound1,596.0,462,1.8456376
AATGCACCAAGCAATG-1,Wound1,2961.0,1657,3.3772376
AATGGTTCTCACAAGC-1,Wound1,476.0,388,3.7815127
AATTAAAGGTCGGCGT-1-1,Wound1,549.0,427,2.1857922
AATTAACGGATTTCCA-1,Wound1,1287.0,850,5.283605
AATTAGCGCTGCAGCG-1-1,Wound1,3065.0,1605,4.9918437
AATTCATAAGGGATCT-1-1,Wound1,2011.0,1254,2.9338636
AATTCGATTCGAGGAT-1,Wound1,953.0,567,11.437566
AATTCTAGAGTTAGGC-1-1,Wound1,5477.0,2632,4.838415
AATTGAACGCTCTGGT-1-1,Wound1,2145.0,1243,5.1282053
AATTTGGGACATAGTA-1,Wound1,1225.0,742,3.5102038
ACAAATCGCACCGAAT-1-1,Wound1,2018.0,1034,6.937562
ACAAATGGTAGTGTTT-1-1,Wound1,2933.0,1587,5.4892597
ACAACAGCATGAGCTA-1-1,Wound1,371.0,302,3.504043
ACAACGGTCCCTGCGA-1,Wound1,593.0,473,2.866779
ACAAGGAAATCCGCCC-1-1,Wound1,3071.0,1613,5.0797787
ACAAGGACAAGAGGTT-1,Wound1,307.0,267,3.9087946
ACAAGGGCAGGCTCTG-1-1,Wound1,1460.0,969,3.0136986
ACAATCCATTTAAACC-1,Wound1,41616.0,6506,20.482508
ACAATTTGAGCAGTGG-1-1,Wound1,3813.0,1992,2.7799633
ACACAAAGACGGGTGG-1,Wound1,587.0,428,9.88075
ACACACCAGGACCAGT-1-1,Wound1,3457.0,1704,5.2357535
ACACCCAGCATGCAGC-1,Wound1,498.0,380,9.638554
ACACCCGAGAAATCCG-1,Wound1,2513.0,1543,2.2284122
ACACCTTAAGTAGGGC-1,Wound1,375.0,294,6.933333
ACACGAGACTCCTTCT-1-1,Wound1,493.0,393,1.622718
ACACGGGAACTTAGGG-1-1,Wound1,1868.0,1175,3.104925
ACACTGATCAAGGTGT-1-1,Wound1,1324.0,827,6.7975836
ACAGGCTTGCCCGACT-1-1,Wound1,914.0,559,6.1269145
ACAGGTGGAGGTGAGG-1,Wound1,293.0,232,7.8498297
ACATAATAAGGCGGTG-1,Wound1,854.0,586,9.484777
ACATCCCGGCCATACG-1,Wound1,719.0,535,4.589708
ACATCGATCGTTTACC-1-1,Wound1,364.0,311,3.2967036
ACATCGGTCAGCCGCG-1,Wound1,574.0,419,6.097561
ACATCGTATGCAATGG-1-1,Wound1,1030.0,724,5.5339804
ACATTAGTTTATATCC-1-1,Wound1,807.0,612,4.4609666
ACCAATATGCAAGTTA-1,Wound1,1052.0,675,5.1330795
ACCACAAGTTTCTATC-1,Wound1,404.0,323,8.415841
ACCACGTGCAGCTATA-1-1,Wound1,1725.0,1022,5.9130435
ACCAGTGCGGGAGACG-1-1,Wound1,736.0,496,9.51087
ACCATATCCGCAATAA-1-1,Wound1,476.0,387,1.6806724
ACCATCGTATATGGTA-1,Wound1,443.0,369,2.7088037
ACCCAACGCCCGTGGC-1-1,Wound1,1816.0,1181,2.147577
ACCCATCTTGAGGGTA-1,Wound1,837.0,541,11.589008
ACCCGGAAACTCCCAG-1,Wound1,1310.0,884,5.343511
ACCCGGTTACACTTCC-1-1,Wound1,367.0,311,2.9972754
ACCCGTGTCATCAGTA-1,Wound1,686.0,508,3.6443148
ACCCTATGCCATATCG-1,Wound1,637.0,482,6.750392
ACCCTCCCTTGCTATT-1-1,Wound1,1057.0,633,10.406812
ACCGACACATCTCCCA-1,Wound1,1488.0,984,3.6290321
ACCGACTGAGTCCCAC-1-1,Wound1,908.0,651,2.753304
ACCGATGGTAGCATCG-1,Wound1,876.0,610,6.2785387
ACCGCAATAACTGCCT-1-1,Wound1,4886.0,1973,4.8505936
ACCGTGACCACGTGGG-1,Wound1,927.0,647,7.551241
ACGATACATAGAACTA-1-1,Wound1,52580.0,7763,1.9189807
ACGATCATACATAGAG-1-1,Wound1,2358.0,1389,2.5445292
ACGATGCATATGTTAT-1,Wound1,600.0,466,4.5
ACGCAAACTAATAGAT-1,Wound1,3149.0,1732,6.12893
ACGCATTCGTGAGTAC-1-1,Wound1,282.0,229,4.609929
ACGCCGCTAGACGACC-1-1,Wound1,730.0,571,3.287671
ACGCGAAGTCAGACGA-1-1,Wound1,4462.0,2207,5.580457
ACGCGGGCCAAGGACA-1-1,Wound1,567.0,432,2.6455026
ACGCTAGTGATACACT-1,Wound1,331.0,272,4.833837
ACGGAATTTAGCAAAT-1,Wound1,1245.0,842,4.738956
ACGGACTCTCAAAGCG-1,Wound1,929.0,566,10.010764
ACGGATGGTGCGGATA-1,Wound1,1642.0,796,4.811206
ACGGCACTTGCTTGGG-1-1,Wound1,1042.0,723,4.1266794
ACGGCCAACATGGACT-1-1,Wound1,2552.0,1397,5.0156736
ACGGCGACGATGGGAA-1-1,Wound1,803.0,571,5.2303863
ACGTAGATTGCTGATG-1-1,Wound1,607.0,477,2.9654036
ACGTTAATGTCGAAGA-1-1,Wound1,1303.0,795,9.976976
ACGTTAGATTTGCCCG-1,Wound1,824.0,604,4.1262136
ACTACCAGCTCTCTGG-1,Wound1,427.0,336,7.7283373
ACTACGCGTTAGAATT-1,Wound1,576.0,428,5.9027777
ACTATATGCTGTGTTC-1,Wound1,7145.0,2441,3.8068578
ACTCAATAAAGGCACG-1-1,Wound1,2205.0,1368,3.537415
ACTCCCTAATGCTAAA-1,Wound1,1415.0,928,4.9469967
ACTCCCTAGAATAGTA-1-1,Wound1,3893.0,2118,5.753917
ACTCGTCAGTAATCCC-1-1,Wound1,2263.0,1485,1.7233762
ACTCTCTGACTTAGGT-1-1,Wound1,1218.0,866,2.1346471
ACTCTTGTATAGTAAC-1-1,Wound1,604.0,464,3.1456954
ACTGAATGGCGAAAGT-1-1,Wound1,8956.0,3171,4.5556054
ACTGGGATGCCAGTGC-1,Wound1,2241.0,1320,5.042392
ACTGTACGATACACAT-1-1,Wound1,852.0,623,1.9953052
ACTGTAGCACTTTGGA-1,Wound1,301.0,257,4.318937
ACTGTCCAGGATTATA-1-1,Wound1,1240.0,927,1.1290323
ACTGTCTTCTTTAGAA-1-1,Wound1,537.0,435,3.9106145
ACTGTGCTAGTAGATC-1,Wound1,3058.0,1613,3.6625245
ACTTACGCATCCACGC-1,Wound1,1711.0,537,5.0847454
ACTTAGTACGACAAGA-1,Wound1,3427.0,1819,3.2973447
ACTTATACTTACCCGG-1,Wound1,1374.0,938,5.8224163
ACTTATTAGGATCGGT-1-1,Wound1,1110.0,809,1.8018018
ACTTATTTATGTGCCA-1-1,Wound1,990.0,677,6.969697
ACTTCAGGCTGATCCC-1-1,Wound1,4105.0,1826,5.359318
ACTTCGCCATACGCAC-1-1,Wound1,3308.0,1828,3.8391776
ACTTGACTCCCTCTTT-1-1,Wound1,836.0,636,4.784689
ACTTGGGACCCGGTGG-1,Wound1,952.0,662,8.823529
ACTTGTTACCGGATCA-1,Wound1,249.0,216,4.016064
ACTTTCCTATAGCTTC-1-1,Wound1,299.0,248,2.6755853
AGAACGTGGTACATTC-1-1,Wound1,1580.0,1053,3.7974682
AGAAGAGCGCCGTTCC-1-1,Wound1,37.0,36,2.7027028
AGAAGGTTGCCGAATT-1,Wound1,549.0,442,4.007286
AGAAGGTTGTAGGTCG-1,Wound1,1030.0,620,5.0485435
AGAATTATGGATTCGA-1,Wound1,357.0,292,6.4425774
AGACCATGGGATACAA-1,Wound1,305.0,254,5.2459016
AGACCCACCGCTGATC-1-1,Wound1,5212.0,2614,5.065234
AGACCCGCCCTCCTCG-1,Wound1,347.0,279,4.610951
AGACTAGCCTTCCAGA-1,Wound1,1054.0,731,3.889943
AGACTGTTACCGGGTC-1,Wound1,2101.0,1282,3.9504998
AGAGAACCGTCTAGGA-1-1,Wound1,1470.0,1025,2.7891157
AGAGAAGGAGTACAAT-1,Wound1,604.0,432,9.10596
AGAGCGTACAAGCTCG-1,Wound1,159.0,142,2.5157232
AGATAACTTCAGGGCC-1,Wound1,1205.0,797,5.975104
AGATACCGGTGTTCAC-1,Wound1,2541.0,1392,6.3754425
AGATACGACTTCATAT-1,Wound1,5473.0,2572,3.3071444
AGATACTCAAGATCGA-1-1,Wound1,2179.0,1249,5.690684
AGATATAATACGACTA-1,Wound1,1013.0,563,5.9230013
AGATCGTGCATAAGAT-1,Wound1,4919.0,2335,3.7812564
AGATCTCAGGTGTGAT-1-1,Wound1,1118.0,801,2.1466906
AGATGACTCGCCCACG-1,Wound1,648.0,475,3.8580246
AGATGAGGGTTGCGAT-1,Wound1,7083.0,2354,2.7813072
AGATTATAGGACGTTT-1-1,Wound1,447.0,379,2.2371364
AGCAAAGGCCGCTAGT-1,Wound1,1638.0,943,3.3577535
AGCAACATATCTTATT-1-1,Wound1,783.0,485,9.578544
AGCACCAGTACTCACG-1-1,Wound1,703.0,530,2.2759602
AGCACTACCTCACCAG-1-1,Wound1,7380.0,2543,5.0135503
AGCACTTAAGGACGCC-1,Wound1,811.0,560,9.4944515
AGCAGAAGGAGAAAGA-1,Wound1,2043.0,1112,3.2794907
AGCAGCCAGATGAATA-1,Wound1,1581.0,953,4.743833
AGCATCGTCGATAATT-1,Wound1,711.0,521,6.1884665
AGCCAAGCTTTGTGTC-1,Wound1,2473.0,1412,7.602103
AGCCACTCCCGTGCTT-1-1,Wound1,28315.0,6182,3.70475
AGCCATATAGTATGTG-1,Wound1,1864.0,1076,9.2274685
AGCCCGGTAGCCTGTA-1,Wound1,1312.0,911,2.362805
AGCCCTTCTAATCCGA-1,Wound1,3116.0,1506,4.268293
AGCGACATCCCATTCA-1,Wound1,1294.0,752,10.510046
AGCGACCAACGATATT-1,Wound1,433.0,334,9.930716
AGCGACTTTGAAGACA-1,Wound1,6.0,6,0.0
AGCGCATAATGAATCG-1,Wound1,694.0,490,4.610951
AGCGCGGGTGCCAATG-1,Wound1,2600.0,1499,3.1153846
AGCGGACACTTCGTAG-1,Wound1,4028.0,2023,6.95134
AGCGGGAAGGGTCCAT-1,Wound1,59675.0,7250,2.3611226
AGCGGGTCTGACACTC-1,Wound1,2549.0,1450,4.0800314
AGCGTGGTATTCTACT-1-1,Wound1,968.0,707,3.92562
AGCTAACAAGCAATGT-1,Wound1,632.0,440,12.341772
AGCTAGAAGCAGAAGT-1,Wound1,1875.0,1108,2.9866667
AGCTCCTTCGCACATC-1-1,Wound1,726.0,403,3.581267
AGCTCTAGACGTTCCA-1-1,Wound1,710.0,492,10.281691
AGCTCTTCCCAGTGCA-1-1,Wound1,14991.0,4270,3.0484958
AGCTCTTTACTCAGTT-1,Wound1,547.0,423,2.559415
AGCTGAAGTAAACCAA-1-1,Wound1,22191.0,5463,3.3887613
AGGAAGCTGTCCGCCG-1,Wound1,1328.0,909,4.2168674
AGGACAGTCGAATCCC-1-1,Wound1,3058.0,1650,4.676259
AGGACATCGCACGTCG-1,Wound1,2744.0,1545,2.8061223
AGGACGACCCATTAGA-1,Wound1,495.0,394,4.040404
AGGACGCTCGATGTTG-1,Wound1,2049.0,1181,3.0746706
AGGATAAAGTCGGGAT-1-1,Wound1,1254.0,830,5.263158
AGGCAGATGCGTAAAC-1-1,Wound1,3397.0,1956,2.9143362
AGGCAGGGAGCGTACT-1,Wound1,623.0,463,1.9261638
AGGCCACCCGTTATGA-1,Wound1,248.0,214,6.048387
AGGCCTATCATACCAA-1,Wound1,979.0,650,4.6986723
AGGCTATGGTTAGCTT-1,Wound1,211.0,164,3.3175356
AGGGAAACGAGGTACT-1,Wound1,658.0,442,5.0151973
AGGGACTCTACGCGAC-1,Wound1,782.0,562,5.2429667
AGGGCGTGATCGGCTA-1,Wound1,1241.0,809,4.915391
AGGGCTGCAGTTACAG-1-1,Wound1,553.0,429,4.339964
AGGGTCGATGCGAACT-1,Wound1,499.0,338,6.8136272
AGGGTGCTCTCGAGGG-1-1,Wound1,1131.0,663,23.430592
AGGGTTCCCTTTGGTT-1-1,Wound1,2006.0,1265,3.4396808
AGGGTTTAGTTCGGGA-1-1,Wound1,312.0,270,2.2435899
AGGTAACCTCCTATTC-1,Wound1,7212.0,2190,2.828619
AGGTAGGTACAAAGCT-1,Wound1,3255.0,1369,18.494623
AGGTGGTGACCTTCGC-1,Wound1,883.0,618,5.209513
AGGTTGAGGCACGCTT-1-1,Wound1,3144.0,1758,4.4211197
AGGTTTCACACACCTT-1-1,Wound1,432.0,353,1.8518518
AGTACGGGCACCTGGC-1-1,Wound1,11365.0,3846,5.9040914
AGTACTCTTATGCCCA-1,Wound1,565.0,422,5.3097343
AGTAGAAGGCGCCTCA-1,Wound1,1296.0,770,4.4753084
AGTAGGAAGGAAGTTG-1,Wound1,7438.0,2947,3.3745632
AGTATAATACTAGGCA-1,Wound1,1431.0,979,3.5639412
AGTATACACAGCGACA-1,Wound1,1416.0,822,10.734464
AGTATTTGGCACGACC-1,Wound1,435.0,338,4.137931
AGTCAACACCACCATC-1-1,Wound1,766.0,562,2.8720627
AGTCAAGATGACACTT-1-1,Wound1,1058.0,651,7.561437
AGTCAGCCACCGCCTG-1,Wound1,1515.0,968,4.818482
AGTCCCGCCTTTAATT-1,Wound1,6476.0,2935,2.887585
AGTCGACGGTCTCAAG-1,Wound1,1554.0,976,4.182754
AGTCGGCCCAAACGAC-1,Wound1,707.0,523,4.9504952
AGTCGTCGACCACCAA-1,Wound1,243.0,200,4.1152263
AGTCTTCTCCTCAAAT-1-1,Wound1,4844.0,2318,5.862923
AGTCTTTAAAGTGTCC-1,Wound1,4535.0,2223,5.622933
AGTGACCTACTTTACG-1-1,Wound1,411.0,326,3.406326
AGTGAGACTTCCAGTA-1-1,Wound1,770.0,596,3.2467532
AGTGATAACCTGCGCG-1,Wound1,722.0,459,6.925208
AGTGATATGAGTAGTT-1-1,Wound1,563.0,438,2.1314387
AGTGATTCAAGCAGGA-1-1,Wound1,3543.0,1441,20.74513
AGTGCGTAGCTCGTAA-1,Wound1,557.0,372,4.129264
AGTGCTTGCACGAATA-1-1,Wound1,4267.0,2286,3.960628
AGTGGCGGCAATTTGA-1,Wound1,2266.0,1372,2.6037068
AGTGTATTGCGCATTG-1,Wound1,4885.0,2208,3.234391
AGTTAAACACTTGCGA-1,Wound1,967.0,722,2.171665
AGTTAAGCGGTCCCGG-1-1,Wound1,1919.0,1109,6.4095883
AGTTACTCTATCGTGG-1-1,Wound1,3427.0,1592,7.5576305
AGTTCCTACAGAATTA-1,Wound1,293.0,218,16.723549
AGTTCCTATTTATGTT-1-1,Wound1,1001.0,697,6.793207
AGTTGACATCGGCTGG-1,Wound1,28231.0,5165,5.8588076
AGTTGACGGTCCTTGC-1,Wound1,1378.0,870,4.7895503
AGTTTGCACCTGCCTC-1,Wound1,1712.0,972,5.3154206
ATAAACGGACCCGTAA-1-1,Wound1,1528.0,984,5.3664923
ATAAAGGCTCGGTCGT-1-1,Wound1,578.0,448,3.8062282
ATAACGCCGGAGGGTC-1-1,Wound1,722.0,534,2.770083
ATAACGGAGTCCAACG-1-1,Wound1,33712.0,6249,4.357499
ATAAGGTGGAGAACAT-1-1,Wound1,2527.0,1424,6.133755
ATAAGTTACCGCGACG-1-1,Wound1,594.0,473,2.1885521
ATAATAGCTGTTGAAT-1-1,Wound1,1937.0,1235,2.6845639
ATAATAGTGTAGGGAC-1,Wound1,814.0,602,2.8255527
ATAATCTTGGAGAACC-1,Wound1,1331.0,629,3.906837
ATAATTAGCTAAGTAG-1,Wound1,1333.0,874,4.576144
ATACAGGCCCTCCAAT-1-1,Wound1,3790.0,1784,5.2242746
ATACCTAACCAAGAAA-1,Wound1,1527.0,962,3.994761
ATACGAGGTTTGTAAG-1,Wound1,159.0,140,6.9182386
ATACGCCGGCGAAACC-1-1,Wound1,3763.0,2107,2.6308796
ATACGGGTTTCGATTG-1-1,Wound1,9104.0,3677,3.789543
ATACGTACTTAGCCAC-1-1,Wound1,1381.0,877,4.344678
ATACGTCCACTCCTGT-1-1,Wound1,382.0,290,7.5916233
ATACGTTATGCACGGA-1,Wound1,1751.0,1112,5.9965734
ATACTAGCATGACCCT-1,Wound1,417.0,315,6.954437
ATACTGCCTTACACCG-1,Wound1,1117.0,507,3.0438673
ATAGACAACGGGACCT-1-1,Wound1,1413.0,945,3.1139421
ATAGACGAAGAGAAAG-1,Wound1,710.0,539,5.7746477
ATAGAGTACTGGGACA-1,Wound1,337.0,277,4.451039
ATAGAGTTATCAACTT-1,Wound1,1107.0,767,4.0650406
ATAGGCTAGCTTCGCA-1,Wound1,2481.0,1382,4.312777
ATAGGGATATCCTTGA-1-1,Wound1,13609.0,4002,5.6800647
ATAGGTTGGGCAGATG-1-1,Wound1,559.0,439,4.293381
ATAGTGAAGCGTTCTC-1-1,Wound1,389.0,321,2.5706942
ATATAAAGCGCTCGTG-1,Wound1,1184.0,812,3.6317568
ATATAAATGTAGCTGC-1-1,Wound1,3188.0,1464,5.3638644
ATATCGTTCCTCGAAC-1,Wound1,302.0,244,8.278146
ATATCTCCCTCGTTAA-1-1,Wound1,11557.0,3795,3.2880504
ATATCTTAGGGCCTTC-1-1,Wound1,209.0,190,2.3923445
ATATGGGATAGCAACT-1,Wound1,4150.0,2044,5.3493977
ATATGTCTCCCTAGCC-1,Wound1,364.0,274,4.3956046
ATATTCAGTTAAACCT-1,Wound1,374.0,307,5.0802135
ATATTCCACATAGTGA-1-1,Wound1,2700.0,1444,4.6666665
ATATTGCTGTCAAAGT-1,Wound1,950.0,657,2.9473684
ATATTTAACCCTCAAG-1-1,Wound1,385.0,311,4.935065
ATCAAGATCCCAGGAC-1,Wound1,2816.0,1584,4.2258525
ATCAATCTGGGCTGCA-1-1,Wound1,525.0,426,3.809524
ATCACATTAGAATATC-1-1,Wound1,10448.0,3791,3.5604901
ATCACTTCATCCTCGC-1,Wound1,1385.0,845,10.541516
ATCAGACGGCACGCCG-1,Wound1,510.0,407,6.8627453
ATCAGCCTCATGCTGC-1,Wound1,689.0,456,4.3541365
ATCAGTAGGCAGGGAT-1-1,Wound1,5493.0,2805,2.0571637
ATCATAGATCGACGAG-1,Wound1,423.0,308,7.3286047
ATCATCCAATATTTGT-1-1,Wound1,486.0,389,2.0576131
ATCCAACGCAGTCATA-1,Wound1,470.0,377,3.1914895
ATCCACATCGACAGAA-1,Wound1,1248.0,706,2.6442308
ATCCAGAGCAACAACC-1-1,Wound1,1427.0,720,4.5550103
ATCCAGGATTCGTGAA-1,Wound1,726.0,561,2.61708
ATCCCATTTCCGTGGG-1,Wound1,4194.0,2077,5.579399
ATCCTACCTAAGCTCT-1-1,Wound1,1053.0,775,2.9439695
ATCCTGCGTGGAATGG-1-1,Wound1,944.0,693,3.3898306
ATCGACCCAATACAGA-1-1,Wound1,419.0,362,2.1479714
ATCGACTCTTTCCGTT-1,Wound1,394.0,296,11.675127
ATCGCACGCCGGGAGA-1,Wound1,498.0,393,1.4056225
ATCGGAGACAGACGGC-1-1,Wound1,3138.0,1449,3.9196942
ATCGGCAAGCAGTCCA-1,Wound1,10289.0,3896,3.226747
ATCTAATATCCTACGG-1-1,Wound1,7743.0,3023,5.424254
ATCTAGCTTGTGAGGG-1,Wound1,2196.0,1290,5.7377048
ATCTGACATGGAAGGA-1,Wound1,3373.0,1659,10.435814
ATCTGCACCTCTGCGA-1,Wound1,280.0,234,4.642857
ATCTGGGCTGTTCTTG-1,Wound1,1443.0,839,2.8413029
ATCTGGTTAAGACTGT-1-1,Wound1,5355.0,2476,6.797386
ATCTTGACCTGCAACG-1,Wound1,194.0,175,4.639175
ATGAAGCCAAGGAGCC-1,Wound1,351.0,290,3.9886038
ATGACTATGCGACATT-1-1,Wound1,2300.0,1076,7.2608695
ATGAGGAGTGTTAATC-1,Wound1,1386.0,995,1.6594516
ATGATGCAATGGTACA-1-1,Wound1,473.0,388,1.268499
ATGCACTACCGCATTG-1,Wound1,651.0,487,5.069124
ATGCATGATCCAGGAT-1-1,Wound1,2274.0,1410,2.6385224
ATGCCAATCGCTCTGC-1,Wound1,56175.0,6875,7.4748554
ATGCCATTTGCGACCA-1-1,Wound1,1842.0,1074,6.8946795
ATGCCGGTCTTGCATA-1-1,Wound1,641.0,503,3.5881433
ATGCCGGTTGATGGGA-1-1,Wound1,62268.0,7740,2.2130146
ATGCGACAGTCCCATT-1-1,Wound1,568.0,460,2.8169014
ATGCTCAGTGTTGCAT-1,Wound1,409.0,326,3.422983
ATGCTCTGGCGCGGTA-1,Wound1,1293.0,755,5.3364267
ATGGAGCAGGCCGTGA-1-1,Wound1,383.0,312,3.1331592
ATGGATCCGGCGTCCG-1-1,Wound1,10928.0,3562,5.3166175
ATGGATTGACCAAACG-1-1,Wound1,612.0,475,4.0849676
ATGGGACCTGCTGAAC-1,Wound1,476.0,361,9.033613
ATGGGCCTCGGCCTCT-1-1,Wound1,1059.0,712,6.51558
ATGGTATTGGGAACCG-1,Wound1,2058.0,1153,6.0252676
ATGGTCGCGTGGTTTC-1-1,Wound1,6636.0,2666,3.7974682
ATGTACGATGACGTCG-1,Wound1,1379.0,851,6.5989842
ATGTAGCGCGCGTAGG-1,Wound1,2595.0,1409,8.631985
ATGTGCATCCGACGCA-1,Wound1,397.0,308,4.282116
ATGTGGACATCTTGAT-1-1,Wound1,2513.0,1520,4.854755
ATGTTACGAGCAATAC-1,Wound1,1132.0,769,3.7102473
ATTAAACATGCGGACC-1-1,Wound1,399.0,321,2.5062656
ATTAATACTACGCGGG-1,Wound1,2763.0,1462,12.558813
ATTAATGAACCAGTCG-1-1,Wound1,67325.0,7788,4.2346826
ATTACTAGCCTCTTGC-1,Wound1,542.0,405,3.3210332
ATTACTTACTGGGCAT-1,Wound1,763.0,557,3.5386634
ATTAGATTGATAGCGG-1,Wound1,1040.0,694,6.4423075
ATTAGGCGATGCTTTC-1-1,Wound1,371.0,306,4.043127
ATTATACTTTGCTCGT-1-1,Wound1,16130.0,4243,5.2448854
ATTATGCCATAGGGAG-1,Wound1,533.0,397,5.2532835
ATTATTATGTCCGTCA-1,Wound1,664.0,478,8.885542
ATTCACTGATGTTGGA-1-1,Wound1,1814.0,1129,5.071665
ATTCAGGACCTATTTC-1,Wound1,2694.0,1504,4.342984
ATTCATATACTGTCCA-1-1,Wound1,985.0,707,5.4822335
ATTCCTAAGACGTGGA-1,Wound1,56877.0,6873,9.464283
ATTCCTCCGCCAGTGC-1,Wound1,389.0,329,5.3984575
ATTCCTTCCAGGCGGT-1,Wound1,5785.0,1989,6.240277
ATTGAAGATCTTAGTG-1,Wound1,506.0,408,2.7667985
ATTGATGAGTCCTAAC-1,Wound1,435.0,329,5.9770117
ATTGCTGCTCCTCCAT-1,Wound1,567.0,433,6.1728396
ATTGTCGCAATACCTT-1-1,Wound1,5873.0,2265,6.2829895
ATTTACAGTTTACTGG-1,Wound1,1129.0,782,6.5544734
ATTTCCGGGTTCTGCG-1,Wound1,4775.0,2340,3.790576
ATTTGTCTTGGGAGCT-1-1,Wound1,2853.0,1688,3.6102347
ATTTGTTCCAGGGCTC-1-1,Wound1,1037.0,669,7.8109937
CAAACCCTCCGGCGGG-1,Wound1,1032.0,597,18.410852
CAAACGAGTATCGCAG-1-1,Wound1,1125.0,711,4.9777775
CAAACGGTCGCACTTT-1,Wound1,1964.0,1195,6.9755597
CAAATGTCCTTCCGTG-1-1,Wound1,914.0,658,2.6258206
CAACGACCCGTTTACA-1,Wound1,511.0,410,6.6536202
CAACGGTTCTTGATAC-1,Wound1,3786.0,2163,2.7469625
CAACTCCTTGATCCCG-1,Wound1,612.0,459,3.2679741
CAACTGCTCATCCGAT-1,Wound1,674.0,512,3.560831
CAAGAGGGCGGAGTAC-1-1,Wound1,1837.0,1130,6.4235168
CAAGATATTATAACGT-1-1,Wound1,3582.0,1680,4.6342826
CAAGCAACGTCGGAGT-1,Wound1,15400.0,4214,9.668832
CAAGCGGCACATAATT-1-1,Wound1,2285.0,1229,3.4135666
CAAGGATCGCATGTTC-1-1,Wound1,309.0,265,1.618123
CAAGTGTGGTTGCAAA-1-1,Wound1,398.0,317,6.2814074
CAATAAACCTTGGCCC-1-1,Wound1,2576.0,1462,4.697205
CAATATTCTTGACCTA-1,Wound1,564.0,399,9.397163
CAATGACCCTTAATTT-1,Wound1,6475.0,2584,4.849421
CAATGCGAGAAGTATC-1-1,Wound1,2430.0,1290,5.761317
CAATGGATCTCTACCA-1-1,Wound1,1061.0,769,3.4872763
CAATTAAGGGTGATGA-1-1,Wound1,427.0,353,2.5761123
CAATTTCGTATAAGGG-1-1,Wound1,209.0,181,3.3492823
CACAATGAGCTGCTAT-1-1,Wound1,340.0,274,0.882353
CACACGCGCTGTCTTA-1-1,Wound1,3727.0,1591,11.698417
CACAGCACCCACGGCA-1-1,Wound1,1045.0,767,3.1578946
CACAGCTAGGGAGTGA-1,Wound1,608.0,472,3.7828948
CACAGGGCCGTTGTCA-1,Wound1,5427.0,2541,4.38548
CACATATTAGCAGGAT-1-1,Wound1,2990.0,1617,5.55184
CACATCGTGCACGCGC-1,Wound1,6896.0,2826,5.075406
CACATCTCACCGACGA-1,Wound1,2501.0,1351,4.118353
CACATGATTCAGCAAC-1-1,Wound1,274.0,237,2.189781
CACATTCTTTCGATGG-1-1,Wound1,2676.0,1444,4.857997
CACCCACACGTCACCC-1,Wound1,995.0,680,2.7135677
CACCCACGAGGCAATT-1-1,Wound1,4776.0,2234,3.2663317
CACCCGGTTTGTGACT-1,Wound1,643.0,485,9.175738
CACCCTAACAAGATCT-1-1,Wound1,1046.0,630,2.9636712
CACCGCCAGAAGGTTT-1-1,Wound1,416.0,343,2.8846154
CACCGCGTCCACTCTA-1,Wound1,7907.0,2764,6.1338058
CACCTAATAGAGTCGT-1,Wound1,414.0,246,7.4879227
CACCTAATCAGTTTAC-1-1,Wound1,6196.0,2544,6.6978693
CACCTTGCGAAACTCG-1-1,Wound1,9418.0,3736,3.2915692
CACGCACAGCGCAGCT-1-1,Wound1,9147.0,3205,5.2038918
CACGCAGCGAGGCTTT-1,Wound1,7650.0,3086,6.1437907
CACGGCGCGCCAAAGG-1,Wound1,44622.0,6695,4.1817937
CACGTTCGTGCTCTAG-1-1,Wound1,3739.0,2133,2.7814922
CACGTTTCGTACACAC-1,Wound1,427.0,330,5.620609
CACTAAAGTTGCCTAT-1-1,Wound1,407.0,319,6.388206
CACTCAAGAGCTATGG-1-1,Wound1,362.0,307,4.6961327
CACTCCTATGTAAGAT-1,Wound1,1319.0,862,6.2168307
CACTCCTCTCGGTCGG-1-1,Wound1,6132.0,2326,6.7351594
CACTCGAGCTGAACAA-1-1,Wound1,3468.0,1801,6.055363
CACTGTCCAAGTGAGA-1,Wound1,432.0,349,4.166667
CACTTAATCAGACGGA-1-1,Wound1,340.0,300,3.529412
CACTTCGCCACAGGCT-1,Wound1,431.0,356,3.712297
CAGAACTTAGCCCTCT-1-1,Wound1,869.0,620,4.2577677
CAGACCTGTAAGTGTT-1,Wound1,288.0,244,7.2916665
CAGACGAACCTGATAC-1-1,Wound1,1385.0,726,4.043321
CAGAGACGGTCACCCA-1-1,Wound1,985.0,697,3.9593909
CAGAGCATGAGCTTGC-1-1,Wound1,1546.0,999,2.9754205
CAGATACTAACATAGT-1,Wound1,252.0,198,10.31746
CAGCAGCCCGTTCCTT-1-1,Wound1,2211.0,1396,2.442334
CAGCAGTCTGTGCTGC-1,Wound1,1185.0,648,6.1603374
CAGCCTCCTGCAGAGG-1-1,Wound1,37401.0,6458,6.2859282
CAGCCTCTCCTCAAGA-1,Wound1,96501.0,8437,2.423809
CAGCGATTCCCTTCAA-1,Wound1,627.0,468,8.293461
CAGCTCACTGAGACAT-1-1,Wound1,335.0,285,2.6865673
CAGCTCGACAAGTTAA-1-1,Wound1,1187.0,837,3.706824
CAGCTCGTGCTTGTGT-1,Wound1,23531.0,4835,3.2765288
CAGGATATATCGTTGT-1-1,Wound1,600.0,477,2.3333333
CAGGCCGTTTGGGTGT-1,Wound1,4063.0,2207,4.307162
CAGGCGCCATGCTAGG-1-1,Wound1,6305.0,2762,6.3600316
CAGTAACTATTTATTG-1,Wound1,3298.0,1652,3.426319
CAGTACATTCTCTAAA-1,Wound1,1033.0,691,3.678606
CAGTAGCCCACGCGGT-1-1,Wound1,1053.0,737,3.133903
CAGTCGAGGATGCAAT-1,Wound1,1204.0,779,4.9833884
CAGTCTGTATACTGGG-1-1,Wound1,411.0,325,4.8661804
CAGTGAATAAATGACT-1-1,Wound1,7979.0,3253,4.637172
CAGTGTCCGCAGAATG-1,Wound1,31152.0,6295,3.6016948
CAGTGTCGGCTGGCCC-1-1,Wound1,7269.0,2862,5.2689505
CAGTTCAAATTGACAC-1,Wound1,598.0,428,11.204013
CATAACGGACAGTCGT-1,Wound1,862.0,581,7.308584
CATAAGAAGCTTGGCT-1,Wound1,1333.0,812,4.9512377
CATACAAAGCCGAACC-1,Wound1,65806.0,7941,1.3053521
CATACACGGTTCCCAC-1,Wound1,951.0,677,4.731861
CATACGGCGTCTGGGC-1-1,Wound1,244.0,221,2.4590163
CATACTATGTAATTGT-1-1,Wound1,268.0,238,2.238806
CATAGCGTTGCCCACC-1,Wound1,772.0,573,7.5129533
CATAGTAGCATAGTAG-1,Wound1,269.0,215,3.717472
CATATACTACTGATAA-1,Wound1,18071.0,4591,5.89342
CATATAGGTACAGTCA-1-1,Wound1,167.0,150,1.7964072
CATCCTCTCAAAGATC-1,Wound1,858.0,564,4.5454545
CATCGCCCGCGGCCAA-1,Wound1,1043.0,667,5.6567593
CATCGGACGGGTTAAT-1-1,Wound1,200.0,182,1.5
CATCTATCCCGTGTCT-1,Wound1,3911.0,1888,3.9631805
CATGAGATGCACTCTC-1,Wound1,1578.0,789,6.400507
CATGATGCACAATTCT-1,Wound1,1942.0,1092,7.929969
CATGCGACCAGTTTAA-1,Wound1,900.0,630,3.7777777
CATGGCAGGAAGATCG-1,Wound1,3117.0,1454,12.993262
CATGGGTATGCCTTAT-1-1,Wound1,1041.0,684,4.418828
CATGGGTCGGGTGTGG-1-1,Wound1,3924.0,2022,2.8797145
CATGGTAAGTAGCGTT-1-1,Wound1,895.0,671,2.3463688
CATGGTCTAGATACCG-1-1,Wound1,1271.0,881,2.5963807
CATGTAAGAGACATTT-1-1,Wound1,5564.0,2276,5.265996
CATGTCTCATTTATGG-1-1,Wound1,8024.0,2804,5.396311
CATTACGTCGGCCCGT-1,Wound1,1308.0,800,8.027523
CATTATGCTTGTTGTG-1,Wound1,439.0,345,9.567198
CATTTAGCGGACCATG-1-1,Wound1,3179.0,1802,2.107581
CATTTCTAGCAGACTA-1,Wound1,623.0,442,4.6548953
CATTTGAGTGGTACGT-1-1,Wound1,1356.0,641,3.097345
CCAAACAGAACCCTCG-1,Wound1,420.0,340,8.571429
CCAACGATGCACTGAT-1,Wound1,1654.0,1074,6.8319225
CCAAGAAAGTGGGCGA-1-1,Wound1,3115.0,1629,5.4574637
CCAAGACTTCTGCGAA-1,Wound1,694.0,484,11.815562
CCAAGCGTAACTCGTA-1-1,Wound1,558.0,437,1.4336917
CCAATAGTGCCGTCGA-1,Wound1,6805.0,2460,7.8912563
CCAATGTCACAGCAAG-1,Wound1,1091.0,787,1.7415216
CCAATTACGGGTCGAG-1,Wound1,5410.0,2681,3.1238449
CCAATTGAATGTTAAT-1,Wound1,401.0,332,1.9950125
CCACAATGTACGTCTT-1-1,Wound1,1429.0,985,1.6095171
CCACACTGAGATATTA-1-1,Wound1,1574.0,1069,1.5247777
CCACAGTACCCATCCT-1-1,Wound1,667.0,451,12.293853
CCACCAACTTTACTGT-1,Wound1,789.0,558,5.8301644
CCACCCAAGGAAAGTG-1-1,Wound1,1632.0,1020,8.578432
CCACGAGAAGAGAATC-1-1,Wound1,1674.0,945,7.945042
CCAGATAGTTGAGTGA-1-1,Wound1,2433.0,1477,3.6580353
CCAGCCTGGACCAATA-1-1,Wound1,742.0,589,1.8867924
CCAGCTCGAACGCATT-1,Wound1,668.0,469,6.7365265
CCAGGGACGTGGCCTC-1,Wound1,535.0,409,7.2897196
CCAGTAGTCTGATCCA-1-1,Wound1,1412.0,950,3.6827195
CCAGTCTAGACGGCGC-1-1,Wound1,8120.0,3630,2.4261084
CCAGTCTTGTCATAGA-1,Wound1,903.0,658,3.986711
CCATAGGTTGGCGTGG-1,Wound1,968.0,622,9.917356
CCATCCATACCAAGTC-1,Wound1,72723.0,7852,1.6652229
CCATCGCAGTTAAACT-1-1,Wound1,2186.0,1294,6.267155
CCATGCCTGTTTAGTA-1-1,Wound1,231.0,211,3.4632034
CCATGCTCTGCAGGAA-1,Wound1,473.0,364,3.5940804
CCATGGCAAACGCTCA-1,Wound1,134.0,124,4.477612
CCATTAGCGATAATCC-1,Wound1,3841.0,1865,11.038792
CCATTCCCTGCCCACA-1,Wound1,19269.0,4955,5.4854946
CCATTTCTACCTATTA-1-1,Wound1,4893.0,2194,4.782342
CCCAAACATGCTGCTC-1-1,Wound1,1240.0,762,15.080646
CCCAATGAGATTTGCA-1,Wound1,859.0,592,9.662398
CCCAGAGGAGGGCGTA-1,Wound1,757.0,538,3.698811
CCCAGTTAAGGCGCCG-1-1,Wound1,2462.0,1475,5.6051993
CCCGACCATAGTCCGC-1-1,Wound1,16447.0,4643,4.055451
CCCGCAAATAATCATC-1,Wound1,26.0,26,3.846154
CCCGCAGCGCGAACTA-1-1,Wound1,2938.0,1743,4.356705
CCCGCCATGCTCCCGT-1,Wound1,644.0,513,2.3291924
CCCGTCAGCGTCTGAC-1,Wound1,477.0,361,7.3375263
CCCTAGCTCTAAGGTC-1,Wound1,33.0,32,0.0
CCCTCATTCTGGAATT-1,Wound1,1744.0,1100,6.0206423
CCCTGAAATGAGTTGA-1,Wound1,18149.0,5175,4.07185
CCCTTTGACAGGTCTT-1-1,Wound1,1538.0,1020,4.226268
CCGAAAGTGGTGAGCA-1,Wound1,709.0,531,4.7954865
CCGAACCTTCCCGGCC-1-1,Wound1,4092.0,2057,5.474096
CCGACGTAAACACAAC-1,Wound1,11598.0,3292,3.1643386
CCGCACAAAGACCAAC-1-1,Wound1,1861.0,1244,2.8479311
CCGCATGTGGTACGAT-1-1,Wound1,3266.0,1712,4.898959
CCGCCTGCGAATTGGT-1,Wound1,47391.0,7032,2.386529
CCGCGGAATGCGTCAC-1-1,Wound1,893.0,587,4.9272118
CCGCTATCAGCACCAG-1-1,Wound1,1021.0,660,8.814888
CCGGAATGGTTTCAGT-1,Wound1,1372.0,939,2.4781342
CCGGAGCGTACTTTCT-1,Wound1,699.0,517,3.2904148
CCGGGCGGTCTCGTCA-1-1,Wound1,1392.0,933,4.8850574
CCGGGCTGCTCCATAC-1-1,Wound1,1805.0,1124,4.4875345
CCGGTTTGTAATTGTG-1,Wound1,634.0,481,8.832808
CCGTAAGTTGGTCCCA-1-1,Wound1,391.0,331,2.0460358
CCGTACCCAAGCGCCA-1,Wound1,65942.0,7874,1.7166601
CCGTTACGTTAGAACA-1-1,Wound1,3231.0,1633,3.4354692
CCGTTTCCTTTCCGTG-1,Wound1,42.0,38,11.904762
CCTAAATTAACGGTTC-1-1,Wound1,1431.0,883,9.364081
CCTAACCCAAACAAGT-1-1,Wound1,2976.0,1509,8.2661295
CCTAACTAAGGCTCTA-1,Wound1,2808.0,1678,4.166667
CCTACGGCTCAGTCGA-1,Wound1,2619.0,1434,3.9327986
CCTACTGCTTACACTT-1,Wound1,421.0,336,4.7505937
CCTAGGCGTAGCGATC-1-1,Wound1,1873.0,1172,4.805125
CCTATAATGAGTGCCC-1-1,Wound1,3617.0,1582,3.7876692
CCTATACCGTCCTGTC-1,Wound1,1048.0,721,5.5343513
CCTATATTTGTCCTGG-1,Wound1,1952.0,1259,3.4836066
CCTATCTATATCGGAA-1-1,Wound1,25015.0,5498,4.897062
CCTATGGGTTACCGTC-1-1,Wound1,696.0,537,3.3045979
CCTATGGTCAAAGCTG-1,Wound1,3108.0,1521,11.389961
CCTCACCAATCTTGAC-1,Wound1,743.0,557,2.5572007
CCTCACCTTAGCATCG-1,Wound1,512.0,394,5.078125
CCTCATGCAGCTACGA-1,Wound1,17920.0,4190,4.5870533
CCTCCGACAATTCAAG-1,Wound1,3639.0,1761,10.66227
CCTCGCCAGCAAATTA-1-1,Wound1,2784.0,1451,9.159483
CCTCGCGCGATATAGG-1,Wound1,10926.0,4342,2.8921838
CCTCGCGCTGTGCGAT-1,Wound1,1036.0,698,4.4401546
CCTCGGACCGGGATAG-1-1,Wound1,2174.0,1366,3.5418584
CCTCTAATCTGCCAAG-1-1,Wound1,23590.0,5513,3.7643068
CCTCTCTCCCATCTAG-1,Wound1,8439.0,3017,10.795118
CCTCTGTACTATTCTA-1-1,Wound1,1502.0,935,6.0585885
CCTGAACGATATATTC-1-1,Wound1,7511.0,3331,5.0592465
CCTGAATATTTACATA-1-1,Wound1,4099.0,2128,3.635033
CCTGACCACCGATGGT-1-1,Wound1,801.0,611,2.122347
CCTGAGAATAAATGCA-1,Wound1,417.0,302,10.791367
CCTGCTATTTGAGAAG-1,Wound1,747.0,555,3.6144576
CCTGGCTAGACCCGCC-1,Wound1,1753.0,1121,5.6474614
CCTGGTCGAATGTGGG-1,Wound1,1148.0,760,4.6167245
CCTGTAAGACATGATA-1,Wound1,950.0,668,6.315789
CCTGTCACCCGGGCTC-1-1,Wound1,524.0,422,4.7709923
CCTGTCGCCCGTAAAT-1-1,Wound1,165.0,144,3.6363635
CCTGTTTGAAGACACG-1,Wound1,327.0,274,6.727829
CCTTCAGTTAAAGTGA-1,Wound1,1384.0,919,2.8901734
CCTTCGTATAGAATCC-1,Wound1,1389.0,876,3.1677465
CCTTCTTGATCCAGTG-1-1,Wound1,5581.0,2274,8.224333
CCTTTAAGGGAGCACT-1,Wound1,400.0,313,3.0
CCTTTCAATGAAGAAA-1,Wound1,2145.0,1272,3.6363635
CGAACCCGCATGCGTC-1-1,Wound1,1200.0,638,3.0833335
CGAAGCTATAAATTCA-1,Wound1,1183.0,737,3.7193575
CGAAGTTGCTCTGTGT-1,Wound1,14963.0,4125,11.414823
CGAATGACGCATAATG-1,Wound1,2442.0,1313,8.149058
CGACAATTTGATCTAA-1,Wound1,548.0,395,10.036496
CGACACGCTCCGACAG-1,Wound1,462.0,340,3.030303
CGACAGTTCGCGTTAT-1,Wound1,518.0,409,6.7567563
CGACTCAGGATGTTAT-1-1,Wound1,4142.0,2312,2.3660069
CGAGACCCTAGAGTGT-1-1,Wound1,716.0,564,1.396648
CGAGAGATGTGAACCT-1-1,Wound1,1487.0,1027,1.8829858
CGAGGCTAAATATGGC-1-1,Wound1,1115.0,820,2.0627801
CGAGGGACTGCGGTCG-1-1,Wound1,1795.0,1039,10.7520895
CGAGGGTATCCAGGTG-1,Wound1,3412.0,1786,5.3634233
CGAGTTCTGTCCCACC-1-1,Wound1,6227.0,2738,4.319897
CGAGTTTATCGGACTG-1,Wound1,1265.0,796,5.2964425
CGATACCTCGCGGACA-1-1,Wound1,581.0,459,1.8932875
CGATCCACCATTGTTG-1,Wound1,2304.0,1324,6.032986
CGATCCGACCCAGTGC-1-1,Wound1,2259.0,1435,1.9920319
CGATGGACCCTACGCC-1,Wound1,4666.0,2176,3.3004715
CGATTAAATATCTCCT-1,Wound1,2209.0,1250,5.885016
CGATTCGCCTGGCTGC-1,Wound1,1078.0,722,6.2152133
CGCAAACACGAGTTAC-1,Wound1,613.0,475,3.4257748
CGCAATTACTTTCGGT-1,Wound1,1778.0,1138,3.262092
CGCAATTAGGGTAATA-1,Wound1,458.0,368,4.148472
CGCACATGTCCACTAC-1-1,Wound1,1729.0,1101,3.6437247
CGCATGGTGCGATGCT-1-1,Wound1,1954.0,940,6.4483113
CGCATTAGCTAATAGG-1-1,Wound1,571.0,453,4.728546
CGCCATCCGATTATGA-1-1,Wound1,45290.0,6826,4.166483
CGCCCAGCACGCCTAG-1,Wound1,609.0,465,2.2988505
CGCCCGCTTCCGTACA-1-1,Wound1,6235.0,2530,4.68324
CGCCGCCCATGCCTGT-1-1,Wound1,4276.0,2252,3.3676333
CGCCGCGTTCTGAACG-1,Wound1,821.0,564,6.82095
CGCCTCCCTCCTCTAT-1-1,Wound1,752.0,596,1.7287234
CGCGAGAGGGACTTGT-1,Wound1,3239.0,1381,5.8042603
CGCGCATGTTTGATTG-1-1,Wound1,1696.0,1098,2.9481132
CGCGCCCGACTTAATA-1-1,Wound1,7837.0,3260,3.0113564
CGCGGGAATTAGGCAG-1-1,Wound1,2790.0,1678,1.6487455
CGCGGTCACAAACCAA-1,Wound1,998.0,633,4.809619
CGCGTTCATGAAATAC-1,Wound1,339.0,280,10.029498
CGCTACGGGACATTTA-1,Wound1,931.0,704,2.4704618
CGCTATACCGCCCACT-1,Wound1,59903.0,7653,2.5641453
CGCTATTCAATGTATG-1,Wound1,1198.0,817,3.7562604
CGCTATTCTTAGGCTC-1-1,Wound1,499.0,402,2.6052105
CGCTCGACATAATGAT-1,Wound1,367.0,312,3.814714
CGCTCTCCGTAGATTA-1,Wound1,6125.0,2609,8.702041
CGCTGTGACGCCGCAC-1,Wound1,369.0,304,1.8970189
CGCTTCCACTGAAATC-1,Wound1,805.0,593,2.7329195
CGCTTTCTTGCATTCG-1-1,Wound1,589.0,454,5.7724957
CGGAAAGAATCAAACG-1,Wound1,850.0,628,4.117647
CGGAACGTAAACATAG-1-1,Wound1,970.0,617,4.123711
CGGACCTCTGTAGTTA-1,Wound1,74.0,69,2.7027028
CGGAGCAATTTAATCG-1-1,Wound1,9572.0,3536,4.6071877
CGGAGCATGGCGATCC-1-1,Wound1,544.0,430,2.389706
CGGAGTTTGAGAGACA-1,Wound1,446.0,350,8.295964
CGGCAAACATCGTGCG-1-1,Wound1,3669.0,1814,4.4426274
CGGCACTCAAGAAAGT-1,Wound1,15669.0,4135,4.3525434
CGGCAGGGTCGGGTTG-1,Wound1,730.0,545,5.3424654
CGGCCACGCACAAAGT-1-1,Wound1,378.0,320,5.026455
CGGCGCCATCAATCCC-1,Wound1,330.0,267,9.393939
CGGGAATTTATGTAAA-1-1,Wound1,1732.0,1078,6.812933
CGGGAGCTTCAGTGTA-1-1,Wound1,2873.0,1514,7.44866
CGGGATCAATGTAAGA-1,Wound1,642.0,481,3.4267914
CGGGCAGCTAAACCGC-1-1,Wound1,370.0,319,2.7027028
CGGGCCTTCTTTGTAA-1-1,Wound1,700.0,540,4.7142854
CGGGTGTACCCATTTA-1-1,Wound1,671.0,467,10.432191
CGGTACTAGAATCAAA-1-1,Wound1,1215.0,840,3.621399
CGGTAGAGGTGCAGGT-1-1,Wound1,2006.0,1195,2.3928216
CGGTCAAGTGGGAACC-1-1,Wound1,2855.0,1684,3.2224166
CGGTCCGTCGCAAGCC-1,Wound1,1200.0,796,6.166667
CGGTCTATCAACCCGT-1-1,Wound1,30147.0,5516,2.411517
CGGTGCAGATAGAACG-1,Wound1,418.0,326,5.0239234
CGGTGGGCTCCAGCCT-1,Wound1,4110.0,2061,3.5523112
CGGTGTACTTGATCCC-1,Wound1,1286.0,816,3.11042
CGGTTATCCAACAGTG-1,Wound1,272.0,227,3.3088236
CGGTTCAAGTAGGTGT-1,Wound1,1225.0,810,3.6734693
CGTAAACGCTTGAGTG-1,Wound1,2343.0,1055,6.2313275
CGTAAATAACAAAGGG-1,Wound1,242.0,213,2.892562
CGTACCTGATAGGCCT-1,Wound1,4046.0,1906,10.776075
CGTATTAAGAGATCTA-1-1,Wound1,284.0,251,3.8732395
CGTCACGTCCATTGGT-1-1,Wound1,1504.0,968,3.3244681
CGTCGGATAGTGTTGA-1,Wound1,514.0,394,7.0038905
CGTCGTCCTTCGCGAA-1,Wound1,1615.0,1028,4.7058825
CGTGAAGTTAATTCAC-1-1,Wound1,475.0,351,2.3157895
CGTGACATTGGGTCGT-1-1,Wound1,1334.0,767,8.3958025
CGTGACCAGTCCTCTG-1,Wound1,3202.0,1762,5.652717
CGTGCAGACTGGGACA-1-1,Wound1,1125.0,852,2.6666667
CGTGCCCTCCCGAAGA-1-1,Wound1,1317.0,941,4.176158
CGTGTCCCATTCGCGA-1,Wound1,193.0,164,7.772021
CGTGTCTCGTTACGAC-1,Wound1,759.0,485,14.492753
CGTTAATGTCCCGACG-1,Wound1,542.0,341,5.719557
CGTTAGCTCACAACTG-1,Wound1,1874.0,980,7.790822
CGTTGAATACCGCGCT-1,Wound1,1311.0,779,7.017544
CGTTGAGCGACCGTCG-1-1,Wound1,663.0,504,2.2624435
CGTTGTCGGCAATTGA-1,Wound1,1901.0,1051,6.312467
CGTTGTTTCAATTCCC-1,Wound1,17775.0,4322,11.831224
CGTTTCACTTCGGGCG-1-1,Wound1,2581.0,1554,3.4482758
CGTTTCGCTCATTACA-1-1,Wound1,276.0,230,4.710145
CGTTTGTGTAGAGGGT-1,Wound1,733.0,522,8.867667
CTAAAGAATGCCTACT-1,Wound1,10031.0,3439,7.835709
CTAAAGGGAAATAGGA-1-1,Wound1,436.0,339,1.8348624
CTAAATCCGGTGTACA-1,Wound1,1039.0,712,6.5447545
CTAAATCCTATTCCGG-1-1,Wound1,3797.0,2087,3.1340532
CTAACCGCGCGCCCGT-1,Wound1,974.0,571,14.784394
CTAACGAAACTTGCTG-1,Wound1,1147.0,809,3.2258062
CTAAGGGAATGATTGG-1-1,Wound1,510.0,408,2.3529413
CTAATTCGCACGCGCT-1,Wound1,359.0,297,5.5710306
CTAATTTCAACAACAC-1,Wound1,376.0,313,4.255319
CTACCCTAAGGTCATA-1,Wound1,582.0,442,9.106529
CTACGCACGGAGTACC-1-1,Wound1,321.0,280,2.1806853
CTACTATCTTTCAGAG-1,Wound1,2498.0,1428,4.843875
CTACTGCCACCTGACC-1-1,Wound1,635.0,485,2.3622048
CTAGATTTACGACGGC-1-1,Wound1,941.0,742,1.7003188
CTAGCATAGTATAATG-1-1,Wound1,455.0,365,3.0769231
CTAGCCGATGTTATGA-1,Wound1,1289.0,855,3.6462374
CTAGGCGCCCTATCAG-1-1,Wound1,787.0,513,4.3202033
CTAGGTTCGGACGTGA-1,Wound1,1192.0,821,5.201342
CTAGTCACGTCTTAAG-1-1,Wound1,366.0,300,3.8251367
CTAGTGAAGGACAGGA-1,Wound1,13093.0,3979,6.9350033
CTAGTTACAACCCGGT-1-1,Wound1,1406.0,927,4.694168
CTAGTTGGGCCCGGTA-1-1,Wound1,1159.0,826,3.5375323
CTATAAGAGCCAATCG-1,Wound1,610.0,441,5.5737705
CTATAGGCGTTGATGT-1,Wound1,3309.0,1797,5.349048
CTATCGGGTCTCAACA-1-1,Wound1,368.0,302,3.8043478
CTATGCCCGAATGCAA-1,Wound1,1650.0,1035,6.727273
CTATGTCACTAGCCCA-1-1,Wound1,531.0,410,6.2146893
CTATTCATGTGTCCCA-1-1,Wound1,1995.0,1100,5.313283
CTATTGTGTTTGGTCA-1,Wound1,13264.0,3642,4.116405
CTATTTGCTTGGAGGA-1,Wound1,628.0,457,5.5732484
CTATTTGGTTACGGAT-1-1,Wound1,1156.0,794,5.6228375
CTCAAGACATTAGCGC-1,Wound1,92375.0,8287,4.881191
CTCACATTTACTAAAT-1,Wound1,1375.0,818,5.090909
CTCACTGTGATACTTA-1,Wound1,1109.0,649,6.672678
CTCAGAGCTAATGTCG-1,Wound1,5213.0,2405,4.0092077
CTCAGGACTCACCTGT-1,Wound1,1243.0,836,4.5052295
CTCAGTCACGACAAAT-1,Wound1,2415.0,1361,4.5962734
CTCATTGCTCTAACAA-1,Wound1,1413.0,832,5.02477
CTCATTTGATGGGCGG-1,Wound1,663.0,489,2.2624435
CTCCGCCCACATGAGG-1,Wound1,310.0,259,5.483871
CTCCGGCCTAATATGC-1,Wound1,482.0,373,3.73444
CTCCTAAGTTATGTCT-1,Wound1,31050.0,5834,3.9613526
CTCCTCCAGCTCACAC-1,Wound1,2065.0,1329,2.3244553
CTCGAGGTCGAACAGT-1-1,Wound1,554.0,438,3.9711192
CTCGATATTTGCGAGC-1,Wound1,722.0,529,4.0166206
CTCGCACCTATATAGT-1-1,Wound1,9198.0,3435,6.186127
CTCGCCGAATGTAGGG-1,Wound1,1257.0,803,5.1710424
CTCGGTACCACTGCTC-1-1,Wound1,5266.0,2660,3.8359284
CTCGGTCCGTAGCCTG-1,Wound1,383.0,289,9.921671
CTCGTGGCACTGAAAG-1,Wound1,80.0,75,3.7500002
CTCGTTTCTAATGTTT-1,Wound1,670.0,488,6.268657
CTCTATTTGGCTGCAG-1-1,Wound1,1575.0,1066,3.1746035
CTCTCACAATCGATGA-1-1,Wound1,359.0,304,5.5710306
CTCTGGACGCCTGGTG-1-1,Wound1,439.0,371,1.8223236
CTCTTCTGGAAGTTAG-1,Wound1,976.0,689,6.864754
CTCTTGTCCCGCTTGG-1-1,Wound1,2542.0,1396,4.681353
CTGAAAGAGATCCGAC-1-1,Wound1,1109.0,727,6.7628493
CTGAATCCGAGACCTC-1-1,Wound1,2483.0,1363,5.4772453
CTGACTGCGCAGCTCG-1,Wound1,302.0,261,3.97351
CTGAGCAAGTAACAAG-1,Wound1,564.0,427,5.141844
CTGCACAACTACATAT-1-1,Wound1,1692.0,1042,5.496454
CTGCACTCCAGTACAG-1-1,Wound1,1638.0,1037,3.2967036
CTGCCAAGGTTGGAAG-1-1,Wound1,4563.0,2306,3.133903
CTGCCATGCATCACAT-1-1,Wound1,237.0,206,2.9535866
CTGCGATTTCGAGATT-1,Wound1,4469.0,2265,4.9899306
CTGCGTTACGATATAA-1-1,Wound1,3026.0,1501,7.832122
CTGCTTGGCGATAGCT-1-1,Wound1,1432.0,847,3.980447
CTGGAAATGGATGCTT-1,Wound1,445.0,357,5.3932586
CTGGAAGACACGGTGG-1-1,Wound1,1473.0,771,8.010862
CTGGATTTACACTTGA-1-1,Wound1,1179.0,787,3.4775236
CTGGCGACATAAGTCC-1-1,Wound1,5631.0,2193,6.8016334
CTGGCGCACAGGTCTG-1-1,Wound1,2549.0,1544,4.6292663
CTGGCTGGTTGTCAGT-1-1,Wound1,4023.0,1809,5.443699
CTGGGATAAATAATGG-1-1,Wound1,5721.0,2736,4.9816465
CTGGGTAGGCAGTTAA-1-1,Wound1,1447.0,984,4.6302695
CTGGTAACACATAGAA-1-1,Wound1,9499.0,3485,4.5267925
CTGGTAACGAGCTCTT-1,Wound1,410.0,339,4.8780484
CTGGTTTCGAGCAAGA-1-1,Wound1,7581.0,2751,4.1683154
CTGTACTTCTTAGCAT-1-1,Wound1,1146.0,818,1.3089005
CTGTAGCCATCTCACT-1,Wound1,511.0,394,6.066536
CTGTATGGTGTAGAAA-1,Wound1,431.0,347,4.1763344
CTGTCAAATGGCTCGG-1-1,Wound1,8098.0,3502,2.7784638
CTGTGCAGGGTAGGTC-1-1,Wound1,3245.0,1812,4.468413
CTGTGGTCGGGAGATA-1,Wound1,623.0,362,4.9759226
CTGTTACCCAATCTAG-1-1,Wound1,9879.0,3586,2.7027028
CTGTTCACTGCCTGTG-1,Wound1,612.0,460,4.5751634
CTGTTCATCTCACGGG-1,Wound1,1167.0,840,3.5989716
CTTACACGGTATTCCA-1,Wound1,1418.0,941,5.007052
CTTAGCCTTCCACATG-1-1,Wound1,42269.0,7266,2.2522416
CTTATGTTGACTACCA-1,Wound1,4533.0,2124,5.3165674
CTTCAACTCCACTTGG-1,Wound1,1611.0,664,4.531347
CTTCATAGCTCAAGAA-1,Wound1,4104.0,2132,3.72807
CTTCATTGTCAGTGGA-1-1,Wound1,272.0,240,2.5735295
CTTCCGCTCCGTGAAG-1,Wound1,753.0,557,5.179283
CTTCGTAGATAGGTGA-1,Wound1,2887.0,1697,3.6716316
CTTCTATTAATGCTAG-1-1,Wound1,1145.0,720,4.9781656
CTTGAGGTTATCCCGA-1,Wound1,1265.0,722,6.1660075
CTTGAGTTAGGGTAAT-1,Wound1,1203.0,805,5.9850373
CTTGCCCAGGCTCTAC-1-1,Wound1,702.0,538,3.9886038
CTTGGCCAAGCTGGGA-1,Wound1,1744.0,1115,4.644495
CTTGTACTTGTTGACT-1,Wound1,374.0,301,5.882353
CTTGTCAACATTCGAG-1-1,Wound1,2591.0,1510,4.6700115
CTTGTGAGTCTTTGAC-1,Wound1,1929.0,977,2.695697
CTTGTGCTCACCGATT-1,Wound1,3162.0,1724,4.364326
CTTGTTGCTGAGTCAA-1-1,Wound1,1729.0,1099,5.147484
CTTGTTTATGTAGCCA-1,Wound1,439.0,358,3.6446471
CTTTAACTTTCAAAGG-1-1,Wound1,6426.0,2727,7.1117334
CTTTAATATTGGTCGA-1-1,Wound1,2042.0,1222,4.995103
CTTTACCGAATAGTAG-1-1,Wound1,7885.0,2662,4.527584
CTTTAGGAACACTGTT-1-1,Wound1,1215.0,850,3.5390947
CTTTAGTGCTATTATT-1-1,Wound1,998.0,660,6.4128256
CTTTCTGTGCGGGCTT-1-1,Wound1,2414.0,1414,4.266777
CTTTGCATCGCTCTTG-1,Wound1,204.0,169,5.392157
CTTTGGCTTTAGTAAA-1,Wound1,5591.0,2388,10.016097
CTTTGGGATTGTTGCA-1,Wound1,1305.0,909,5.823755
GAAACAGATGACCACC-1-1,Wound1,631.0,464,7.290016
GAAACCGAATTACCTT-1-1,Wound1,687.0,531,3.7845705
GAAACCTATACAAATG-1,Wound1,933.0,639,4.2872453
GAAAGCAGTGCACTTT-1,Wound1,596.0,465,4.3624163
GAAAGTGACTAACTGC-1,Wound1,334.0,263,5.0898204
GAAATGGCGGTGTTAG-1,Wound1,285.0,257,3.8596492
GAAATTAGCACGGATA-1,Wound1,3410.0,1764,3.753666
GAAATTGTCTCTATAA-1-1,Wound1,457.0,365,2.1881838
GAACACACATCAACCA-1,Wound1,1066.0,738,5.9099436
GAACAGATTACTAAAT-1,Wound1,1415.0,936,5.0883393
GAACCCTCTGTGTTCT-1,Wound1,1186.0,805,4.3001685
GAACCTTTAACGATCC-1,Wound1,1147.0,562,4.7079334
GAACGACCGAATGATA-1,Wound1,2173.0,1119,9.848137
GAACGTCTCATGGTCG-1-1,Wound1,930.0,676,7.096774
GAACTGTGGAGAGACA-1,Wound1,2583.0,1224,6.6976385
GAAGAAACGATATTGT-1,Wound1,271.0,219,8.118081
GAAGAACGGTGCAGGT-1,Wound1,90338.0,7959,2.2338328
GAAGCCACTGATTATG-1,Wound1,1920.0,970,5.0
GAAGCCTGCACATTCC-1,Wound1,2062.0,1274,5.28613
GAAGCGTGAGGAATTT-1-1,Wound1,388.0,321,3.0927835
GAAGCTTGCTGACCGC-1,Wound1,307.0,258,4.8859935
GAAGTCAGTTGCACTA-1-1,Wound1,2566.0,1395,4.871395
GAAGTCTCCCTAGCGA-1,Wound1,2336.0,1386,6.763699
GAAGTGATTTATCGTG-1,Wound1,2517.0,1579,1.6686531
GAAGTTTCCACTCAAT-1,Wound1,566.0,443,4.2402825
GAATAGACGCGACCCA-1-1,Wound1,761.0,473,10.906701
GAATAGTGCTCGATTA-1,Wound1,1086.0,738,3.6832411
GAATCGACATGGTCAC-1,Wound1,822.0,469,9.124087
GAATCTGAACATTCTC-1-1,Wound1,287.0,241,3.8327527
GAATGCGAATCGGTTC-1,Wound1,1391.0,708,4.529116
GAATGTATGGCAGGTC-1,Wound1,3889.0,1721,4.5512986
GAATGTGGTCCGGATT-1-1,Wound1,1803.0,1197,3.8269548
GAATGTTGGGTAATCT-1-1,Wound1,7279.0,3030,5.8936667
GAATTATAGTGAAAGG-1-1,Wound1,706.0,545,3.5410767
GAATTCACCCGGGTGT-1-1,Wound1,1512.0,910,2.910053
GAATTTCTCGCTGCAG-1,Wound1,181.0,151,4.4198895
GACAACGACCATTGAA-1-1,Wound1,35658.0,5932,5.8500195
GACAACGCAGCTTACG-1,Wound1,702.0,481,5.4131055
GACACAAGGGAAGAAA-1-1,Wound1,663.0,513,2.2624435
GACACTGAGTTCAGTG-1-1,Wound1,3332.0,1882,2.4009604
GACAGCCAGACCTGAC-1-1,Wound1,2128.0,1278,4.2763157
GACATCCGTCGAACTG-1,Wound1,1243.0,764,6.9991956
GACCAGAGCCCTGTAG-1,Wound1,698.0,523,4.0114613
GACCGTGCTGACGGTG-1-1,Wound1,532.0,355,16.353384
GACCTTCCACGTCTAC-1,Wound1,1243.0,755,8.930008
GACGACGATCCGCGTT-1-1,Wound1,2100.0,1286,5.3333335
GACGCCGTAAAGGCTA-1-1,Wound1,2173.0,1136,6.304648
GACGCCTGTTGCAGGG-1,Wound1,62506.0,7578,3.041308
GACGCTTGCTTCTAAA-1,Wound1,1194.0,638,15.410384
GACGGGTTGGCCCGTA-1,Wound1,723.0,549,3.1811898
GACGGTCAATAGAAGC-1,Wound1,262.0,222,6.10687
GACGTGTAGGGATTAT-1,Wound1,17.0,17,0.0
GACTAAGATCATGCAC-1,Wound1,578.0,444,2.9411764
GACTAAGTAGGCTCAC-1,Wound1,323.0,255,4.3343654
GACTAGGCCGTTAGGT-1,Wound1,918.0,557,10.784314
GACTCGCGGGAATGAC-1,Wound1,1355.0,870,4.797048
GACTCTAGAGTTCCAA-1,Wound1,4732.0,2212,3.233305
GACTGCAAATCGAGCT-1,Wound1,1213.0,748,6.1005774
GACTGCACCAGCCCAG-1-1,Wound1,4103.0,1927,3.0709238
GAGACTGATGGGTAGA-1,Wound1,736.0,540,5.4347825
GAGACTTCGCGACCGA-1-1,Wound1,3835.0,1848,5.345502
GAGAGGGCGCGAGGTT-1,Wound1,1266.0,868,5.21327
GAGAGTCTCGGGAGAG-1,Wound1,184.0,140,15.76087
GAGATCTGCTTGGCAT-1,Wound1,797.0,575,7.6537013
GAGATCTGTCACTCCG-1-1,Wound1,961.0,701,2.3933403
GAGATCTTCCATGACA-1-1,Wound1,1927.0,1214,5.3969903
GAGATGGGAGTCGACA-1-1,Wound1,1175.0,745,5.787234
GAGCACCTGTGTCCAG-1,Wound1,1533.0,649,3.3268101
GAGCATCATCCCTGGG-1,Wound1,934.0,547,2.3554604
GAGCCAGCTACCTGTG-1-1,Wound1,1439.0,881,5.9763727
GAGCGCGCACGAGTAG-1-1,Wound1,598.0,455,8.361204
GAGCTAAGGGCATATC-1-1,Wound1,1366.0,953,2.0497804
GAGCTCTCGGACCTAA-1,Wound1,6094.0,2711,3.5116508
GAGGAATGGAGAGGTT-1,Wound1,163.0,146,4.907975
GAGGGCATCGCGTATC-1,Wound1,52019.0,7039,4.102347
GAGGGCGCAGCTCTGC-1-1,Wound1,1859.0,1154,3.3351264
GAGGTACGCGTGTCCC-1,Wound1,2588.0,1342,6.2983
GAGGTCCCAAAGATCT-1,Wound1,542.0,394,5.3505535
GAGTACGGGTATACAA-1,Wound1,3738.0,1722,6.0192614
GAGTAGATACTAGTTG-1,Wound1,1642.0,1083,6.5164433
GAGTATGCGCGTGCAT-1,Wound1,1324.0,681,5.1359515
GAGTCAGACCAGAATC-1,Wound1,1148.0,774,5.4006968
GAGTCCGCTTACCGGA-1-1,Wound1,1659.0,1091,2.7124774
GAGTGTGCGGTACCCA-1-1,Wound1,8929.0,3301,3.6846232
GATAAATCGGTGGATG-1,Wound1,11137.0,3704,2.5321002
GATAACTCGCACTGTG-1-1,Wound1,1570.0,1024,5.7324843
GATAAGGCAGATGCAA-1,Wound1,28343.0,5238,5.461666
GATACGATGGGAGTCA-1,Wound1,772.0,579,2.7202072
GATAGGTAACGTTGAC-1-1,Wound1,1949.0,1224,4.7203693
GATATGAGACACTAAC-1-1,Wound1,1257.0,916,1.909308
GATATGCGGTAGCCAA-1-1,Wound1,1945.0,1150,3.1362467
GATATTTCCTACATGG-1-1,Wound1,11640.0,3324,4.3986254
GATCAACATAAAGGGA-1,Wound1,5394.0,2433,6.8223953
GATCATTCCAAACATT-1-1,Wound1,2120.0,1344,2.1698112
GATCCCTTTATACTGC-1-1,Wound1,329.0,274,2.1276596
GATCCGGGAATTAACA-1-1,Wound1,1509.0,960,9.476475
GATCCTAAATCGGGAC-1,Wound1,927.0,650,3.99137
GATCGACACTATCTGA-1,Wound1,380.0,286,12.631578
GATCGCGGGCTCTCCA-1-1,Wound1,573.0,448,2.617801
GATCGGTGGCCATAAC-1-1,Wound1,1756.0,1128,2.3917994
GATCGTGACTGATATC-1-1,Wound1,736.0,503,8.423913
GATCTGCTATCTAAGG-1,Wound1,1117.0,754,8.057297
GATCTTGGAGGGCATA-1-1,Wound1,940.0,696,4.4680853
GATCTTTGCAGGGTAT-1,Wound1,3838.0,1729,12.79312
GATGACAAGTAGGGCA-1,Wound1,592.0,425,11.824324
GATGCGTCCTGCATTC-1-1,Wound1,242.0,207,2.0661156
GATGCTACAAGCGCCT-1,Wound1,683.0,456,7.7598825
GATGCTGTATTTCATC-1-1,Wound1,465.0,384,3.6559138
GATGGCGCACACATTA-1,Wound1,519.0,403,3.6608863
GATGTTCAATCCACGA-1,Wound1,634.0,502,2.5236595
GATGTTTGTGCGAGAT-1,Wound1,404.0,323,5.19802
GATTACTGAATTTGGG-1,Wound1,1112.0,795,6.02518
GATTAGAAACAAGCGT-1,Wound1,153.0,143,4.5751634
GATTCCCTTGTCGCAG-1-1,Wound1,4952.0,2389,3.9176092
GATTCGACGGTTCACG-1-1,Wound1,1328.0,762,9.111446
GATTGGGAAAGGTTGT-1,Wound1,614.0,422,7.6547227
GATTTGCGCTAACACC-1,Wound1,286.0,242,3.1468532
GCAAACCCTACATTAT-1-1,Wound1,10701.0,3384,5.476124
GCAAACCTTGGCCATA-1,Wound1,1583.0,995,5.3695517
GCAAATATTACGCTTT-1,Wound1,1017.0,681,10.029498
GCAACCACCAGACCGG-1,Wound1,8030.0,2346,3.9975092
GCAAGAATTCCTTGGC-1,Wound1,197.0,165,6.5989842
GCAAGTGCACAGAGAA-1,Wound1,664.0,430,9.638554
GCACAGCACGGGCCGA-1,Wound1,367.0,274,9.264305
GCACGCCTACTTAGAT-1,Wound1,791.0,596,5.8154235
GCACTAGTCGCGCTAT-1,Wound1,1452.0,779,5.23416
GCACTGCCTACCTTTA-1,Wound1,2930.0,1539,4.8464165
GCAGATCCATAAGACT-1-1,Wound1,922.0,540,5.965293
GCAGATTAGGGATATC-1-1,Wound1,367.0,300,2.452316
GCAGCACACAGCCCAG-1,Wound1,931.0,693,3.86681
GCAGGACTATAGAATA-1,Wound1,4515.0,1841,11.7607975
GCAGGTAGAGTATGGT-1,Wound1,11387.0,4224,3.4513042
GCATAGAGCACTCAGG-1-1,Wound1,296.0,252,3.3783782
GCATCCCTAACTTTGA-1,Wound1,2932.0,1558,3.13779
GCATGAGGGACGCGGC-1-1,Wound1,2087.0,1323,3.0666027
GCCAATAGGGCATCTC-1,Wound1,267.0,225,5.6179776
GCCACAATTTAAGGAC-1,Wound1,279.0,224,6.0931897
GCCACTCAGAGCGCGA-1,Wound1,320.0,244,6.5624995
GCCAGGAAAGAACACT-1,Wound1,628.0,427,9.235669
GCCAGGAGTAACCGAT-1-1,Wound1,2252.0,1375,2.9751332
GCCATATTGCACACAG-1-1,Wound1,1666.0,1094,3.3013206
GCCATCGAGCTGCGTG-1-1,Wound1,6105.0,2428,6.9451275
GCCCACCAAGGCTGTC-1,Wound1,3899.0,1622,2.2056937
GCCCAGTTGGTATGCC-1,Wound1,1282.0,874,2.5741029
GCCCGATCTGTGGTCG-1-1,Wound1,1195.0,830,3.6820083
GCCCGCGCGTTTGACA-1,Wound1,680.0,538,3.382353
GCCCGTAATACCTTCT-1-1,Wound1,3687.0,2061,2.5766206
GCCCTGAGGATGGGCT-1,Wound1,5439.0,2374,9.064166
GCCGAAATTCCTACGT-1,Wound1,520.0,411,4.8076925
GCCGATTGGCCAAGCT-1-1,Wound1,591.0,464,2.0304568
GCCGCTTGTGAGAAAC-1,Wound1,656.0,460,6.5548778
GCCGGGTTAGGGTCGC-1-1,Wound1,240.0,208,3.3333335
GCCTAGCGATCTGACC-1,Wound1,265.0,228,2.264151
GCCTATAGTGTCAGGG-1-1,Wound1,5961.0,2869,3.4390204
GCCTATTCCGATATAG-1,Wound1,444.0,363,2.927928
GCCTCATCTGGAAATA-1,Wound1,322.0,255,9.006211
GCCTCTATACATAGCA-1-1,Wound1,3101.0,1499,5.4821024
GCCTGTCCCGGTGCAT-1,Wound1,315.0,249,6.666667
GCGAAACTTAACTGGA-1-1,Wound1,1957.0,1167,5.825243
GCGAAGCCATACCCGT-1-1,Wound1,3384.0,1993,2.245863
GCGACCCAACCATCTG-1,Wound1,939.0,638,9.904154
GCGACGATAGTTGTAC-1-1,Wound1,1825.0,869,3.1232877
GCGAGGCCCGAGCAGA-1,Wound1,1037.0,777,2.3143685
GCGAGTTCTGCAAAGA-1-1,Wound1,290.0,253,2.7586207
GCGATTGTTAACGTTA-1-1,Wound1,1167.0,796,6.0839763
GCGCATCCAGTCAGCA-1,Wound1,1009.0,710,3.666997
GCGCCGTTCCACGATA-1-1,Wound1,656.0,498,4.268293
GCGCGGTCTAGTAACT-1,Wound1,1378.0,861,5.370102
GCGCGTCATTGGTACA-1,Wound1,855.0,496,3.274854
GCGCTAATTGAATAGA-1-1,Wound1,414.0,326,3.3816423
GCGCTATGCCGAGGCA-1-1,Wound1,918.0,692,3.7037036
GCGCTGATCCAGACTC-1-1,Wound1,32892.0,5885,1.5018849
GCGCTGCTTTGCATTT-1,Wound1,2224.0,1332,3.5971224
GCGCTTAAATAATTGG-1,Wound1,601.0,402,5.1580696
GCGGACCGCGTTGTGG-1-1,Wound1,7077.0,2538,5.341246
GCGGAGAAACTTCGCA-1,Wound1,610.0,451,6.0655737
GCGGAGAGGGAGAACG-1-1,Wound1,1281.0,821,4.7619047
GCGGCTCTGACGTACC-1,Wound1,874.0,549,12.356979
GCGGGAACCAGGCCCT-1,Wound1,1518.0,896,10.408432
GCGGGCGAGCCTTACC-1,Wound1,1741.0,1108,3.8483632
GCGGTGAACTGCGCTC-1,Wound1,4575.0,2352,3.5628417
GCGGTTCCCTATCATG-1-1,Wound1,1230.0,853,3.3333335
GCGTCGCCAGGGTGAT-1-1,Wound1,2712.0,1441,7.4115047
GCGTCTCTGCATTGGG-1,Wound1,1512.0,1040,3.4391534
GCGTGGTACTGGGTTA-1,Wound1,501.0,381,9.98004
GCGTTCGGAGACCGGG-1,Wound1,1809.0,1041,3.758983
GCTAACTGAAGTCTGA-1,Wound1,909.0,493,5.170517
GCTAAGTAGTTTCTCT-1-1,Wound1,1111.0,765,8.2808275
GCTAATACCGAATGCC-1,Wound1,448.0,364,4.910714
GCTACGACTTATTGGG-1-1,Wound1,1206.0,770,9.86733
GCTAGCAGGGAGTGGG-1,Wound1,17069.0,4557,2.735954
GCTAGCTTGAATAGCT-1-1,Wound1,7006.0,2478,7.079646
GCTAGGCACCACGGAG-1-1,Wound1,1798.0,967,4.9499445
GCTAGTAGAGCTTGTA-1-1,Wound1,1070.0,672,5.8878503
GCTAGTTTCATTGAGG-1,Wound1,842.0,647,2.8503563
GCTATACGTCTCGGAC-1-1,Wound1,823.0,488,4.4957476
GCTATCATACTCATGG-1-1,Wound1,3796.0,1756,4.741833
GCTCAATGTAATACCG-1,Wound1,728.0,522,7.5549455
GCTCATTACTGCATGT-1,Wound1,1813.0,976,3.364589
GCTCATTGATCATATC-1,Wound1,722.0,474,10.526316
GCTCGGAATTTAAAGC-1-1,Wound1,11447.0,4387,3.0663056
GCTCTAAACCCTGACG-1,Wound1,543.0,414,5.709024
GCTCTATGTTACGTGC-1,Wound1,631.0,480,7.92393
GCTCTCGGGTACCGAA-1-1,Wound1,805.0,604,6.335404
GCTCTTTCCGCTAGTG-1,Wound1,330.0,261,8.484849
GCTGAGGCGTGAGTAT-1-1,Wound1,1152.0,757,4.6875
GCTGCACGGTTTCTTA-1-1,Wound1,1201.0,822,8.492923
GCTGCGAAGAATTATT-1,Wound1,1404.0,842,7.834758
GCTGCTAAGTAGTCGA-1,Wound1,910.0,644,4.5054946
GCTGCTACTGCGTAGC-1-1,Wound1,1049.0,682,4.0038133
GCTGCTCTCCGGACAC-1-1,Wound1,627.0,480,3.9872408
GCTGGACCCAAAGTGG-1,Wound1,20849.0,4431,6.3600173
GCTGGCATATTCACCT-1,Wound1,449.0,335,11.804009
GCTGGCGGCGCATGCT-1-1,Wound1,3756.0,1982,4.7657084
GCTGTTGCTACCGAAC-1,Wound1,317.0,263,7.570978
GCTTAATGTAACTAAC-1-1,Wound1,1738.0,1167,3.1070194
GCTTATGAAGCAGGAA-1-1,Wound1,1273.0,747,18.61744
GCTTCCGTCCCTAGAC-1-1,Wound1,1320.0,947,1.8939395
GCTTGATGATAATCAG-1,Wound1,4056.0,2197,2.5641026
GCTTGGATCGATTAGG-1,Wound1,484.0,378,7.85124
GCTTTCAGAGGAGGTG-1,Wound1,1433.0,905,8.792743
GGAAAGTCTTGATTGT-1,Wound1,234.0,198,6.410257
GGAAAGTGCCCATGCC-1-1,Wound1,1262.0,836,3.961965
GGAACCGTGTAAATTG-1-1,Wound1,1609.0,811,4.9720325
GGAATGCGCTAGCGTG-1-1,Wound1,558.0,451,2.329749
GGACCAACAGGATAAC-1-1,Wound1,6896.0,2973,5.8584685
GGACCTCTAGGCCGCC-1,Wound1,1480.0,912,10.472973
GGAGAAGTCATTGGCA-1,Wound1,495.0,373,10.70707
GGAGACGACACCTTTG-1-1,Wound1,1971.0,1105,7.305936
GGAGCACCAAGAACTA-1-1,Wound1,4940.0,2414,4.1700406
GGAGCGAGGCCTACTT-1,Wound1,3221.0,1592,10.617821
GGAGGGCTTGGTTGGC-1-1,Wound1,460.0,366,3.0434783
GGAGTGCCGCCCTGGA-1,Wound1,2415.0,1162,20.455486
GGATCATCCCGTACGC-1,Wound1,8261.0,3006,4.382036
GGATCCGGAATATACT-1-1,Wound1,1142.0,762,7.7933455
GGATGAAGATCGCTGA-1,Wound1,587.0,428,9.199318
GGATGACGCGAGTTTA-1,Wound1,1009.0,752,2.775025
GGATGTCCTTACCGCA-1-1,Wound1,4035.0,1311,33.581165
GGATTCAGTACGGTGG-1,Wound1,578.0,426,3.8062282
GGATTCCGCTATACCC-1-1,Wound1,11322.0,3349,5.158099
GGATTTCACTTCTATA-1-1,Wound1,624.0,515,1.6025642
GGCAAAGGCGCCAATA-1,Wound1,815.0,564,6.01227
GGCAAATTACTTTACT-1-1,Wound1,351.0,284,8.262108
GGCAAGCCCATAGTGG-1,Wound1,1867.0,1089,7.7129083
GGCAAGGCGAAATAGC-1-1,Wound1,1921.0,1257,3.019261
GGCAATAGTCAATGAG-1-1,Wound1,748.0,557,3.6096256
GGCACTCCACTGGGCA-1,Wound1,569.0,433,5.096661
GGCAGCGGTAATCCTA-1,Wound1,17335.0,4343,2.9824057
GGCATACAGGTAGCGG-1,Wound1,11604.0,3340,21.656326
GGCATATCGGTTCTGC-1-1,Wound1,52934.0,6911,1.9269278
GGCATTGAACATCTCA-1,Wound1,1701.0,1068,3.1746035
GGCCGAGACTCTGGTG-1,Wound1,672.0,467,9.226191
GGCCGTTTGGGTTTCA-1,Wound1,2004.0,1249,3.1936128
GGCCTGCTCTGATGTT-1,Wound1,196.0,166,6.122449
GGCGAAATCTAACTTG-1-1,Wound1,11004.0,3929,2.526354
GGCGCATGAATTGATG-1-1,Wound1,245.0,219,2.4489796
GGCGCGGAGATCTTTC-1,Wound1,962.0,493,4.4698544
GGCGCGTTCGAGTTTA-1-1,Wound1,1540.0,1006,4.935065
GGCGCTTCATTCCCTG-1,Wound1,3787.0,1804,9.374174
GGCGGAGTAATATTAG-1,Wound1,944.0,693,4.8728814
GGCGGTAGGATCATTG-1-1,Wound1,529.0,436,1.3232515
GGCGTCCTATCCGCTG-1,Wound1,696.0,486,9.913794
GGCTAAAGGGCGGGTC-1,Wound1,2829.0,1575,3.1813362
GGCTATTAAGTTGTAT-1,Wound1,8688.0,3084,10.69291
GGCTCCTCCACCTGTT-1,Wound1,1319.0,856,4.852161
GGCTCGCGTTGAGGTA-1,Wound1,640.0,508,6.25
GGCTCGTGCCACCAGC-1,Wound1,1200.0,830,2.75
GGCTCTGCTCCAACGC-1-1,Wound1,1564.0,1021,3.6445014
GGCTGAAATAGCAAAG-1-1,Wound1,1672.0,893,7.296651
GGCTGGCTAGCTTAAA-1,Wound1,55471.0,7288,3.6181066
GGCTGTCCTACTGCGG-1,Wound1,76.0,72,5.263158
GGCTTTCAATAAGGGT-1,Wound1,1822.0,1143,4.7200875
GGGAACGGGAGGTTAG-1,Wound1,1110.0,689,13.603603
GGGAAGACGGTCTGTC-1,Wound1,998.0,420,4.108217
GGGACCCGTATATCTT-1,Wound1,424.0,337,4.0094337
GGGACTGCATAGATAG-1-1,Wound1,423.0,364,1.891253
GGGAGAACTCACAGTA-1-1,Wound1,832.0,617,1.6826924
GGGAGGATGCCCGAAA-1-1,Wound1,1983.0,1312,2.1684318
GGGAGTTAATGAGGCG-1-1,Wound1,426.0,353,1.6431924
GGGATGGTCGTAACCG-1,Wound1,697.0,464,3.7302725
GGGATTTACCGCACCT-1-1,Wound1,3423.0,1572,7.800175
GGGCAGAGCAATCGTT-1,Wound1,891.0,586,4.1526375
GGGCATGCATGTCGAG-1,Wound1,5124.0,2360,3.3372364
GGGCCCGTCTTAAACA-1-1,Wound1,379.0,308,1.5831136
GGGCCGGCCGAAGTAC-1-1,Wound1,1944.0,1113,7.973251
GGGCGATATGTGTGAA-1-1,Wound1,469.0,386,4.0511727
GGGCGGCAAATGAATT-1-1,Wound1,1318.0,767,5.9180574
GGGCGGGTTCCCTACG-1,Wound1,253.0,171,2.7667985
GGGCGGTCCTATTGTC-1,Wound1,3232.0,1718,3.7747524
GGGCGTACATTTATAT-1,Wound1,531.0,364,12.241055
GGGCGTCACCACGTAA-1-1,Wound1,592.0,426,7.6013513
GGGCGTCCACTGGCTC-1-1,Wound1,29067.0,5887,4.4277015
GGGCTATGATCGATGG-1,Wound1,503.0,367,2.7833002
GGGCTCATCGAACCCA-1-1,Wound1,916.0,673,3.7117903
GGGCTGCCTAGGGCGA-1-1,Wound1,448.0,368,1.5625
GGGCTGGTTAGTCGCG-1,Wound1,302.0,249,3.97351
GGGTACCCACGGTCCT-1,Wound1,1487.0,936,4.1694684
GGGTACTTCATGAACT-1,Wound1,902.0,624,6.984479
GGGTCACCGTGACGGT-1-1,Wound1,706.0,541,4.249292
GGGTGACACCTTAACT-1-1,Wound1,1307.0,866,2.2188215
GGGTTAACATTTGAGT-1-1,Wound1,2998.0,1428,5.4703135
GGTACAAACATGCTAT-1-1,Wound1,431.0,332,5.3364267
GGTAGAAGACCGCCTG-1-1,Wound1,2494.0,1417,5.21251
GGTAGACCGTTGGGCG-1-1,Wound1,1841.0,1103,4.2911463
GGTAGGCCAATATCAC-1,Wound1,1657.0,1094,3.2589014
GGTAGTGCTCGCACCA-1-1,Wound1,648.0,495,2.1604939
GGTATTGCCGAGTTTA-1-1,Wound1,293.0,253,3.4129694
GGTCAGTGGGTCCCAC-1-1,Wound1,3470.0,1946,4.553314
GGTCGGATAAACGGCG-1,Wound1,1654.0,1040,3.083434
GGTCGGCCAGGAGCTT-1-1,Wound1,384.0,321,3.90625
GGTCGGTAATTAGACA-1,Wound1,59716.0,7353,3.387702
GGTCGGTCGTCCACAG-1,Wound1,542.0,408,2.9520295
GGTCTGAGAATCTGGA-1-1,Wound1,919.0,667,2.7203481
GGTCTTGAGCGCTCTT-1,Wound1,2118.0,1237,6.7516527
GGTGAGATGCAGATAA-1,Wound1,2525.0,1462,2.891089
GGTGATAAGGAGCAGT-1-1,Wound1,1245.0,913,2.0883534
GGTGCGGATAAGTGGC-1,Wound1,3619.0,1699,13.152805
GGTGCTGGTACACATT-1,Wound1,572.0,452,1.923077
GGTGGACTGCTCTGGC-1-1,Wound1,3250.0,1563,5.538461
GGTGTAAATCGATTGT-1,Wound1,1300.0,816,7.230769
GGTTACCGCTCCCTAC-1,Wound1,53.0,51,5.6603775
GGTTAGCTATATGTCT-1-1,Wound1,10208.0,3249,4.5062695
GGTTAGGCTTGGAGAA-1,Wound1,387.0,314,4.3927646
GGTTTAATTACCATCG-1,Wound1,686.0,513,5.8309035
GGTTTACAATCTCAAT-1-1,Wound1,4095.0,2018,3.9316242
GGTTTCAATCGGTCAG-1-1,Wound1,2373.0,1174,15.297092
GTAACAGGTTAACGGC-1,Wound1,93.0,85,4.3010755
GTAAGCGGGCAGTCAG-1,Wound1,1754.0,1093,4.903079
GTAAGTAACAGTCTGG-1-1,Wound1,2933.0,1769,2.4889193
GTAAGTAGGGTATACC-1,Wound1,413.0,348,3.1476996
GTAATCTGATTCTTCG-1-1,Wound1,1074.0,682,6.79702
GTACACTTACCTGAAG-1-1,Wound1,305.0,250,2.2950819
GTACAGAGGCAAGGGT-1-1,Wound1,11564.0,3619,7.929782
GTACGACGGCGCTGCG-1,Wound1,14530.0,4007,5.443909
GTACGAGATTGCGACA-1,Wound1,1072.0,713,4.570895
GTACGCTTCATTGCAC-1-1,Wound1,995.0,733,3.517588
GTACGTTTGCCCGTCA-1-1,Wound1,1287.0,787,7.070707
GTACTAAGATTTGGAG-1,Wound1,328.0,281,4.5731707
GTACTCCTGGGTATGC-1,Wound1,362.0,300,4.6961327
GTACTGGAGTTAGACC-1-1,Wound1,755.0,586,2.9139073
GTACTTGGGCACTTCT-1,Wound1,1198.0,798,2.9215357
GTAGACACGCCTGACT-1,Wound1,1349.0,836,4.8925133
GTAGACGTCGTTACAT-1,Wound1,12146.0,3339,2.3876173
GTAGCCAAACATGGGA-1-1,Wound1,12400.0,3749,5.306452
GTAGCGGCTATACACT-1-1,Wound1,315.0,275,1.904762
GTAGCTTCCTCTTGTT-1-1,Wound1,899.0,583,8.342603
GTAGGTGATCCGTGTA-1-1,Wound1,7202.0,2678,7.4562626
GTAGTCGCGGGAATCA-1-1,Wound1,9556.0,2889,7.063625
GTAGTCTACGATATTG-1,Wound1,722.0,441,5.263158
GTATAGGACTCAGTAG-1,Wound1,522.0,404,4.597701
GTATCAGCTTGGGTTC-1,Wound1,265.0,225,3.018868
GTATCTTTCATAACCA-1-1,Wound1,778.0,598,3.4704368
GTATGTGGGTCTAGTT-1,Wound1,694.0,529,4.034582
GTATTAAGGCGTCTAA-1,Wound1,185.0,160,2.7027028
GTCAAAGTTTACATAG-1,Wound1,8309.0,3308,4.5011435
GTCAAGCGGACTCGGG-1-1,Wound1,429.0,358,1.6317016
GTCACTCTCCAAATCT-1,Wound1,556.0,425,5.3956833
GTCAGAATAGTCTATG-1,Wound1,375.0,317,5.8666663
GTCATGCACCTCCGTT-1-1,Wound1,413.0,328,1.6949153
GTCATGGACATGACTA-1-1,Wound1,902.0,651,4.9889135
GTCATTAGAGCGAACG-1-1,Wound1,328.0,266,1.5243902
GTCCCAACGTAAAGTA-1-1,Wound1,343.0,295,4.373178
GTCCCGCGACGTTATG-1,Wound1,1617.0,622,2.5974026
GTCCGGACCTGAAATT-1-1,Wound1,8226.0,3072,5.166545
GTCCGGCTGAATTGCG-1,Wound1,441.0,346,6.349207
GTCCGGGTTCACATTA-1,Wound1,1149.0,716,12.271541
GTCCTACGAATAGTCT-1-1,Wound1,4658.0,1877,5.7106056
GTCGCCGTTGTGTGTT-1,Wound1,819.0,597,6.593407
GTCGCGTAACCCGTTG-1-1,Wound1,568.0,445,6.6901407
GTCGGATATCTCAGAC-1,Wound1,4880.0,2140,11.864754
GTCGGATGTAGCGCGC-1-1,Wound1,4008.0,1729,7.50998
GTCGGGAAGCAGAAAC-1,Wound1,1212.0,780,3.6303632
GTCGTACCATCTCGGG-1-1,Wound1,1131.0,809,5.393457
GTCGTATTGGCGTACA-1,Wound1,5443.0,2753,3.2886274
GTCGTTATTCGCTTAT-1-1,Wound1,928.0,666,5.6034484
GTCTATACACGCATGG-1,Wound1,912.0,610,6.5789475
GTCTATCTGAGTTTCT-1,Wound1,1447.0,989,2.0041466
GTCTATTGGTTCCGGT-1-1,Wound1,1066.0,621,8.161351
GTCTCAAGGCCCGGCT-1,Wound1,1349.0,867,4.447739
GTCTCCGCCTCAATAC-1,Wound1,2629.0,1442,4.0319514
GTCTCGATCTGCTTTC-1-1,Wound1,4333.0,2108,3.923379
GTCTGGGCGGTCGAGA-1,Wound1,519.0,388,2.6974952
GTCTGTAGGTTGAACA-1,Wound1,69.0,62,5.7971015
GTGAAACGGCGCCACC-1-1,Wound1,5760.0,2741,2.8993056
GTGAAACGTGCTCCAC-1,Wound1,1568.0,820,2.5510204
GTGAAGATTTCAAGTG-1,Wound1,749.0,557,3.070761
GTGACCGCACACTACG-1-1,Wound1,1460.0,913,6.780822
GTGACTTCAGTAGTGC-1-1,Wound1,781.0,574,2.4327784
GTGAGGACACTTAAGG-1-1,Wound1,8562.0,3615,3.1067507
GTGAGTGGTACAACGC-1-1,Wound1,934.0,666,6.20985
GTGATCATAGATCTGC-1-1,Wound1,511.0,407,2.739726
GTGCCCGTTCGGATTC-1-1,Wound1,2704.0,1603,4.031065
GTGCCGCTTCAAAGGT-1,Wound1,577.0,461,5.199307
GTGCGAAATCGAACAC-1,Wound1,509.0,373,7.6620827
GTGCGGGTCTCCAAAT-1,Wound1,1674.0,1033,3.4050179
GTGCGTGTATATGAGC-1-1,Wound1,3789.0,2150,3.087886
GTGCTCAAGTACTGTC-1-1,Wound1,405.0,335,3.2098765
GTGGAACCTACATGCG-1-1,Wound1,1025.0,640,4.7804875
GTGGACGCATTTGTCC-1-1,Wound1,4310.0,2043,5.0812063
GTGGACGTGCTGAGAC-1,Wound1,7094.0,3184,2.5655484
GTGGAGTCGGCGGTTG-1,Wound1,538.0,421,6.877323
GTGGGCTTAGACACAC-1,Wound1,392.0,323,7.6530614
GTGGTGGCCAAGTGAA-1-1,Wound1,1571.0,1027,5.5378737
GTGTACCTTGGCTACG-1-1,Wound1,3626.0,1929,4.384997
GTGTATATCAGCGGGC-1,Wound1,1775.0,806,4.3943663
GTGTCGTATAGCGTTC-1-1,Wound1,2317.0,1195,5.351748
GTGTGAATAACTTAGG-1-1,Wound1,641.0,480,6.552262
GTGTTACTATGCGTCC-1-1,Wound1,1823.0,1262,2.1941853
GTTAAAGTAGGACTGG-1-1,Wound1,1508.0,803,9.350133
GTTAACATCACTTAAA-1-1,Wound1,4793.0,2089,4.923847
GTTAAGGGTGCGATGT-1,Wound1,1653.0,763,4.0532365
GTTACAATTGGTGACG-1,Wound1,2851.0,1146,20.098211
GTTACCTACAACTTGC-1-1,Wound1,1405.0,963,4.4128113
GTTACTTTGGGCCTAG-1-1,Wound1,488.0,397,2.6639345
GTTAGCCCATGACATC-1,Wound1,2207.0,1199,10.647939
GTTATATTATCTCCCT-1-1,Wound1,1898.0,1249,3.2139091
GTTCACAGGAGTCTAG-1,Wound1,1677.0,976,9.600477
GTTCAGTCGCCAAATG-1,Wound1,1412.0,893,5.8073654
GTTCCAGTCTGACCAT-1,Wound1,579.0,395,10.7081175
GTTCGCCATAAGTGCC-1-1,Wound1,485.0,379,0.6185567
GTTCGTCTAAAGAACT-1-1,Wound1,1124.0,708,6.850534
GTTGAACCGGTTCCAT-1,Wound1,347.0,291,4.610951
GTTGAGTCCCGCCGGT-1-1,Wound1,5619.0,2101,5.5703864
GTTGCACGGAGTTTCG-1,Wound1,342.0,264,7.6023393
GTTGGATTCAGTGGCT-1,Wound1,33877.0,5833,4.097175
GTTGGATTGAGAACAC-1-1,Wound1,4217.0,1619,9.366848
GTTGGATTTGCGTTGG-1-1,Wound1,531.0,417,2.259887
GTTGGTCATGCTATCC-1-1,Wound1,5137.0,2383,4.3799887
GTTGTAGATTTATGAG-1,Wound1,1223.0,764,8.176615
GTTTACGTTCCATCTG-1-1,Wound1,4427.0,2434,3.320533
GTTTCCTGGAGGGTGA-1,Wound1,308.0,257,8.441559
GTTTCTGCAGTCTCCC-1-1,Wound1,1546.0,996,6.338939
GTTTGACCAAATCCTA-1-1,Wound1,1537.0,1043,2.016916
GTTTGGCCCAAGTTAT-1-1,Wound1,1669.0,1126,3.9544637
GTTTGGCCGCTCAGCG-1,Wound1,48970.0,7145,2.5893402
GTTTGGGCTTGTGAGC-1-1,Wound1,6799.0,2903,5.956758
GTTTGGTAGGGTCAAC-1-1,Wound1,3358.0,1740,3.8415723
TAAACCCAGGAGGGCA-1,Wound1,1310.0,869,4.580153
TAAAGCGGTATTTCCA-1,Wound1,875.0,567,9.3714285
TAAAGCGTTAGGAGAA-1-1,Wound1,998.0,735,2.8056114
TAAAGCTGCAATAGGG-1,Wound1,5705.0,2331,3.5582821
TAAATGAATCCGTTTC-1,Wound1,441.0,357,3.1746035
TAACAAAGGGAGAAGC-1,Wound1,672.0,545,2.6785715
TAACAGCGTTTGTGCT-1,Wound1,2864.0,1572,5.2374306
TAACAGGTTCCCTTAG-1,Wound1,1144.0,780,5.4195805
TAACATACAATGTGGG-1-1,Wound1,217.0,193,1.3824885
TAACTATCGAAGGTCC-1,Wound1,6595.0,3013,2.7596664
TAACTCATCCGCGCGG-1-1,Wound1,939.0,714,1.9169328
TAACTCCATGGAGGCT-1,Wound1,437.0,338,6.407323
TAAGGAACTTGTGGGA-1,Wound1,7039.0,3168,3.1964767
TAAGGCAACATAAGAT-1-1,Wound1,1706.0,1096,3.4583821
TAAGGCATAACATCAA-1,Wound1,948.0,672,3.4810126
TAAGGCCCGTCACCCT-1,Wound1,1485.0,577,4.8484845
TAAGTAACATCTTGAC-1,Wound1,439.0,317,10.70615
TAATAAACAAGGAGAT-1-1,Wound1,3450.0,1813,6.550725
TAATACACAGTAGTAT-1,Wound1,1829.0,1010,15.090214
TAATAGTGACGACCAG-1-1,Wound1,14123.0,4619,4.559938
TAATATTGAAATTCGC-1,Wound1,3899.0,1781,11.8235445
TAATCGATCCGTACGT-1,Wound1,1571.0,1002,2.6098025
TAATTAGATGGATATG-1,Wound1,3024.0,1362,4.3320103
TAATTGGAATCGGGAA-1,Wound1,2064.0,1098,2.906977
TACAACGCACAACTCA-1-1,Wound1,270.0,230,2.9629629
TACATAGGCATACACC-1-1,Wound1,429.0,359,2.7972028
TACATTTCTAACGTGC-1-1,Wound1,284.0,236,3.521127
TACCAAATAGCCCAGA-1,Wound1,979.0,661,4.085802
TACCAATAAAGTACCA-1-1,Wound1,5304.0,2214,5.0527906
TACCAGAAGTAGGTTC-1-1,Wound1,1827.0,709,2.6272578
TACCGCGGACTTGCAG-1,Wound1,1694.0,1008,7.85124
TACCGGCTCACTGCCC-1-1,Wound1,1189.0,845,2.1026073
TACCGTAGGTTAACTA-1,Wound1,1237.0,862,4.042037
TACCGTGCCTCGGACC-1-1,Wound1,11333.0,3745,5.2413306
TACCTACTCCCAGTAT-1,Wound1,1048.0,749,4.580153
TACCTCAGTTGTCTGT-1,Wound1,1259.0,868,2.5417
TACGAACACGACTTCA-1,Wound1,287.0,233,9.407665
TACGACGCTTGCTGCG-1-1,Wound1,1084.0,745,5.2583027
TACGACTGCCTCTTAG-1-1,Wound1,1548.0,944,9.625323
TACGAGAACTTCACGT-1,Wound1,2882.0,1516,9.056211
TACGATGTTGATCATC-1,Wound1,8796.0,2997,9.720327
TACGCAGTTCTTTCCT-1-1,Wound1,280.0,217,13.214286
TACGCCATATTCTAAT-1-1,Wound1,520.0,406,5.576923
TACGCCGAGGGTACCC-1,Wound1,2565.0,1460,3.976608
TACGCCTCCATTCCGA-1,Wound1,1369.0,895,4.967129
TACGCTCCTAGAACTG-1,Wound1,1091.0,702,5.8661776
TACGGAAGCCAAACCA-1,Wound1,486.0,347,15.432098
TACGGGATGCTAGCAG-1-1,Wound1,4442.0,2156,3.7145429
TACGTGCACTATGCTG-1,Wound1,429.0,354,3.2634032
TACTATGGTTCCTCAG-1,Wound1,836.0,613,4.186603
TACTCTCCGAACAAAT-1-1,Wound1,23120.0,5728,3.4385812
TACTCTTTCGTCTTCA-1,Wound1,1755.0,1142,3.0769231
TACTGAACAGATTTAG-1,Wound1,965.0,678,6.6321244
TACTGCAATCAATTAC-1,Wound1,904.0,610,4.424779
TACTGCATGATTAAAT-1,Wound1,31.0,31,0.0
TACTTGTTAGTAGTCC-1-1,Wound1,6170.0,2836,3.9546192
TACTTTACTGAGCCGG-1,Wound1,657.0,483,3.500761
TAGAAAGGTGGCGCTA-1-1,Wound1,1655.0,1113,2.6586103
TAGACGAAACGCCAAT-1,Wound1,1402.0,512,3.7089872
TAGACGCCCGTACCGG-1-1,Wound1,808.0,507,14.232673
TAGAGTCTAAGCGAAC-1,Wound1,982.0,729,2.342159
TAGATATGGACTGGAA-1-1,Wound1,1394.0,786,3.9454806
TAGCCATTTCAAAGTC-1-1,Wound1,9821.0,3382,4.806028
TAGCCGGCGGTCAGCG-1-1,Wound1,689.0,513,7.9825835
TAGCGTCCGGTGTGGT-1-1,Wound1,2148.0,1139,5.493482
TAGCGTTGGGTCTTAC-1-1,Wound1,167.0,144,4.7904196
TAGCTAAGTCCGGGAG-1-1,Wound1,739.0,569,5.1420836
TAGCTAGAAGGCATGA-1-1,Wound1,1125.0,752,5.8666663
TAGCTAGTGATGATGG-1,Wound1,5518.0,2617,2.0478435
TAGCTCGCCTGATAAC-1-1,Wound1,1191.0,789,3.6943746
TAGGCATGTTACGCCA-1-1,Wound1,5616.0,2704,2.9202278
TAGGGAGCTTGGGATG-1,Wound1,755.0,520,9.536424
TAGGGTGTTTCAAGAG-1,Wound1,524.0,380,10.687022
TAGGTCGCCGGAACTG-1,Wound1,284.0,243,5.28169
TAGGTGACGATAACCT-1,Wound1,795.0,480,7.0440254
TAGGTGAGCCCTACTC-1,Wound1,245.0,208,6.530612
TAGGTGCTCGCCTAGC-1-1,Wound1,1329.0,907,3.6117382
TAGGTGTTCCACAGAT-1,Wound1,1103.0,764,4.5330915
TAGGTTCGAGTTCGTC-1-1,Wound1,290.0,237,5.5172415
TAGGTTCTGCTGAGAA-1,Wound1,1125.0,727,7.733333
TAGTAGCTTATACCAG-1,Wound1,1638.0,1079,4.578755
TAGTCCGCAGAGAATG-1-1,Wound1,462.0,358,8.874459
TAGTCTGCGGCACATT-1,Wound1,689.0,463,10.30479
TAGTCTGTGACGTTGC-1,Wound1,499.0,392,3.006012
TAGTGCCCTCCAGAGT-1,Wound1,384.0,299,5.46875
TATAAATCCACAAGCT-1,Wound1,287.0,241,2.4390242
TATAAGTGAGGATAGC-1,Wound1,1246.0,886,2.247191
TATACACAGACGCCTT-1-1,Wound1,690.0,534,4.347826
TATACACGCAAAGTAT-1,Wound1,1055.0,784,1.9905213
TATACGCGTCATCACT-1,Wound1,1135.0,791,3.0837004
TATATATCGAGAAATG-1,Wound1,2145.0,1117,9.184149
TATATCAAAGTGATCT-1,Wound1,547.0,387,10.23766
TATATCCCTGGGAGGA-1,Wound1,336.0,263,6.25
TATATTACAAATGTCG-1,Wound1,1620.0,899,3.9506176
TATCACCCAACCGACC-1,Wound1,2720.0,1398,5.110294
TATCACTTCGAGTAAC-1,Wound1,3570.0,1754,4.17367
TATCCAATTGGTTATC-1-1,Wound1,1710.0,938,4.5614033
TATCCATATCATGCGA-1,Wound1,4037.0,1742,14.441417
TATCCGCACCGTCGGG-1,Wound1,774.0,578,3.4883723
TATCCTATCAACTGGT-1,Wound1,503.0,354,6.163022
TATCGATCTATGCATA-1-1,Wound1,2254.0,1405,3.5048802
TATCGATGATTAAACG-1,Wound1,640.0,454,12.03125
TATCTACCACAGCGGG-1-1,Wound1,398.0,339,1.5075377
TATGATCTTCTCTTTA-1,Wound1,483.0,316,6.21118
TATGCTCCCTACTTAC-1-1,Wound1,1178.0,731,6.876061
TATGGATGTGCTACGC-1,Wound1,423.0,325,5.437352
TATGGCCCGGCCTCGC-1,Wound1,313.0,252,9.584664
TATGGGACCGAGCAGG-1-1,Wound1,448.0,363,2.0089285
TATGGGTACGTATCGT-1-1,Wound1,358.0,293,2.793296
TATGGTCTGAGTAACA-1-1,Wound1,266.0,229,3.7593982
TATGTCAAGACCGACT-1-1,Wound1,1287.0,845,4.7397046
TATGTCTCATTGTGCC-1-1,Wound1,3098.0,1790,1.5493867
TATTAACCTGACCGCG-1,Wound1,2934.0,1651,5.248807
TATTACCATCCTGCTT-1,Wound1,520.0,397,7.115385
TATTCAATTCTAATCC-1-1,Wound1,402.0,326,2.238806
TATTCCACTCAGCTCG-1-1,Wound1,3905.0,1661,6.1715746
TATTCCGAGCTGTTAT-1-1,Wound1,2759.0,1333,6.0529175
TATTCGTGCCAGAATA-1-1,Wound1,513.0,396,4.678363
TATTTAGTCTAGATCG-1,Wound1,1062.0,674,11.676083
TATTTGTTACCCTTTA-1,Wound1,476.0,385,3.7815127
TCAAACAACCGCGTCG-1,Wound1,461.0,362,5.639913
TCAAACTTAGATTGTT-1-1,Wound1,342.0,294,4.385965
TCAAATTGTTGTGCCG-1,Wound1,1216.0,783,8.963816
TCAAATTTGAGACTCA-1,Wound1,1591.0,967,4.2111883
TCAACACATTGGGTAA-1,Wound1,6601.0,2275,3.2570825
TCAACATAGCGCCCTA-1,Wound1,3154.0,1766,3.4876347
TCAACCATGTTCGGGC-1,Wound1,523.0,405,8.795411
TCAACGAGGAGACAAA-1-1,Wound1,534.0,430,2.8089888
TCAATACGCCGTCATG-1,Wound1,1675.0,1025,6.2089553
TCACAGCAAACTCGAA-1-1,Wound1,754.0,513,7.029178
TCACAGGAGAATAAGA-1,Wound1,1215.0,791,5.185185
TCACAGGGAATCGCAA-1-1,Wound1,1247.0,816,5.6134725
TCACAGGTTATTGGGC-1,Wound1,346.0,288,5.780347
TCACCCTCTTAAGATT-1-1,Wound1,349.0,300,4.5845275
TCACCGCTCGGCACTC-1,Wound1,721.0,529,5.2704577
TCACGCATTGTAGATC-1,Wound1,687.0,531,4.0756917
TCACGGTCATCGCACA-1,Wound1,259.0,205,6.563707
TCACGTGCCCGATTCA-1-1,Wound1,433.0,329,3.0023093
TCACTACGACCAATGC-1,Wound1,3241.0,1425,3.1780314
TCACTCGTGCAACGGC-1,Wound1,106174.0,8187,2.4657636
TCAGACGCTATAGAAG-1-1,Wound1,3802.0,1934,6.286165
TCAGCAAATGCATCTC-1-1,Wound1,762.0,569,4.461942
TCAGGGTGTAACGTAA-1-1,Wound1,1293.0,917,3.093581
TCAGGTTCTTTGAGAA-1,Wound1,4307.0,2206,7.4065475
TCAGTACTGACCCGCG-1,Wound1,382.0,325,2.094241
TCAGTAGGGACTATAA-1-1,Wound1,690.0,502,2.463768
TCAGTGTATACGTCAT-1,Wound1,1496.0,949,6.8850265
TCATATGAGCTTTGTT-1,Wound1,2510.0,1419,4.262948
TCATCACTCGAGCTCG-1,Wound1,1296.0,856,3.4722223
TCATGCAGGTTCTCAT-1-1,Wound1,41746.0,6296,4.22795
TCATTTAAGTCTCCGA-1,Wound1,308.0,254,4.8701296
TCCAACTTTAAATTCT-1,Wound1,1339.0,900,4.480956
TCCAAGCCTAGACACA-1,Wound1,1150.0,774,5.217391
TCCAATAAAGGCTACC-1,Wound1,2033.0,1175,7.575012
TCCACAATGGTTTACG-1,Wound1,480.0,378,7.7083335
TCCACATCGTATATTG-1,Wound1,3001.0,1380,10.363213
TCCACCTCTAGCCTTT-1,Wound1,1283.0,939,2.8059237
TCCACTTTATCTAGGT-1-1,Wound1,633.0,511,2.2116904
TCCAGAGCACCGGTTC-1-1,Wound1,1202.0,734,9.068219
TCCAGGCAGGACGATC-1,Wound1,4672.0,2226,4.922945
TCCAGGCGAGTACGGT-1-1,Wound1,1751.0,1026,3.1410623
TCCAGGGTATATACGA-1,Wound1,2102.0,1297,5.47098
TCCCAAAGACGAAGGA-1-1,Wound1,649.0,487,5.546995
TCCCAGCTTTAGTCTG-1-1,Wound1,280.0,247,2.5
TCCCAGGCTTAGCTAA-1,Wound1,666.0,493,7.8078074
TCCCGCGTACTCCTGG-1-1,Wound1,922.0,681,2.3861172
TCCCGGGTGTGCTGCT-1,Wound1,8051.0,3115,10.433487
TCCCGTCAGTCCCGCA-1-1,Wound1,44000.0,6116,6.690909
TCCCGTGTGCAATTTG-1-1,Wound1,1079.0,759,4.7265987
TCCCTTAGATTACTCG-1-1,Wound1,45095.0,6640,3.6434195
TCCGACCGCTAATCAA-1,Wound1,99.0,86,12.121212
TCCGATGACTGAGCTC-1-1,Wound1,13882.0,4391,4.0195937
TCCGATGGTGCGACAT-1,Wound1,439.0,358,5.694761
TCCGATTACATTGCCG-1,Wound1,543.0,386,12.338858
TCCGCCTGTCTACAAG-1-1,Wound1,1427.0,829,4.905396
TCCGCGGCAGCATCTG-1-1,Wound1,627.0,480,4.1467304
TCCGCTGTCATCCCGG-1-1,Wound1,1591.0,947,5.4054055
TCCGCTTATCCCATTA-1-1,Wound1,1658.0,1089,5.48854
TCCGGAGGAAGGGCTG-1,Wound1,3325.0,1497,3.639098
TCCGGCCTAGCGTACA-1,Wound1,459.0,368,4.7930284
TCCGGTTCGTCCGGTC-1-1,Wound1,1541.0,988,4.8020763
TCCGTTTAGCCTTGAA-1-1,Wound1,4891.0,2482,2.0036802
TCCTAAATTGGGAAGC-1-1,Wound1,4457.0,2019,4.7789993
TCCTAACCGTCGGGCA-1,Wound1,1621.0,1082,4.9969153
TCCTACATCCACGGCC-1-1,Wound1,5843.0,2387,4.278624
TCCTAGCAAAGAAGCT-1,Wound1,819.0,603,5.982906
TCCTCGGGCTGGGCTT-1-1,Wound1,1598.0,1130,2.4405508
TCCTCTACGAGATGGC-1,Wound1,318.0,271,3.7735848
TCCTTGTCCTTTAATT-1,Wound1,2564.0,1297,12.441497
TCCTTTAAATCCGCTT-1,Wound1,350.0,264,5.428571
TCCTTTCTTACGCTTA-1-1,Wound1,350.0,301,4.0
TCGAAATTTAGGACCA-1,Wound1,5631.0,2960,1.9179542
TCGAATATCCCGCAGG-1,Wound1,956.0,632,10.355648
TCGAATCGCAGGGTAG-1,Wound1,201.0,184,2.9850745
TCGAGACCAACACCGT-1-1,Wound1,205.0,180,2.4390242
TCGAGCCAGGCAGGCC-1,Wound1,885.0,621,6.666667
TCGCAAAGATGCATTT-1-1,Wound1,2829.0,1565,5.4436197
TCGCACCAGGAGGCAG-1-1,Wound1,4055.0,1668,6.905056
TCGCATCCCTAAGTGT-1,Wound1,2969.0,1549,4.2775345
TCGCCGGTCGATCCGT-1,Wound1,832.0,517,17.548077
TCGCTAAACCGCTATC-1-1,Wound1,3238.0,1691,3.5824583
TCGCTCGATATATTCC-1-1,Wound1,256.0,221,3.90625
TCGCTGCCAATGCTGT-1,Wound1,490.0,346,9.387755
TCGCTGGGCGGATTGT-1-1,Wound1,1416.0,992,3.319209
TCGCTGTGCGTAAATC-1,Wound1,5327.0,2636,2.5154872
TCGCTTTAAACGTTTG-1-1,Wound1,5079.0,2519,3.1108487
TCGGACGCCCAGCCCA-1-1,Wound1,493.0,390,5.070994
TCGGAGTACATGAGTA-1-1,Wound1,432.0,361,3.7037036
TCGGGAGACAGCGTAC-1,Wound1,1630.0,939,3.7423313
TCGGGCCGTCGTGGTA-1-1,Wound1,770.0,586,5.194805
TCGTAAGACGACATTG-1-1,Wound1,4236.0,2228,4.414542
TCGTAAGCTCCGAGGA-1,Wound1,6714.0,2219,6.374739
TCGTCAAGTACGCGCA-1,Wound1,1050.0,698,6.7619047
TCGTCCGCTGGCGTCT-1,Wound1,329.0,275,1.5197569
TCGTCTTAGGCGTTAA-1-1,Wound1,785.0,529,4.4585986
TCGTGTACTATGGATG-1-1,Wound1,113.0,106,6.19469
TCGTTAGGAGTCCCTA-1-1,Wound1,888.0,628,5.855856
TCGTTGCTATCCGGTC-1,Wound1,1303.0,798,7.6745973
TCTACCGTCCACAAGC-1-1,Wound1,879.0,618,5.005688
TCTAGCATCTTCGATG-1,Wound1,455.0,369,2.4175825
TCTAGCATGCCCAGAA-1-1,Wound1,2337.0,1439,4.45015
TCTAGGTGGCGACGCT-1,Wound1,207.0,183,5.3140097
TCTAGTTATCAGAAGA-1-1,Wound1,362.0,311,3.8674035
TCTATCATGCAGTTAC-1,Wound1,1957.0,1327,1.9928463
TCTATCGGTCGCAACA-1,Wound1,1371.0,837,9.992706
TCTATTACGCTGGCGA-1,Wound1,8313.0,3295,2.3818116
TCTCATGAGATAGGGT-1-1,Wound1,1206.0,761,9.86733
TCTCCAACGTAGGTTA-1-1,Wound1,7071.0,2899,4.412389
TCTCCCTGGGCAGCGT-1-1,Wound1,4109.0,1774,5.548795
TCTCTAATAGCTGGTA-1,Wound1,1188.0,718,13.047138
TCTGAACCGGTCGGCT-1,Wound1,1182.0,824,1.5228426
TCTGAAGCACGTGGTC-1,Wound1,708.0,488,5.225989
TCTGAATTCCGTACAA-1,Wound1,600.0,431,10.5
TCTGATGTATTCTGTC-1-1,Wound1,5943.0,2282,4.862864
TCTGCCAGAAACTGCA-1-1,Wound1,2881.0,1695,3.6792781
TCTGGGTAGCGCTCAT-1,Wound1,2715.0,1407,10.755064
TCTGTGCCATCATAGT-1-1,Wound1,991.0,681,5.247225
TCTTACAGAGGTACCG-1,Wound1,2607.0,1388,7.940161
TCTTACCGGAACTCGT-1-1,Wound1,1030.0,715,3.592233
TCTTACGGCATCCGAC-1,Wound1,199.0,170,5.5276384
TCTTACTTATGCCTCT-1,Wound1,611.0,447,7.692308
TCTTCCCATGGGCACA-1,Wound1,735.0,563,5.986395
TCTTCGAATAGACGTT-1-1,Wound1,865.0,541,11.791907
TCTTCGATACCAATAA-1-1,Wound1,509.0,404,3.1434186
TCTTGATGCGTAGCGA-1-1,Wound1,223.0,203,2.690583
TCTTGCTCCCGATACT-1,Wound1,3104.0,1715,4.4780927
TCTTGGTAACACCAAA-1,Wound1,2031.0,1099,15.509601
TCTTTAAGACTATGAA-1,Wound1,373.0,286,9.651475
TGAAAGGACCTGACTC-1-1,Wound1,723.0,540,3.1811898
TGACACTTCTCTTTGC-1,Wound1,4428.0,2056,3.635953
TGACATGTAACGTGAC-1,Wound1,2046.0,1133,4.203324
TGACCAAATCTTAAAC-1,Wound1,1649.0,985,4.608854
TGACCCACGTTAGACA-1,Wound1,346.0,292,5.491329
TGACGATGCACTAGAA-1,Wound1,637.0,458,4.866562
TGACTATAATCCTTTC-1-1,Wound1,2840.0,1699,3.169014
TGAGAATGCTTTACCG-1,Wound1,1976.0,1019,19.58502
TGAGAGATTTACCACG-1-1,Wound1,2163.0,1279,6.148867
TGAGATTAGGCCCTAA-1,Wound1,36707.0,6126,3.4271393
TGAGCCATACAGTCTC-1,Wound1,442.0,313,7.692308
TGAGCGGAAAGTGTTC-1-1,Wound1,10683.0,3684,6.477581
TGAGCTTTAATGACGC-1-1,Wound1,40166.0,6780,1.9245133
TGAGGAGTGCCAGCTT-1,Wound1,913.0,652,5.3669224
TGAGTAAATTAGCGTA-1-1,Wound1,3388.0,1957,2.1546636
TGAGTGCCTCTTAAAT-1,Wound1,394.0,295,5.5837564
TGAGTGGTCCGTGACG-1-1,Wound1,3703.0,2032,1.6743181
TGATACATTTAGCCGT-1,Wound1,675.0,453,10.962963
TGATCGGTTTGACCCT-1,Wound1,458.0,349,9.606987
TGATCTACGCTGATCT-1,Wound1,5458.0,2434,3.8475633
TGATCTCCGGCGCCAG-1,Wound1,642.0,404,22.274143
TGATTCCCGGTTACCT-1,Wound1,1390.0,837,8.7769785
TGATTCGTCTATCACT-1,Wound1,17367.0,5020,7.34151
TGATTCTGTCGCCGGT-1-1,Wound1,1422.0,810,5.344585
TGATTTATTAGCTGTG-1,Wound1,676.0,424,16.12426
TGATTTCCTCCTGACG-1,Wound1,1811.0,1084,2.7609055
TGCAAACGTACTAGTT-1,Wound1,38.0,36,7.8947363
TGCAAAGTTCGTCTGT-1,Wound1,2453.0,1410,5.136567
TGCAACCCATCTGCGG-1,Wound1,1409.0,863,5.039035
TGCAAGAATGACGTAA-1-1,Wound1,829.0,627,4.101327
TGCAATTTGGGCACGG-1,Wound1,113438.0,8840,6.202507
TGCAGAGTACCGAGCA-1,Wound1,7975.0,3377,2.8338556
TGCAGGATCGGCAAAG-1-1,Wound1,68988.0,7457,9.6611
TGCAGTTTCCTCCCAT-1-1,Wound1,1506.0,979,5.9760957
TGCATATGTCTGTCAC-1-1,Wound1,554.0,424,3.7906137
TGCATGGATCGGATCT-1-1,Wound1,1326.0,807,6.9381604
TGCATGTGGTAATCTA-1-1,Wound1,1971.0,1282,2.2323694
TGCCAATGGGTACTCT-1-1,Wound1,3693.0,1722,6.8778768
TGCCACCTGGCGAAAC-1-1,Wound1,24357.0,5852,3.3255327
TGCCAGTACGTGGAGA-1-1,Wound1,2595.0,1411,5.4720616
TGCCATTACTAAAGAA-1-1,Wound1,2184.0,1284,3.4798536
TGCCCGTACCGTTAAA-1-1,Wound1,1949.0,1212,5.7465367
TGCCGGATGTACGAGC-1,Wound1,2114.0,1207,7.426679
TGCCGTGGATCGTCCT-1,Wound1,865.0,636,5.6647396
TGCCGTGGGACCCAAT-1,Wound1,1319.0,741,13.798332
TGCCTGATCAAACGAT-1-1,Wound1,2669.0,1338,8.46759
TGCCTTGGCCAGGCAA-1-1,Wound1,7719.0,2526,5.959321
TGCGACACCCTAGTGC-1-1,Wound1,758.0,574,4.6174145
TGCGACGGCCGAACGT-1,Wound1,501.0,344,13.572854
TGCGCAAAGCATTTGG-1-1,Wound1,517.0,416,2.7079303
TGCGCGATTAACGGAG-1,Wound1,271.0,211,4.797048
TGCGGACTTGACTCCG-1,Wound1,1209.0,763,11.827957
TGCGGAGTAAAGGTGC-1,Wound1,10579.0,3592,5.889025
TGCGTAAGAACCTGAT-1,Wound1,549.0,432,2.9143898
TGCGTTTGTTGACACT-1-1,Wound1,1105.0,810,2.80543
TGCTAAGTGTCTATTT-1-1,Wound1,899.0,582,6.4516125
TGCTCCACAGTTCTTA-1,Wound1,348.0,281,4.8850574
TGCTCGGCGAAACCCA-1,Wound1,1190.0,823,4.2857146
TGCTCGGTGGGTCACC-1,Wound1,1491.0,834,7.5117373
TGCTCTTGAGAGTTTG-1,Wound1,1373.0,597,3.6416605
TGCTGGTTGGACAATT-1,Wound1,388.0,326,4.123711
TGCTGTTGAAGAACTC-1-1,Wound1,258.0,222,2.7131784
TGCTTCCCAAGCAGTA-1,Wound1,1465.0,960,4.778157
TGGAACCACTGACACA-1,Wound1,1610.0,979,4.5962734
TGGAAGAAGGGAACGT-1,Wound1,853.0,501,16.29543
TGGAAGGATAAAGATG-1-1,Wound1,1910.0,1070,6.963351
TGGACTGTTCGCTCAA-1-1,Wound1,788.0,556,7.3604064
TGGAGTGATGCGATGA-1,Wound1,312.0,265,5.448718
TGGATGGCATCTTGGA-1,Wound1,26.0,25,3.846154
TGGCAAACTAAATTAC-1-1,Wound1,1238.0,781,5.250404
TGGCAACTCGCGCGCC-1-1,Wound1,6367.0,3097,2.4972515
TGGCAGATTACGATCA-1-1,Wound1,550.0,450,2.5454545
TGGCAGCAGTAATAGT-1-1,Wound1,777.0,581,1.9305018
TGGCCAAACTGAAGTA-1-1,Wound1,2592.0,1530,2.3919754
TGGCCGTATATTGACC-1,Wound1,244.0,216,4.5081964
TGGCGACTGCTCCAAA-1,Wound1,858.0,612,6.410257
TGGCGATCAAGTTATG-1-1,Wound1,689.0,528,3.3381712
TGGCTTTGGGTAGACA-1,Wound1,2923.0,1478,8.792336
TGGGCCACAAGAGCGC-1-1,Wound1,714.0,463,12.044818
TGGGCCCATACTAATT-1-1,Wound1,942.0,609,10.191083
TGGGCGATACAATAAG-1,Wound1,1559.0,978,6.542656
TGGTCCCACGCTACGG-1-1,Wound1,1880.0,1110,3.3510637
TGGTGCCCTGCCTTAC-1,Wound1,854.0,612,5.854801
TGGTTCAACGGGTAAT-1-1,Wound1,3380.0,1679,6.390533
TGGTTCGTAGCAAAGG-1,Wound1,734.0,474,16.076294
TGTACCTACACGAGGG-1,Wound1,821.0,559,7.673569
TGTACGAACAAATCCG-1-1,Wound1,463.0,381,2.1598272
TGTAGGAGAAATTTCC-1-1,Wound1,744.0,525,7.123656
TGTAGTGATCTATAAT-1,Wound1,19998.0,4880,8.350835
TGTATAACAGATCCTG-1-1,Wound1,1259.0,877,2.8594124
TGTATGGCGCAGACAG-1,Wound1,636.0,472,5.81761
TGTCCGCAAACAATTC-1,Wound1,600.0,463,6.666667
TGTGACTACGCCAGTC-1-1,Wound1,16379.0,4697,3.8097565
TGTGAGACTAGCCCAA-1,Wound1,1092.0,722,4.120879
TGTGGCAAAGCGTATG-1-1,Wound1,1721.0,1159,4.706566
TGTGTCGCGAGTTGCA-1,Wound1,2037.0,1315,3.681885
TGTTATTGTATGTGGC-1-1,Wound1,6818.0,2869,2.4787328
TGTTCCGCTTCCATGA-1,Wound1,461.0,377,2.3861172
TGTTCCGGCCTGAGCT-1,Wound1,1924.0,1080,11.018711
TGTTCGTATTGCGGTG-1-1,Wound1,3103.0,1728,6.7998705
TGTTCTTCCATTGACT-1,Wound1,4679.0,2225,7.5657187
TGTTGTCAAGAAGTCT-1-1,Wound1,14012.0,4247,3.5540965
TGTTTCGGTACTTCTC-1,Wound1,2199.0,1183,18.91769
TTAAACTCGAATTCAT-1,Wound1,678.0,516,5.3097343
TTAAAGGCGATGCTCG-1,Wound1,1785.0,1048,4.369748
TTAACCAACCCTCCCT-1,Wound1,907.0,631,7.0562296
TTAAGCGCCTGACCCA-1,Wound1,5536.0,2540,6.828035
TTAATCAGTACGTCAG-1-1,Wound1,13369.0,3949,7.95871
TTAATGTAGACCAGGT-1-1,Wound1,358.0,288,3.0726259
TTAATTGCTTTGGGTG-1,Wound1,1032.0,577,6.492248
TTACAACTACGCATCC-1,Wound1,601.0,455,9.98336
TTACAGACCTAAATGA-1,Wound1,2225.0,1287,3.8651686
TTACATCGTGGCCTGG-1,Wound1,498.0,412,2.811245
TTACCCATTGCCGGGT-1-1,Wound1,28056.0,5236,4.458939
TTACCCTAGGGATTGG-1,Wound1,909.0,646,5.720572
TTACGGATGGTTCGAG-1,Wound1,587.0,412,13.62862
TTACTAAAGGACTTTA-1-1,Wound1,1528.0,932,5.3010473
TTACTCCGGCCGGGAA-1-1,Wound1,988.0,697,7.2874494
TTACTGGGATATTTCA-1-1,Wound1,637.0,509,2.0408163
TTAGAAGAACATGACT-1-1,Wound1,2872.0,1583,5.710306
TTAGACACGATCGTTG-1-1,Wound1,28761.0,6019,1.9331734
TTAGACGAGTCACCTC-1-1,Wound1,880.0,535,11.818182
TTAGAGTTTAGAAGGA-1-1,Wound1,1683.0,959,6.238859
TTAGCAACATGGATGT-1,Wound1,471.0,362,4.4585986
TTAGCTAATACGATCT-1,Wound1,1677.0,1072,3.0411448
TTAGCTGATTTGCCGT-1,Wound1,321.0,261,6.853583
TTAGGTCATAACCGAC-1,Wound1,957.0,618,11.180774
TTAGTTATTCGTGGCA-1-1,Wound1,549.0,386,11.293261
TTATAGGTAATTGTCT-1,Wound1,1358.0,688,4.786451
TTATATACGCTGTCAC-1-1,Wound1,911.0,620,9.330406
TTATATTTGGCAATCC-1-1,Wound1,728.0,548,2.7472527
TTATCCAATCGAACTC-1,Wound1,5779.0,2566,2.664821
TTATCCGGGATCTATA-1-1,Wound1,651.0,443,5.6835637
TTATCTGTATCATAAC-1,Wound1,493.0,373,10.953346
TTATGAATGAAAGGGA-1-1,Wound1,357.0,310,1.9607844
TTATGACAAACTGGAT-1,Wound1,571.0,462,3.152364
TTATGATCTTAACGAA-1-1,Wound1,2674.0,1493,4.936425
TTATTAGAGCGTGTTC-1-1,Wound1,2743.0,1651,3.353992
TTCAAAGTCTCTAGCC-1-1,Wound1,985.0,721,3.2487311
TTCAACGACCCGACCG-1,Wound1,325.0,267,2.153846
TTCAATACTCTGAATC-1-1,Wound1,2782.0,1649,2.9115744
TTCACGAAAGGATCAC-1-1,Wound1,427.0,342,3.5128806
TTCACTCGAGCACCTA-1-1,Wound1,8287.0,3179,4.295885
TTCAGCCCTGGTCCAC-1-1,Wound1,1330.0,765,8.496241
TTCAGTTCAAGAGGAG-1,Wound1,130.0,107,10.769231
TTCATGGCGCAACAGG-1-1,Wound1,23881.0,5128,4.9118543
TTCCAATCAGAGCTAG-1,Wound1,1874.0,1145,3.5752401
TTCCAATCTGGCTATC-1-1,Wound1,1665.0,960,4.984985
TTCCACACAGATTTGA-1-1,Wound1,1597.0,845,4.6963053
TTCCATCATGCGGTGA-1,Wound1,19234.0,4441,3.7901633
TTCCGCAGAGAAATAT-1,Wound1,997.0,687,3.3099298
TTCCGCGTGAGGCGAT-1-1,Wound1,1175.0,827,3.2340426
TTCCGGCCTTGAGGCT-1,Wound1,866.0,589,7.736721
TTCCGGTTACCCACTT-1-1,Wound1,6133.0,2526,3.9458666
TTCCTCGAGGGTGTCT-1,Wound1,324.0,261,8.024691
TTCCTCGGACTAACCA-1-1,Wound1,1032.0,554,5.7170544
TTCCTTTCTGTGTTGC-1,Wound1,58031.0,7196,5.926143
TTCGAACGAAACATGC-1,Wound1,315.0,253,7.619048
TTCGACAGAGCCCGTG-1-1,Wound1,2352.0,1364,5.1870747
TTCGACGGGAAGGGCG-1,Wound1,679.0,525,2.3564065
TTCGCACTCGCGTGCT-1,Wound1,1161.0,821,1.7226528
TTCGCACTGTACGACA-1,Wound1,2490.0,1487,3.7349398
TTCGCGCGCCATACGA-1,Wound1,1757.0,1178,2.618099
TTCGCTATCTGACGTG-1,Wound1,1574.0,973,4.193138
TTCGGCAACCCGCTGA-1-1,Wound1,37796.0,5932,3.9501534
TTCGGGACTAATCGCG-1-1,Wound1,308.0,272,2.922078
TTCGGGCGCTAGTCTT-1,Wound1,824.0,597,5.0970874
TTCGGTACTGTAGAGG-1,Wound1,2497.0,1457,5.1261516
TTCTAACCGAAGCTTA-1-1,Wound1,1837.0,929,18.127382
TTCTACTTGCGAGGGC-1,Wound1,615.0,496,3.902439
TTCTAGAAAGTCTTAT-1,Wound1,1211.0,868,2.9727497
TTCTAGGCCAATTGTG-1,Wound1,307.0,252,2.931596
TTCTGACCGGGCTCAA-1-1,Wound1,680.0,482,3.6764708
TTCTGCCGCGCCTAGA-1-1,Wound1,6398.0,2697,6.0018754
TTCTGCGGGTTAGCGG-1-1,Wound1,1028.0,775,2.4319065
TTCTTAGTGAACGGTG-1,Wound1,1387.0,937,3.5328045
TTCTTAGTGGCTCAGA-1,Wound1,587.0,449,8.006814
TTCTTGGAGTAATGAG-1-1,Wound1,29663.0,6179,2.6632504
TTCTTGTAACCTAATG-1,Wound1,6877.0,3055,2.8064563
TTGAAAGGTGTAAAGG-1,Wound1,13338.0,3601,4.3409805
TTGAACGACGTGCTGA-1,Wound1,493.0,353,6.8965516
TTGAAGAATTCCCAGG-1,Wound1,693.0,543,3.4632034
TTGAATATGGACTTTC-1-1,Wound1,459.0,375,4.3572984
TTGAATTCACGTGAGG-1,Wound1,151.0,127,12.582782
TTGACCAGGAACAACT-1,Wound1,4329.0,1934,4.989605
TTGACCATGTTCTCCG-1-1,Wound1,51117.0,6598,9.73453
TTGACTACCATATGGT-1,Wound1,411.0,346,2.4330902
TTGAGAAGTTTAGCAT-1-1,Wound1,991.0,666,4.641776
TTGAGAGTACTGCTAA-1,Wound1,202.0,173,5.4455442
TTGATCTAACTTTGTC-1,Wound1,2766.0,1698,2.241504
TTGATGCCGCTCGTCG-1,Wound1,390.0,244,17.179487
TTGATGTGTAGTCCCG-1-1,Wound1,1754.0,1137,2.2805016
TTGATTATGCAGATGA-1,Wound1,280.0,233,7.1428576
TTGCAAGAAGACTCCT-1,Wound1,2090.0,1077,14.44976
TTGCACAATTCAGAAA-1-1,Wound1,1326.0,880,2.4886878
TTGCACGGAGCAGCAC-1,Wound1,475.0,371,6.526316
TTGCCCTGATCACGGG-1,Wound1,9828.0,3419,8.770859
TTGCCGCTTTCTAGTA-1,Wound1,1151.0,622,6.3423114
TTGCGGCATCAGAAAG-1-1,Wound1,3134.0,1598,6.7964263
TTGCGTCGGCCAACCG-1-1,Wound1,1022.0,662,6.9471626
TTGCGTGAACGCTTAG-1,Wound1,60316.0,7200,3.8248558
TTGCTCCCATACCGGA-1-1,Wound1,18313.0,4699,3.4620214
TTGCTGAAGGAACCAC-1,Wound1,1114.0,716,5.475763
TTGCTGATCATGTTCG-1-1,Wound1,517.0,406,2.1276596
TTGGACCTATAACAGT-1,Wound1,918.0,612,4.7930284
TTGGATATCGTCTACG-1-1,Wound1,922.0,651,5.422993
TTGGATTGGGTACCAC-1,Wound1,474.0,350,10.126582
TTGGCCTAGAATTTCG-1-1,Wound1,5678.0,2204,8.030996
TTGGCTCGCATGAGAC-1,Wound1,2302.0,1429,3.649001
TTGGGAAGACGAGCCG-1,Wound1,2956.0,1634,5.006766
TTGGGACACTGCCCGC-1-1,Wound1,1035.0,754,2.5120773
TTGGGCGGCGGTTGCC-1-1,Wound1,1049.0,754,2.1925642
TTGGTCACACTCGTAA-1-1,Wound1,1903.0,1052,5.780347
TTGTAAGGCCAGTTGG-1-1,Wound1,2610.0,1584,2.7586207
TTGTAATCCGTACTCG-1-1,Wound1,165.0,147,4.2424245
TTGTCGTTCAGTTACC-1,Wound1,664.0,487,7.530121
TTGTGAACCTAATCCG-1,Wound1,370.0,289,7.027027
TTGTGCAGCCACGTCA-1,Wound1,1559.0,933,4.105196
TTGTGGCCCTGACAGT-1,Wound1,1141.0,706,9.81595
TTGTGTATGCCACCAA-1,Wound1,1042.0,714,5.662188
TTGTGTTTCCCGAAAG-1-1,Wound1,995.0,708,5.326633
TTGTTAGCAAATTCGA-1,Wound1,846.0,631,2.718676
TTGTTCAGTGTGCTAC-1-1,Wound1,3200.0,1762,4.625
TTGTTGTGTGTCAAGA-1-1,Wound1,520.0,404,2.5
TTGTTTCATTAGTCTA-1,Wound1,320.0,245,13.75
TTGTTTGTATTACACG-1,Wound1,166.0,151,5.421687
AAACCGGGTAGGTACC-1,Wound7,10766.0,2752,4.15196
AAACCTAAGCAGCCGG-1,Wound7,222.0,183,3.1531532
AAACGAGACGGTTGAT-1-2,Wound7,17207.0,4932,2.6210263
AAACGGGCGTACGGGT-1,Wound7,24566.0,5100,7.783115
AAACTGCTGGCTCCAA-1-2,Wound7,1402.0,937,2.7104137
AAAGGCTCTCGCGCCG-1-1,Wound7,269.0,223,1.4869888
AAATACCTATAAGCAT-1-2,Wound7,1077.0,757,3.1569176
AAATAGGGTGCTATTG-1-2,Wound7,652.0,507,1.993865
AAATCCGATACACGCC-1,Wound7,752.0,538,5.319149
AAATCGTGTACCACAA-1-2,Wound7,1544.0,1047,2.3316064
AAATGATTCGATCAGC-1,Wound7,4445.0,1953,4.3419576
AAATGGTCAATGTGCC-1-1,Wound7,5651.0,2310,7.184569
AAATTAACGGGTAGCT-1-2,Wound7,938.0,651,6.0767593
AAATTACCTATCGATG-1-1,Wound7,627.0,482,2.0733652
AACAACTGGTAGTTGC-1-1,Wound7,170.0,143,5.294118
AACACACGCTCGCCGC-1-2,Wound7,32861.0,5440,1.4211376
AACACGAGACGCGGCC-1,Wound7,2236.0,962,5.903399
AACATATCAACTGGTG-1-1,Wound7,2044.0,1243,1.8590997
AACCGAGCTTGGTCAT-1-2,Wound7,1665.0,1088,2.3423424
AACCGCTAAGGGATGC-1-2,Wound7,1056.0,645,3.787879
AACCTCGCTTTAGCCC-1,Wound7,530.0,416,2.264151
AACCTTTAAATACGGT-1-2,Wound7,307.0,257,1.3029315
AACGATAATGCCGTAG-1-2,Wound7,766.0,613,1.8276762
AACGATATGTCAACTG-1-2,Wound7,923.0,672,3.2502706
AACGCATGATCTGGGT-1-1,Wound7,2290.0,1447,2.4890828
AACGCGGTCTCCAGCC-1-1,Wound7,699.0,501,3.2904148
AACGCTGTTGCTGAAA-1,Wound7,28944.0,6326,1.6998341
AACGGACGTACGTATA-1-2,Wound7,18418.0,4442,1.5528288
AACGGCCATCTCCGGT-1,Wound7,8651.0,2738,3.7336726
AACGTACTGTGGGTAC-1-1,Wound7,6940.0,2413,3.9769452
AACGTGCGAAAGTCTC-1-2,Wound7,16256.0,4781,4.2138286
AACTAGGCTTGGGTGT-1-2,Wound7,511.0,428,2.739726
AACTCAAGTTAATTGC-1-1,Wound7,760.0,525,1.5789473
AACTCCAGAGCGTGTT-1-1,Wound7,10143.0,3365,3.8252983
AACTCTCAATAGAGCG-1-1,Wound7,1888.0,1092,2.4364407
AACTGGGTCCCGACGT-1-1,Wound7,180.0,151,2.2222223
AAGACTGCAAGCTACT-1-2,Wound7,12610.0,3972,3.8937352
AAGAGCTCTTTATCGG-1-2,Wound7,41125.0,7353,2.404863
AAGAGGATGTACGCGA-1,Wound7,5786.0,2117,4.1479435
AAGAGGCATGGATCGC-1-2,Wound7,55170.0,6944,5.0824723
AAGATTGGCGGAACGT-1-2,Wound7,895.0,638,1.8994414
AAGCACCCTGCGTATC-1-1,Wound7,214.0,192,2.3364487
AAGCATACTCTCCTGA-1-2,Wound7,426.0,367,3.7558687
AAGCTAGATCGAGTAA-1-2,Wound7,644.0,495,0.621118
AAGCTCGTGCCAAGTC-1-2,Wound7,11713.0,3680,4.260224
AAGCTCTTTCATGGTG-1-1,Wound7,2555.0,1519,2.857143
AAGGATGAGGGACCTC-1-2,Wound7,1783.0,1143,2.8042626
AAGGCTGTGCTCATCG-1-1,Wound7,805.0,579,3.10559
AAGGGACAGATTCTGT-1-2,Wound7,770.0,567,2.2077923
AAGGTATCCTAATATA-1-2,Wound7,799.0,599,2.1276596
AAGTGACGACCGAATT-1,Wound7,5802.0,2102,5.2395725
AAGTGTTTGGAGACGG-1-2,Wound7,963.0,711,2.3883696
AAGTTCACTCCAAGCT-1-1,Wound7,3409.0,1619,5.104136
AAGTTCAGTCTGCGTA-1-1,Wound7,2662.0,1613,3.6814425
AATAGAACAGAGTGGC-1-2,Wound7,3550.0,1377,4.28169
AATAGAATCTGTTTCA-1-2,Wound7,5949.0,2253,3.4123383
AATAGCTACCGCGTGC-1,Wound7,6779.0,2675,3.4665878
AATAGTCCGTCCCGAC-1-1,Wound7,135.0,124,0.7407407
AATATCGAGGGTTCTC-1-1,Wound7,4108.0,2326,2.117819
AATCATGTAAAGACTC-1,Wound7,5345.0,2056,2.1702526
AATCGCCTCAGCGCCA-1-2,Wound7,4698.0,2365,2.085994
AATCTGCGTTGGGACG-1-1,Wound7,47019.0,7077,2.071503
AATGACGTAGGATGTC-1-2,Wound7,5213.0,2506,1.4003453
AATGATGATACGCTAT-1-1,Wound7,287.0,251,1.7421603
AATGATGCGACTCCTG-1-1,Wound7,1606.0,1045,2.9265256
AATGCACCAAGCAATG-1-1,Wound7,489.0,385,4.2944784
AATTAAAGGTCGGCGT-1-2,Wound7,638.0,488,4.702194
AATTAACGGATTTCCA-1-1,Wound7,3493.0,1794,5.639851
AATTAGCGCTGCAGCG-1-2,Wound7,754.0,570,2.122016
AATTCATAAGGGATCT-1-2,Wound7,964.0,682,4.149378
AATTCTAGAGTTAGGC-1-2,Wound7,1197.0,830,2.4227235
AATTGAACGCTCTGGT-1-2,Wound7,2221.0,1203,2.6114364
ACAAATCGCACCGAAT-1-2,Wound7,1224.0,791,2.369281
ACAAATGGTAGTGTTT-1-2,Wound7,985.0,641,2.6395938
ACAACAGCATGAGCTA-1-2,Wound7,25792.0,5221,4.982165
ACAAGGAAATCCGCCC-1-2,Wound7,692.0,524,1.734104
ACAAGGACAAGAGGTT-1-1,Wound7,370.0,287,6.7567563
ACAAGGATGCTTTAGG-1,Wound7,1307.0,872,3.289977
ACAAGGGCAGGCTCTG-1-2,Wound7,10656.0,3821,2.008258
ACAATAGTCGTACGTT-1,Wound7,9155.0,2711,5.4068813
ACAATCCATTTAAACC-1-1,Wound7,755.0,514,3.311258
ACAATTGTGTCTCTTT-1-1,Wound7,1123.0,646,1.6918967
ACAATTTGAGCAGTGG-1-2,Wound7,19598.0,5572,2.4237168
ACACACCAGGACCAGT-1-2,Wound7,1357.0,806,3.3161387
ACACGAGACTCCTTCT-1-2,Wound7,10539.0,3375,4.905589
ACACGGGAACTTAGGG-1-2,Wound7,8396.0,3281,5.7884707
ACACTGATCAAGGTGT-1-2,Wound7,3335.0,1588,6.2968516
ACAGGCTTGCCCGACT-1-2,Wound7,907.0,608,2.8665931
ACATAATAAGGCGGTG-1-1,Wound7,148.0,131,4.054054
ACATCCCGGCCATACG-1-1,Wound7,339.0,279,3.2448378
ACATCGATCGTTTACC-1-2,Wound7,3691.0,1816,3.359523
ACATCGGTCAGCCGCG-1-1,Wound7,7139.0,2697,4.692534
ACATCGTATGCAATGG-1-2,Wound7,2546.0,1349,2.788688
ACATTAGTTTATATCC-1-2,Wound7,938.0,713,2.1321962
ACCAACACCACACACT-1,Wound7,16511.0,4803,4.039731
ACCAACGCTTATTTAT-1-1,Wound7,3427.0,1606,17.245405
ACCAATATGCAAGTTA-1-1,Wound7,429.0,352,2.7972028
ACCACAAGTTTCTATC-1-1,Wound7,970.0,669,1.7525773
ACCACGTGCAGCTATA-1-2,Wound7,598.0,467,2.3411372
ACCAGTGCGGGAGACG-1-2,Wound7,1206.0,735,1.8242123
ACCATATCCGCAATAA-1-2,Wound7,947.0,687,2.745512
ACCATCGTATATGGTA-1-1,Wound7,6279.0,2653,4.2522693
ACCCAACGCCCGTGGC-1-2,Wound7,30839.0,5995,4.2770514
ACCCATCTTGAGGGTA-1-1,Wound7,3365.0,1613,4.3684993
ACCCGGAAACTCCCAG-1-1,Wound7,2006.0,1249,4.885344
ACCCTCCCTTGCTATT-1-2,Wound7,4681.0,1866,2.969451
ACCGACACATCTCCCA-1-1,Wound7,155.0,135,5.16129
ACCGACTGAGTCCCAC-1-2,Wound7,14749.0,3864,3.4171808
ACCGATGGTAGCATCG-1-1,Wound7,2925.0,1417,2.0512822
ACCGCAATAACTGCCT-1-2,Wound7,796.0,601,2.5125628
ACGAGTACGGATGCCC-1,Wound7,50212.0,7558,2.7363977
ACGATACATAGAACTA-1-2,Wound7,1143.0,831,2.3622048
ACGATCATCTTGTAAA-1,Wound7,1243.0,733,3.218021
ACGATGCATATGTTAT-1-1,Wound7,7050.0,2876,3.2198582
ACGCATTCGTGAGTAC-1-2,Wound7,7442.0,2811,11.300726
ACGCCGCTAGACGACC-1-2,Wound7,1983.0,1174,2.5718608
ACGCGAAGTCAGACGA-1-2,Wound7,8259.0,2946,8.00339
ACGCGCTACACAGGGT-1,Wound7,6900.0,2214,3.6956522
ACGCGGGCCAAGGACA-1-2,Wound7,13039.0,3821,14.203544
ACGCTAGTGATACACT-1-1,Wound7,12529.0,4481,2.1789448
ACGGACTCTCAAAGCG-1-1,Wound7,398.0,333,1.758794
ACGGAGCGCAAATTAC-1,Wound7,11198.0,3690,4.465083
ACGGATGGTGCGGATA-1-1,Wound7,623.0,499,3.3707864
ACGGCACTTGCTTGGG-1-2,Wound7,455.0,370,1.9780221
ACGGCCAACATGGACT-1-2,Wound7,335.0,274,2.6865673
ACGGCGACGATGGGAA-1-2,Wound7,1224.0,848,2.2875817
ACGTAGATTGCTGATG-1-2,Wound7,6378.0,2770,4.562559
ACGTTAATGTCGAAGA-1-2,Wound7,4248.0,2033,3.6487758
ACGTTAGATTTGCCCG-1-1,Wound7,688.0,502,2.4709303
ACTCAAGTGCAAGGCT-1,Wound7,946.0,671,2.7484143
ACTCAATAAAGGCACG-1-2,Wound7,5428.0,2499,4.974208
ACTCCCTAATGCTAAA-1-1,Wound7,440.0,362,2.0454545
ACTCCCTAGAATAGTA-1-2,Wound7,488.0,387,1.6393442
ACTCGTCAGTAATCCC-1-2,Wound7,20355.0,4931,3.886023
ACTCTCTGACTTAGGT-1-2,Wound7,3316.0,1789,2.2014475
ACTCTTGTATAGTAAC-1-2,Wound7,10160.0,3588,3.7598424
ACTGAAACGCCGTTAG-1,Wound7,10407.0,4103,3.0172
ACTGAATGGCGAAAGT-1-2,Wound7,3218.0,1510,3.3250465
ACTGTACGATACACAT-1-2,Wound7,21816.0,5004,4.299597
ACTGTCTTCTTTAGAA-1-2,Wound7,4221.0,2059,4.2643924
ACTTACGCATCCACGC-1-1,Wound7,832.0,615,2.8846154
ACTTATACTTACCCGG-1-1,Wound7,15175.0,3792,1.0411861
ACTTATTAGGATCGGT-1-2,Wound7,1509.0,876,5.102717
ACTTATTTATGTGCCA-1-2,Wound7,1880.0,1075,3.93617
ACTTCAGGCTGATCCC-1-2,Wound7,1253.0,818,1.6759777
ACTTCCATGCGGGACA-1,Wound7,634.0,485,2.208202
ACTTCGCCATACGCAC-1-2,Wound7,32272.0,6131,3.7927616
ACTTGACTCCCTCTTT-1-2,Wound7,7745.0,3168,1.949645
ACTTTCCTATAGCTTC-1-2,Wound7,18981.0,3372,3.3138402
AGAACGTGGTACATTC-1-2,Wound7,10921.0,3975,4.8530354
AGAAGAGCGCCGTTCC-1-2,Wound7,125.0,111,3.2
AGAAGGTTGCCGAATT-1-1,Wound7,15131.0,3836,6.820435
AGAATGCGGGTTCGGA-1,Wound7,768.0,480,7.421875
AGAATTATGGATTCGA-1-1,Wound7,8324.0,2930,1.7900047
AGACCCACCGCTGATC-1-2,Wound7,888.0,673,2.3648648
AGACCCGCCCTCCTCG-1-1,Wound7,545.0,372,2.5688074
AGAGAACCGTCTAGGA-1-2,Wound7,541.0,442,2.5878003
AGATAACTTCAGGGCC-1-1,Wound7,5729.0,2363,6.0918136
AGATACCGGTGTTCAC-1-1,Wound7,6785.0,2659,6.6175385
AGATACTCAAGATCGA-1-2,Wound7,2581.0,1271,3.7582333
AGATCGTGCATAAGAT-1-1,Wound7,4166.0,1995,7.6092176
AGATCTCAGGTGTGAT-1-2,Wound7,7512.0,3273,2.4627264
AGATTATAGGACGTTT-1-2,Wound7,3489.0,1811,6.9934077
AGCAAAGGCCGCTAGT-1-1,Wound7,352.0,290,2.8409092
AGCACCAGTACTCACG-1-2,Wound7,5034.0,2334,4.906635
AGCACTACCTCACCAG-1-2,Wound7,6277.0,2875,3.074717
AGCACTTAAGGACGCC-1-1,Wound7,524.0,374,2.480916
AGCAGCCAGATGAATA-1-1,Wound7,365.0,310,1.0958904
AGCATATCAATATGCT-1-1,Wound7,16007.0,3748,1.6430311
AGCCACAGGTTACCCG-1,Wound7,5800.0,2841,2.9827585
AGCCACTCCCGTGCTT-1-2,Wound7,462.0,378,3.2467532
AGCCCATACATGTAAG-1,Wound7,11665.0,3313,4.089155
AGCCCTTCTAATCCGA-1-1,Wound7,575.0,413,5.391304
AGCGACCAACGATATT-1-1,Wound7,260.0,200,5.0
AGCGCGGGTGCCAATG-1-1,Wound7,9014.0,3367,3.9494119
AGCGTGGTATTCTACT-1-2,Wound7,1329.0,883,1.2039127
AGCTAAGTACGCAGGC-1,Wound7,980.0,715,2.857143
AGCTAGAAGCAGAAGT-1-1,Wound7,18530.0,5023,5.116028
AGCTCCTTCGCACATC-1-2,Wound7,1812.0,1012,2.8697572
AGCTCTAGACGTTCCA-1-2,Wound7,18726.0,5297,3.9837658
AGCTCTTCCCAGTGCA-1-2,Wound7,2492.0,1396,6.861958
AGCTGAAGTAAACCAA-1-2,Wound7,471.0,390,2.3354564
AGCTTGATCTTAACTT-1,Wound7,9468.0,2959,5.111956
AGGAAGCTGTCCGCCG-1-1,Wound7,154.0,105,5.194805
AGGACAGTCGAATCCC-1-2,Wound7,955.0,607,2.827225
AGGACGACCCATTAGA-1-1,Wound7,4434.0,1870,2.3680649
AGGACGCTCGATGTTG-1-1,Wound7,228.0,204,3.0701754
AGGAGGCCTTCGCGCG-1,Wound7,1555.0,781,2.1221864
AGGATAAAGTCGGGAT-1-2,Wound7,387.0,316,2.0671835
AGGATATAGGGATTTA-1,Wound7,470.0,360,3.6170216
AGGCAGATGCGTAAAC-1-2,Wound7,1483.0,1020,2.0903575
AGGCCCTAGAACGCCA-1,Wound7,11080.0,2620,4.0162454
AGGCCTGAGAATCTCG-1,Wound7,10574.0,4096,2.9979193
AGGCTTCCCGAAGAAG-1-1,Wound7,3633.0,1387,4.5141754
AGGGCTGCAGTTACAG-1-2,Wound7,8189.0,2995,7.31469
AGGGTCGATGCGAACT-1-1,Wound7,1696.0,969,2.3584907
AGGGTGCTCTCGAGGG-1-2,Wound7,3042.0,1534,2.5969756
AGGGTTCCCTTTGGTT-1-2,Wound7,11819.0,3937,2.876724
AGGGTTTAGTTCGGGA-1-2,Wound7,13695.0,3945,9.397591
AGGTCGCGGAGTTACT-1,Wound7,9509.0,3752,3.45988
AGGTTGAGGCACGCTT-1-2,Wound7,489.0,390,1.2269938
AGGTTTCACACACCTT-1-2,Wound7,3083.0,1524,6.000649
AGTACGGGCACCTGGC-1-2,Wound7,1791.0,1172,2.4008934
AGTACTCTTATGCCCA-1-1,Wound7,3410.0,2032,2.3753664
AGTCAAGATGACACTT-1-2,Wound7,4504.0,1841,3.0195382
AGTCGACGGTCTCAAG-1-1,Wound7,4008.0,1903,3.0938125
AGTCGTCGACCACCAA-1-1,Wound7,3176.0,1860,2.0465994
AGTCTTCTCCTCAAAT-1-2,Wound7,957.0,685,1.7763846
AGTGACCTACTTTACG-1-2,Wound7,1262.0,778,2.7733755
AGTGAGACTTCCAGTA-1-2,Wound7,7458.0,2747,2.0514884
AGTGAGCCTCGCCGCC-1,Wound7,48465.0,7326,2.752502
AGTGATAACCTGCGCG-1-1,Wound7,4502.0,2223,3.6872501
AGTGATATGAGTAGTT-1-2,Wound7,3314.0,1432,8.267954
AGTGATTCAAGCAGGA-1-2,Wound7,3938.0,1843,2.4631793
AGTGCACGCTTAAGAA-1-1,Wound7,18968.0,4179,1.7345002
AGTGCGTAGCTCGTAA-1-1,Wound7,9431.0,2775,7.6556044
AGTGCTAAACACAGCA-1,Wound7,5657.0,2676,3.5531201
AGTGCTTGCACGAATA-1-2,Wound7,1883.0,1063,2.6022305
AGTGGCGGCAATTTGA-1-1,Wound7,849.0,629,2.4734983
AGTGGCGTCTGAAGGT-1,Wound7,1569.0,1031,4.142766
AGTGTATTGCGCATTG-1-1,Wound7,350.0,216,6.0
AGTTAAACACTTGCGA-1-1,Wound7,5585.0,2462,4.8701878
AGTTAAGCGGTCCCGG-1-2,Wound7,249.0,195,1.6064256
AGTTCCTACAGAATTA-1-1,Wound7,542.0,397,5.3505535
AGTTCCTATTTATGTT-1-2,Wound7,16802.0,5011,7.7252707
AGTTTGCACCTGCCTC-1-1,Wound7,316.0,271,0.6329114
ATAAACGGACCCGTAA-1-2,Wound7,3638.0,1709,6.624519
ATAAAGGCTCGGTCGT-1-2,Wound7,4003.0,1646,10.741944
ATAACGCCGGAGGGTC-1-2,Wound7,43499.0,6881,2.5816684
ATAACGGAGTCCAACG-1-2,Wound7,5103.0,2493,3.3509703
ATAAGGTGGAGAACAT-1-2,Wound7,676.0,516,2.514793
ATAAGTAGGATTCAGA-1,Wound7,26165.0,5779,3.0498757
ATAAGTTACCGCGACG-1-2,Wound7,2454.0,1171,4.237979
ATAATAGCTGTTGAAT-1-2,Wound7,5217.0,2623,3.143569
ATAATCTTGGAGAACC-1-1,Wound7,522.0,425,1.3409961
ATACAGGCCCTCCAAT-1-2,Wound7,225.0,203,1.3333334
ATACCTAACCAAGAAA-1-1,Wound7,2585.0,1500,4.951644
ATACGCCGGCGAAACC-1-2,Wound7,4283.0,2127,1.8211534
ATACGGGTTTCGATTG-1-2,Wound7,257.0,215,2.3346303
ATACGTACTTAGCCAC-1-2,Wound7,457.0,377,2.1881838
ATACGTCCACTCCTGT-1-2,Wound7,1060.0,636,3.5849056
ATACTGCCTTACACCG-1-1,Wound7,1615.0,980,4.8297215
ATAGACAACGGGACCT-1-2,Wound7,959.0,686,1.459854
ATAGACGAAGAGAAAG-1-1,Wound7,9133.0,3056,7.9053984
ATAGAGTTATCAACTT-1-1,Wound7,693.0,529,1.2987013
ATAGGCGGCTATAGAA-1,Wound7,509.0,341,4.715128
ATAGGCTAGCTTCGCA-1-1,Wound7,683.0,523,2.1961932
ATAGGGATATCCTTGA-1-2,Wound7,672.0,459,3.422619
ATAGGTTGGGCAGATG-1-2,Wound7,20607.0,4055,3.4454312
ATAGTGAAGCGTTCTC-1-2,Wound7,490.0,386,2.6530612
ATATAAAGCGCTCGTG-1-1,Wound7,395.0,320,3.0379746
ATATAAATGTAGCTGC-1-2,Wound7,745.0,571,2.5503356
ATATCGTTCCTCGAAC-1-1,Wound7,10526.0,4100,2.194566
ATATCTCCCTCGTTAA-1-2,Wound7,3853.0,1885,5.0090837
ATATCTTAGGGCCTTC-1-2,Wound7,5265.0,2261,6.3247867
ATATGTCTCCCTAGCC-1-1,Wound7,1960.0,1095,2.6020408
ATATTCAGTTAAACCT-1-1,Wound7,21443.0,4507,7.032598
ATATTCCACATAGTGA-1-2,Wound7,881.0,659,1.9296255
ATATTTAACCCTCAAG-1-2,Wound7,1005.0,720,2.3880596
ATCAATCTGGGCTGCA-1-2,Wound7,15448.0,3820,12.474107
ATCACATTAGAATATC-1-2,Wound7,457.0,361,3.501094
ATCACTTCATCCTCGC-1-1,Wound7,488.0,374,2.6639345
ATCAGACGGCACGCCG-1-1,Wound7,16979.0,3911,3.4748807
ATCAGCCTCATGCTGC-1-1,Wound7,868.0,652,2.764977
ATCAGTAGGCAGGGAT-1-2,Wound7,283.0,236,0.7067138
ATCATCCAATATTTGT-1-2,Wound7,2310.0,1380,2.3376622
ATCCAATGGAGGGTCC-1,Wound7,12343.0,3410,4.2939315
ATCCACATCGACAGAA-1-1,Wound7,116.0,104,0.86206895
ATCCAGAGCAACAACC-1-2,Wound7,681.0,517,2.4963288
ATCCTACCTAAGCTCT-1-2,Wound7,687.0,498,4.8034935
ATCCTGCGTGGAATGG-1-2,Wound7,2062.0,992,5.771096
ATCGACCCAATACAGA-1-2,Wound7,5014.0,2232,5.704029
ATCGGAGACAGACGGC-1-2,Wound7,598.0,483,1.5050167
ATCGGCAAGCAGTCCA-1-1,Wound7,1041.0,730,4.3227663
ATCTAATATCCTACGG-1-2,Wound7,269.0,234,3.345725
ATCTGCACCTCTGCGA-1-1,Wound7,37270.0,6879,3.06681
ATCTGGGCTGTTCTTG-1-1,Wound7,178.0,158,3.3707864
ATCTGGTTAAGACTGT-1-2,Wound7,10158.0,3758,5.581807
ATGACTATGCGACATT-1-2,Wound7,6570.0,2447,2.6788433
ATGATGCAATGGTACA-1-2,Wound7,2686.0,1158,4.3186893
ATGCATGATCCAGGAT-1-2,Wound7,1765.0,1063,3.05949
ATGCCGGTCTTGCATA-1-2,Wound7,10734.0,3676,3.1488729
ATGCCGGTTGATGGGA-1-2,Wound7,278.0,230,5.3956833
ATGCGACAATTGGTCC-1,Wound7,3295.0,1477,7.1016693
ATGCGACAGTCCCATT-1-2,Wound7,11413.0,3595,3.4697275
ATGCTCTGGCGCGGTA-1-1,Wound7,463.0,366,2.5917926
ATGGAGCAGGCCGTGA-1-2,Wound7,15789.0,4476,4.262461
ATGGATCCGGCGTCCG-1-2,Wound7,284.0,237,2.8169014
ATGGATTGACCAAACG-1-2,Wound7,15746.0,3571,5.048901
ATGGGCCTCGGCCTCT-1-2,Wound7,1031.0,611,3.4917555
ATGGTCGCGTGGTTTC-1-2,Wound7,1023.0,640,2.737048
ATGTGAAAGCCTAATG-1,Wound7,2113.0,1099,3.8334124
ATGTGGACATCTTGAT-1-2,Wound7,1100.0,815,1.3636364
ATTAAACATGCGGACC-1-2,Wound7,7368.0,2878,5.401737
ATTAATACTACGCGGG-1-1,Wound7,462.0,350,3.4632034
ATTAATGAACCAGTCG-1-2,Wound7,1512.0,994,1.7857144
ATTACGCGCTGGCAGG-1,Wound7,11724.0,3410,3.5397475
ATTACTTACTGGGCAT-1-1,Wound7,850.0,629,2.9411764
ATTAGATTCCTCAGCA-1,Wound7,26136.0,6275,2.6285584
ATTAGGCGATGCTTTC-1-2,Wound7,15198.0,4024,3.5070405
ATTATACTTTGCTCGT-1-2,Wound7,349.0,261,1.7191976
ATTCACTGATGTTGGA-1-2,Wound7,355.0,305,1.971831
ATTCAGGACCTATTTC-1-1,Wound7,880.0,651,3.5227273
ATTCATATACTGTCCA-1-2,Wound7,627.0,487,3.3492823
ATTCATCGTTGAGGCA-1,Wound7,8052.0,3351,1.900149
ATTCCTAAGACGTGGA-1-1,Wound7,1826.0,875,8.4885
ATTGAAGATCTTAGTG-1-1,Wound7,1818.0,1089,7.645765
ATTGATGAGTCCTAAC-1-1,Wound7,1801.0,979,1.7767906
ATTGCCTTTATGTTTG-1,Wound7,460.0,366,4.1304345
ATTGCTGCTCCTCCAT-1-1,Wound7,16583.0,4791,4.9508533
ATTGTACAACTCGGCT-1,Wound7,987.0,656,3.343465
ATTTACAGTTTACTGG-1-1,Wound7,708.0,507,5.6497173
ATTTGTCTTGGGAGCT-1-2,Wound7,829.0,599,3.4981906
ATTTGTTCCAGGGCTC-1-2,Wound7,175.0,143,2.2857141
CAAACGAGTATCGCAG-1-2,Wound7,4307.0,1842,6.756443
CAAACGGTCGCACTTT-1-1,Wound7,2314.0,1331,5.7908382
CAAATCTCTCACAAGG-1,Wound7,6135.0,2120,4.1564794
CAAATGTCCTTCCGTG-1-2,Wound7,415.0,330,3.1325302
CAAGAGGGCGGAGTAC-1-2,Wound7,1269.0,849,1.1032308
CAAGATATTATAACGT-1-2,Wound7,2157.0,1174,2.5961983
CAAGCAACGTCGGAGT-1-1,Wound7,3081.0,1681,3.5053556
CAAGCGGCACATAATT-1-2,Wound7,472.0,378,2.5423727
CAAGGATCGCATGTTC-1-2,Wound7,24697.0,5743,4.1219583
CAATAAACCTTGGCCC-1-2,Wound7,9253.0,3639,4.376959
CAATGCGAGAAGTATC-1-2,Wound7,7228.0,3250,2.8223574
CAATGGATCTCTACCA-1-2,Wound7,14544.0,4789,3.3140817
CAATTAAGGGTGATGA-1-2,Wound7,26802.0,4629,3.283337
CAATTTCGTATAAGGG-1-2,Wound7,10473.0,3214,3.7811513
CACAATGAGCTGCTAT-1-2,Wound7,403.0,327,2.2332506
CACACGCGCTGTCTTA-1-2,Wound7,6714.0,2601,1.8319929
CACAGGGCCATATAGT-1,Wound7,17983.0,4632,2.9972754
CACATATTAGCAGGAT-1-2,Wound7,1114.0,740,1.166966
CACATCTCACCGACGA-1-1,Wound7,316.0,274,4.746835
CACATGATTCAGCAAC-1-2,Wound7,8895.0,3116,3.6424956
CACATTCTTTCGATGG-1-2,Wound7,442.0,354,2.9411764
CACCCAAATCTTATGT-1,Wound7,1004.0,642,2.5896416
CACCCACGAGGCAATT-1-2,Wound7,1463.0,1013,3.3492823
CACCCTAACAAGATCT-1-2,Wound7,1759.0,1110,3.8658328
CACCGCCAGAAGGTTT-1-2,Wound7,1676.0,1001,4.6539383
CACCTAATCAGTTTAC-1-2,Wound7,381.0,268,1.8372704
CACCTTGCGAAACTCG-1-2,Wound7,451.0,369,1.9955654
CACGCACAGCGCAGCT-1-2,Wound7,2223.0,1368,1.4394963
CACGCAGCGAGGCTTT-1-1,Wound7,3037.0,1515,3.984195
CACGTTCGTGCTCTAG-1-2,Wound7,14899.0,4292,3.1612859
CACGTTTCGTACACAC-1-1,Wound7,3186.0,1872,2.354049
CACTAAAGTTGCCTAT-1-2,Wound7,5871.0,2458,7.6818256
CACTCAAGAGCTATGG-1-2,Wound7,1230.0,838,0.81300807
CACTCGAGCTGAACAA-1-2,Wound7,1377.0,954,1.3071896
CACTTAATCAGACGGA-1-2,Wound7,6568.0,2469,7.536541
CAGAACTTAGCCCTCT-1-2,Wound7,945.0,673,2.5396826
CAGACACCGATCGCTG-1-1,Wound7,359.0,288,5.0139275
CAGACCTGTAAGTGTT-1-1,Wound7,31766.0,6061,1.9265883
CAGACGAACCTGATAC-1-2,Wound7,2895.0,1666,3.2469776
CAGAGACGGTCACCCA-1-2,Wound7,601.0,454,2.828619
CAGAGCATGAGCTTGC-1-2,Wound7,10610.0,3824,5.8152685
CAGAGGCGATGCATGA-1-1,Wound7,983.0,663,5.4933877
CAGATCATTTAAAGTC-1,Wound7,19359.0,5337,2.7842348
CAGCAGCCCGTTCCTT-1-2,Wound7,26823.0,6084,3.605115
CAGCAGTCTGTGCTGC-1-1,Wound7,155.0,135,1.9354839
CAGCCTCCTGCAGAGG-1-2,Wound7,644.0,495,3.2608695
CAGCGATTCCCTTCAA-1-1,Wound7,291.0,220,5.841924
CAGCTCACTGAGACAT-1-2,Wound7,4514.0,2062,9.370847
CAGCTCGACAAGTTAA-1-2,Wound7,2083.0,1240,6.048968
CAGGATATATCGTTGT-1-2,Wound7,1722.0,1059,2.5551684
CAGGCAGTCTTACCAG-1,Wound7,280.0,222,5.357143
CAGGCCGTTTGGGTGT-1-1,Wound7,1034.0,723,2.1276596
CAGGCGCCATGCTAGG-1-2,Wound7,602.0,482,1.9933555
CAGTAACTATTTATTG-1-1,Wound7,515.0,410,3.883495
CAGTACATTCTCTAAA-1-1,Wound7,928.0,674,2.0474138
CAGTAGCCCACGCGGT-1-2,Wound7,4482.0,2154,2.9451137
CAGTCGAGGATGCAAT-1-1,Wound7,763.0,572,2.621232
CAGTCTGTATACTGGG-1-2,Wound7,22882.0,5929,9.125076
CAGTGAATAAATGACT-1-2,Wound7,940.0,708,1.8085108
CAGTGTCGGCTGGCCC-1-2,Wound7,55644.0,7793,1.2310401
CATAACGGACAGTCGT-1-1,Wound7,2380.0,1218,2.3529413
CATAAGAAGCTTGGCT-1-1,Wound7,240.0,210,1.6666667
CATACGGCGTCTGGGC-1-2,Wound7,1581.0,981,2.7830486
CATACTATGTAATTGT-1-2,Wound7,4506.0,1866,6.74656
CATAGTCAAATACATA-1,Wound7,6157.0,2282,4.969953
CATATACTACTGATAA-1-1,Wound7,801.0,590,3.995006
CATATAGGTACAGTCA-1-2,Wound7,1355.0,915,3.4686346
CATCATTACCCTGAGG-1-1,Wound7,46633.0,6722,1.4989386
CATCCTCTCAAAGATC-1-1,Wound7,3498.0,1831,2.8873644
CATCGGACGGGTTAAT-1-2,Wound7,752.0,578,1.8617021
CATCTATCCCGTGTCT-1-1,Wound7,411.0,334,3.163017
CATCTTACACCACCTC-1,Wound7,914.0,605,2.0787745
CATGAGATGCACTCTC-1-1,Wound7,1162.0,822,2.4096384
CATGATGCACAATTCT-1-1,Wound7,495.0,383,2.8282828
CATGCCAACTCGCAAA-1,Wound7,1680.0,735,3.511905
CATGCGACCAGTTTAA-1-1,Wound7,1562.0,1043,2.5608194
CATGGGTATGCCTTAT-1-2,Wound7,6358.0,2745,3.3343818
CATGGGTCGGGTGTGG-1-2,Wound7,401.0,316,2.7431421
CATGGTAAGTAGCGTT-1-2,Wound7,1394.0,924,1.8651363
CATGGTCTAGATACCG-1-2,Wound7,4959.0,2397,5.868119
CATGTAAGAGACATTT-1-2,Wound7,4929.0,2305,2.3534186
CATGTAGGAGCGCCAA-1,Wound7,192.0,150,14.583333
CATGTCTCATTTATGG-1-2,Wound7,6447.0,2491,2.8540406
CATTATGCTTGTTGTG-1-1,Wound7,322.0,264,4.0372667
CATTTAGCGGACCATG-1-2,Wound7,505.0,422,1.980198
CATTTGAGTGGTACGT-1-2,Wound7,1413.0,845,6.7940555
CCAACGATGCACTGAT-1-1,Wound7,1656.0,928,5.4347825
CCAAGAAAGTGGGCGA-1-2,Wound7,607.0,465,3.4596376
CCAAGCGTAACTCGTA-1-2,Wound7,52857.0,6625,8.602456
CCAATAGTGCCGTCGA-1-1,Wound7,10287.0,3692,3.6842618
CCAATGTCACAGCAAG-1-1,Wound7,6387.0,2225,4.8849225
CCAATTACGGGTCGAG-1-1,Wound7,531.0,409,2.259887
CCACAATGTACGTCTT-1-2,Wound7,27134.0,6208,2.6756098
CCACAGTACCCATCCT-1-2,Wound7,2318.0,1163,2.6747196
CCACCCAAGGAAAGTG-1-2,Wound7,11885.0,4304,2.6335719
CCAGATAGTTGAGTGA-1-2,Wound7,32000.0,6805,3.08125
CCAGCCTGGACCAATA-1-2,Wound7,21105.0,5378,2.6581378
CCAGGGACGTGGCCTC-1-1,Wound7,717.0,513,2.6499302
CCAGTAGTCTGATCCA-1-2,Wound7,624.0,471,3.2051284
CCAGTCTAGACGGCGC-1-2,Wound7,451.0,359,1.7738359
CCAGTCTTGTCATAGA-1-1,Wound7,188.0,161,1.5957447
CCATACCTTTACTTGT-1,Wound7,31139.0,6100,2.4374578
CCATCGCAGTTAAACT-1-2,Wound7,691.0,537,2.894356
CCATGCCCTAGATTTC-1,Wound7,4319.0,1874,2.5931928
CCATGCCTGTTTAGTA-1-2,Wound7,4613.0,1934,7.977455
CCATTAGCGATAATCC-1-1,Wound7,6168.0,2391,5.220493
CCATTCCCTGCCCACA-1-1,Wound7,4974.0,2376,2.8347406
CCATTTCTACCTATTA-1-2,Wound7,331.0,289,2.4169185
CCCAAACATGCTGCTC-1-2,Wound7,3253.0,1616,2.490009
CCCAACATACGTCGCG-1,Wound7,16912.0,3497,4.6948915
CCCAGAGGAGGGCGTA-1-1,Wound7,1216.0,872,2.9605265
CCCAGTTAAGGCGCCG-1-2,Wound7,1408.0,871,2.8409092
CCCGACCATAGTCCGC-1-2,Wound7,556.0,317,2.3381295
CCCGCAGCGCGAACTA-1-2,Wound7,851.0,648,2.5851939
CCCGTAAGTCTAGGCC-1,Wound7,5438.0,2083,3.4939315
CCCTGAAATGAGTTGA-1-1,Wound7,3543.0,1752,5.1651144
CCCTGCCCAATCCGCT-1,Wound7,360.0,279,3.6111112
CCCTTTGACAGGTCTT-1-2,Wound7,398.0,320,5.5276384
CCGAACCTTCCCGGCC-1-2,Wound7,745.0,579,1.6107383
CCGATCTCAACCTTAT-1,Wound7,691.0,480,2.0260491
CCGCACAAAGACCAAC-1-2,Wound7,13966.0,4131,3.7090075
CCGCATGTGGTACGAT-1-2,Wound7,665.0,521,2.556391
CCGCGGAATGCGTCAC-1-2,Wound7,2001.0,1063,6.746627
CCGCTATCAGCACCAG-1-2,Wound7,8155.0,3101,5.5548744
CCGGGCGGTCTCGTCA-1-2,Wound7,42605.0,7437,1.7814811
CCGGGCTGCTCCATAC-1-2,Wound7,20508.0,4701,0.8582016
CCGTAAGTTGGTCCCA-1-2,Wound7,23784.0,5880,2.064413
CCGTAGGAAATCCCTG-1,Wound7,5779.0,2308,2.9589896
CCGTATTAGCGCAGTT-1,Wound7,5167.0,2210,4.548094
CCGTGGAACGATCCAA-1,Wound7,21865.0,5889,2.2410245
CCGTTACGTTAGAACA-1-2,Wound7,14532.0,3877,12.496559
CCGTTCCGAATCTCGG-1,Wound7,4551.0,1793,4.0650406
CCTAAATTAACGGTTC-1-2,Wound7,15120.0,5025,3.154762
CCTAACCCAAACAAGT-1-2,Wound7,13625.0,3487,2.6862385
CCTAACTAAGGCTCTA-1-1,Wound7,22140.0,4995,10.311653
CCTAGGCGTAGCGATC-1-2,Wound7,14556.0,3999,1.3259137
CCTATAATGAGTGCCC-1-2,Wound7,6507.0,2976,3.0121408
CCTATACCGTCCTGTC-1-1,Wound7,5775.0,2348,5.922078
CCTATCTATATCGGAA-1-2,Wound7,421.0,274,1.6627079
CCTATGGGTTACCGTC-1-2,Wound7,22479.0,4952,3.1674006
CCTATGTCCACTCCAC-1,Wound7,12511.0,4317,3.2611303
CCTCACCTGAGGGAGC-1,Wound7,25372.0,5882,2.88507
CCTCACCTTAGCATCG-1-1,Wound7,3918.0,2020,2.0673814
CCTCCGACAATTCAAG-1-1,Wound7,1160.0,720,5.5172415
CCTCGCGCGATATAGG-1-1,Wound7,8385.0,2911,6.547406
CCTCGCGCTGTGCGAT-1-1,Wound7,301.0,267,1.6611295
CCTCGGACCGGGATAG-1-2,Wound7,1578.0,986,2.5982256
CCTCTAATCTGCCAAG-1-2,Wound7,1770.0,1223,2.59887
CCTCTCTCCCATCTAG-1-1,Wound7,2322.0,1375,2.024117
CCTCTGTACTATTCTA-1-2,Wound7,449.0,375,2.2271714
CCTGAACGATATATTC-1-2,Wound7,9471.0,3294,1.3514941
CCTGAATATTTACATA-1-2,Wound7,1153.0,805,2.6019082
CCTGACCACCGATGGT-1-2,Wound7,1060.0,766,2.7358491
CCTGCTATTTGAGAAG-1-1,Wound7,192.0,148,1.0416667
CCTGGCTAGACCCGCC-1-1,Wound7,195.0,172,2.5641026
CCTGGTCGAATGTGGG-1-1,Wound7,329.0,274,3.343465
CCTGTAAGACATGATA-1-1,Wound7,3310.0,1668,2.0543807
CCTGTACTCACGCCCA-1,Wound7,12856.0,3422,4.1148105
CCTGTCACCCGGGCTC-1-2,Wound7,27417.0,4924,2.9361346
CCTGTCGCCCGTAAAT-1-2,Wound7,10591.0,3590,7.5063734
CCTGTTTGAAGACACG-1-1,Wound7,32465.0,6687,2.4826736
CCTTCTTGATCCAGTG-1-2,Wound7,658.0,434,7.5987844
CCTTTCAATGAAGAAA-1-1,Wound7,602.0,463,2.6578074
CGAAACGCAATTCATG-1,Wound7,5933.0,2210,3.0844429
CGAACAGTATGGGCGT-1-1,Wound7,4107.0,1513,1.3635257
CGAACCCGCATGCGTC-1-2,Wound7,665.0,484,2.255639
CGAAGCTATAAATTCA-1-1,Wound7,1796.0,1218,2.895323
CGAAGTTGCTCTGTGT-1-1,Wound7,4211.0,2138,4.8444552
CGACACGCTCCGACAG-1-1,Wound7,548.0,398,3.2846715
CGACAGTTCGCGTTAT-1-1,Wound7,11497.0,3724,6.132035
CGACTCAGGATGTTAT-1-2,Wound7,939.0,705,3.3013842
CGAGACCCTAGAGTGT-1-2,Wound7,11210.0,4116,4.0945587
CGAGAGATGTGAACCT-1-2,Wound7,7029.0,3134,3.3290653
CGAGAGCTTTCACTAC-1,Wound7,1407.0,878,4.9751244
CGAGGCTAAATATGGC-1-2,Wound7,18923.0,5153,3.7150557
CGAGGGACTGCGGTCG-1-2,Wound7,16824.0,4767,3.013552
CGAGTTCTGTCCCACC-1-2,Wound7,6292.0,2811,3.4329307
CGAGTTTATCGGACTG-1-1,Wound7,1772.0,1003,2.8216705
CGATAGTCGTACTGCA-1,Wound7,973.0,553,7.0914693
CGATCTGTTGGAGGAC-1,Wound7,165.0,143,4.2424245
CGATGGACCCTACGCC-1-1,Wound7,471.0,363,2.3354564
CGATTAAATATCTCCT-1-1,Wound7,521.0,411,2.4952016
CGATTCGCCTGGCTGC-1-1,Wound7,557.0,457,1.7953322
CGCAATTAGGGTAATA-1-1,Wound7,174.0,141,5.7471266
CGCACATGTCCACTAC-1-2,Wound7,2312.0,1350,1.6868511
CGCATGGTGCGATGCT-1-2,Wound7,15876.0,4416,4.4406652
CGCATTAGCTAATAGG-1-2,Wound7,665.0,443,2.857143
CGCCATCCGATTATGA-1-2,Wound7,527.0,423,2.6565464
CGCCCAGCGTTTCACG-1,Wound7,1620.0,921,4.1358023
CGCCCGCTTCCGTACA-1-2,Wound7,294.0,222,3.0612245
CGCCGCCCATGCCTGT-1-2,Wound7,1919.0,1180,2.970297
CGCCTCCCTCCTCTAT-1-2,Wound7,2954.0,1646,1.5910629
CGCCTGGCCTACGTAA-1,Wound7,12989.0,3633,2.9332514
CGCGACCGCGACAGAT-1,Wound7,1433.0,934,3.4891837
CGCGAGAGGGACTTGT-1-1,Wound7,9404.0,3185,7.0714593
CGCGCATGTTTGATTG-1-2,Wound7,553.0,446,2.169982
CGCGCCCGACTTAATA-1-2,Wound7,483.0,352,4.7619047
CGCGGGAATTAGGCAG-1-2,Wound7,17659.0,5223,3.4146893
CGCGGTCACAAACCAA-1-1,Wound7,1366.0,913,3.660322
CGCGTTCATGAAATAC-1-1,Wound7,251.0,200,4.38247
CGCTACGGGACATTTA-1-1,Wound7,2485.0,1199,3.0985916
CGCTATTCTTAGGCTC-1-2,Wound7,2553.0,1576,3.0943987
CGCTCTCCGTAGATTA-1-1,Wound7,6481.0,2930,2.73106
CGCTTATTCCCGGTCG-1,Wound7,10137.0,2707,3.847292
CGCTTTCTTGCATTCG-1-2,Wound7,43285.0,7033,3.94825
CGGAACGTAAACATAG-1-2,Wound7,15184.0,3472,7.8174396
CGGAGCAATTTAATCG-1-2,Wound7,612.0,485,2.4509804
CGGAGCATGGCGATCC-1-2,Wound7,37647.0,6714,3.8276625
CGGATCCTCAAGGACT-1,Wound7,1438.0,936,3.8247566
CGGCAAACATCGTGCG-1-2,Wound7,476.0,385,1.2605042
CGGCAGGGTCGGGTTG-1-1,Wound7,19534.0,4586,1.7200778
CGGCCACGCACAAAGT-1-2,Wound7,2057.0,1215,2.4307244
CGGCGCCATCAATCCC-1-1,Wound7,15991.0,4782,2.213745
CGGGAATTTATGTAAA-1-2,Wound7,5063.0,2241,4.4440055
CGGGAGCTTCAGTGTA-1-2,Wound7,14843.0,3235,1.7314559
CGGGCAGCTAAACCGC-1-2,Wound7,1123.0,750,3.2947462
CGGGCCTTCTTTGTAA-1-2,Wound7,492.0,402,2.0325203
CGGGTGTACCCATTTA-1-2,Wound7,17404.0,4581,1.8444035
CGGTACTAGAATCAAA-1-2,Wound7,1042.0,690,2.6871402
CGGTAGAGGTGCAGGT-1-2,Wound7,480.0,369,5.8333335
CGGTCAAGTGGGAACC-1-2,Wound7,3738.0,2025,2.2204387
CGGTCTATCAACCCGT-1-2,Wound7,240.0,200,2.9166667
CGGTGCAGATAGAACG-1-1,Wound7,10848.0,3350,4.553835
CGGTGCGCGTTGGTCC-1-1,Wound7,2572.0,1335,2.9937792
CGGTTATCCAACAGTG-1-1,Wound7,38195.0,6994,3.6549284
CGGTTCAAGTAGGTGT-1-1,Wound7,826.0,637,2.4213076
CGGTTGACCTGGCATA-1,Wound7,8585.0,2742,3.529412
CGTACCTGATAGGCCT-1-1,Wound7,624.0,464,2.0833335
CGTATTAAGAGATCTA-1-2,Wound7,1618.0,919,6.1804695
CGTCACGTCCATTGGT-1-2,Wound7,1715.0,958,2.5655978
CGTCGGATAGTGTTGA-1-1,Wound7,1963.0,1084,2.2414672
CGTCGTCCTTCGCGAA-1-1,Wound7,309.0,260,1.618123
CGTGAAGTTAATTCAC-1-2,Wound7,653.0,516,2.45023
CGTGCAGACTGGGACA-1-2,Wound7,5283.0,2289,2.1578648
CGTGCATTGTCGACGC-1,Wound7,2058.0,1087,3.4013608
CGTGCCCTCCCGAAGA-1-2,Wound7,3496.0,1844,2.145309
CGTGTCCCATTCGCGA-1-1,Wound7,94.0,88,5.319149
CGTTAATGTCCCGACG-1-1,Wound7,1791.0,1152,3.1825795
CGTTCTTCGCACACCT-1,Wound7,19101.0,5175,4.1673207
CGTTGAATACCGCGCT-1-1,Wound7,1107.0,826,1.8970189
CGTTGAGCGACCGTCG-1-2,Wound7,3717.0,1955,2.2867906
CGTTGTTTCAATTCCC-1-1,Wound7,675.0,517,2.074074
CGTTTCACTTCGGGCG-1-2,Wound7,371.0,299,5.1212935
CGTTTCGCTCATTACA-1-2,Wound7,6110.0,2469,6.8576107
CTAAAGAATGCCTACT-1-1,Wound7,2590.0,1385,3.7451737
CTAAAGGGAAATAGGA-1-2,Wound7,1803.0,1174,3.1059346
CTAAATCCTATTCCGG-1-2,Wound7,5091.0,2362,1.9249657
CTAACCGCGCGCCCGT-1-1,Wound7,7064.0,2813,4.883919
CTAACGAAACTTGCTG-1-1,Wound7,7437.0,2780,2.1379588
CTAAGGGAATGATTGG-1-2,Wound7,2355.0,1324,1.4861995
CTAATTCTCAGATATT-1,Wound7,29411.0,6349,2.203257
CTACCCTAAGGTCATA-1-1,Wound7,20944.0,5333,1.9480519
CTACGCACGGAGTACC-1-2,Wound7,686.0,497,4.810496
CTACTATCTTTCAGAG-1-1,Wound7,1281.0,861,2.4199843
CTACTGCCACCTGACC-1-2,Wound7,10010.0,2882,4.355644
CTAGATTTACGACGGC-1-2,Wound7,13687.0,4517,2.3160663
CTAGCATAGTATAATG-1-2,Wound7,27350.0,6310,8.252285
CTAGCCGATGTTATGA-1-1,Wound7,2247.0,1381,2.4922118
CTAGGCGCCCTATCAG-1-2,Wound7,43891.0,6048,1.2007017
CTAGGTCTGAAGGAAT-1,Wound7,1336.0,853,6.287425
CTAGGTTCGGACGTGA-1-1,Wound7,351.0,301,1.9943019
CTAGTAGAAAGGGATT-1,Wound7,243.0,205,3.7037036
CTAGTCACGTCTTAAG-1-2,Wound7,24164.0,5572,2.5161397
CTAGTGAAGGACAGGA-1-1,Wound7,2320.0,1405,1.9827585
CTAGTTACAACCCGGT-1-2,Wound7,449.0,356,2.895323
CTAGTTGGGCCCGGTA-1-2,Wound7,8610.0,3393,9.361208
CTATAAGAGCCAATCG-1-1,Wound7,2026.0,1280,2.5172756
CTATCGACGAAATACA-1-1,Wound7,13768.0,4360,1.888437
CTATCGGGTCTCAACA-1-2,Wound7,3608.0,2030,2.1618626
CTATGTCACTAGCCCA-1-2,Wound7,23185.0,4412,5.076558
CTATTCATGTGTCCCA-1-2,Wound7,637.0,506,1.8838305
CTATTTGGTTACGGAT-1-2,Wound7,31796.0,5912,3.2016606
CTCAACTAACCCGGAT-1,Wound7,1215.0,856,3.292181
CTCACATTTACTAAAT-1-1,Wound7,296.0,235,5.0675673
CTCACTGTGATACTTA-1-1,Wound7,110.0,94,2.7272727
CTCACTTGGCTGGTAA-1,Wound7,8499.0,2912,3.4709969
CTCAGTCACGACAAAT-1-1,Wound7,677.0,496,2.5110784
CTCATTGCTCTAACAA-1-1,Wound7,634.0,514,1.8927445
CTCCGCCCACATGAGG-1-1,Wound7,18020.0,4163,5.3884573
CTCCTTTACGCAAGTC-1,Wound7,14461.0,4477,2.558606
CTCGAGGTCGAACAGT-1-2,Wound7,2884.0,1534,6.033287
CTCGATATTTGCGAGC-1-1,Wound7,1112.0,780,2.3381295
CTCGCACCTATATAGT-1-2,Wound7,915.0,669,2.7322404
CTCGCCGAATGTAGGG-1-1,Wound7,207.0,167,4.830918
CTCGGTACCACTGCTC-1-2,Wound7,2672.0,1461,3.3308382
CTCGTTTCTAATGTTT-1-1,Wound7,2403.0,1486,2.247191
CTCTAGCCCTCGGAAA-1,Wound7,22140.0,4330,10.067751
CTCTATTTGGCTGCAG-1-2,Wound7,601.0,463,2.49584
CTCTCACAATCGATGA-1-2,Wound7,6061.0,2605,4.2072268
CTCTGGACGCCTGGTG-1-2,Wound7,12046.0,3362,15.9389
CTCTTGTCCCGCTTGG-1-2,Wound7,525.0,415,2.6666667
CTGAAAGAGATCCGAC-1-2,Wound7,111.0,99,2.7027028
CTGAATCCGAGACCTC-1-2,Wound7,380.0,320,2.631579
CTGAATTTATTGCCAG-1,Wound7,2404.0,1547,2.828619
CTGACTGCGCAGCTCG-1-1,Wound7,16319.0,4088,1.6361296
CTGCACAACTACATAT-1-2,Wound7,3838.0,2147,1.7457008
CTGCACTCCAGTACAG-1-2,Wound7,1351.0,925,1.5544041
CTGCCAAGGTTGGAAG-1-2,Wound7,515.0,397,2.1359224
CTGCCATGCATCACAT-1-2,Wound7,1098.0,774,2.9143898
CTGCCTTTCTAGTAAA-1,Wound7,21061.0,5452,4.2068276
CTGCTTGGCGATAGCT-1-2,Wound7,291.0,256,4.123711
CTGGAAATGGATGCTT-1-1,Wound7,744.0,503,2.9569893
CTGGAAGACACGGTGG-1-2,Wound7,49987.0,6263,2.8747475
CTGGATTTACACTTGA-1-2,Wound7,470.0,374,3.1914895
CTGGCGACATAAGTCC-1-2,Wound7,283.0,206,1.4134276
CTGGCGCACAGGTCTG-1-2,Wound7,17367.0,4371,1.1919156
CTGGCTGGTTGTCAGT-1-2,Wound7,251.0,220,1.9920319
CTGGGATAAATAATGG-1-2,Wound7,4610.0,2156,2.2342734
CTGGGCCTGCTATATC-1,Wound7,110.0,96,6.363636
CTGGGTAGGCAGTTAA-1-2,Wound7,3068.0,1667,2.4119947
CTGGTAACACATAGAA-1-2,Wound7,2035.0,1135,2.3587222
CTGGTAACGAGCTCTT-1-1,Wound7,1894.0,1139,3.1151001
CTGGTTTCGAGCAAGA-1-2,Wound7,2948.0,1341,3.018996
CTGTACTTCTTAGCAT-1-2,Wound7,1728.0,988,5.381944
CTGTCAAATGGCTCGG-1-2,Wound7,304.0,262,2.3026316
CTGTGCAGGGTAGGTC-1-2,Wound7,1297.0,830,2.8527372
CTGTGGTCGGGAGATA-1-1,Wound7,1541.0,999,2.4659312
CTGTTACCCAATCTAG-1-2,Wound7,1265.0,863,4.347826
CTTACACGGTATTCCA-1-1,Wound7,2098.0,1117,5.3384175
CTTAGCCTTCCACATG-1-2,Wound7,593.0,482,1.6863406
CTTAGTAGGCCTACAG-1,Wound7,923.0,577,3.0335863
CTTAGTGTAGTAGCAT-1,Wound7,460.0,378,2.826087
CTTCAACTCCACTTGG-1-1,Wound7,337.0,291,3.2640948
CTTCATTGTCAGTGGA-1-2,Wound7,1919.0,1124,3.4392912
CTTCGTAGATAGGTGA-1-1,Wound7,706.0,513,1.9830028
CTTCTATTAATGCTAG-1-2,Wound7,9509.0,2659,4.5115156
CTTGAGTTAGGGTAAT-1-1,Wound7,2013.0,1173,4.9180326
CTTGCAACCGCCTCCT-1,Wound7,11562.0,3120,3.9353054
CTTGCCCAGGCTCTAC-1-2,Wound7,272.0,233,2.9411764
CTTGTCAACATTCGAG-1-2,Wound7,416.0,352,2.6442308
CTTGTGCTCACCGATT-1-1,Wound7,318.0,264,3.7735848
CTTGTTGCTGAGTCAA-1-2,Wound7,9431.0,3595,2.4599724
CTTTAACTTTCAAAGG-1-2,Wound7,873.0,624,3.3218787
CTTTAATATTGGTCGA-1-2,Wound7,420.0,356,1.904762
CTTTACCGAATAGTAG-1-2,Wound7,2713.0,1437,1.8429782
CTTTAGGAACACTGTT-1-2,Wound7,1042.0,711,2.303263
CTTTAGTGCTATTATT-1-2,Wound7,12592.0,4093,6.448539
CTTTCTGTGCGGGCTT-1-2,Wound7,376.0,316,2.3936172
CTTTGCATCGCTCTTG-1-1,Wound7,23037.0,5831,2.4395537
CTTTGGCTTTAGTAAA-1-1,Wound7,3711.0,1785,3.9342496
GAAACAGATGACCACC-1-2,Wound7,1568.0,903,3.3163264
GAAACCGAATTACCTT-1-2,Wound7,6797.0,2110,5.7672505
GAAAGAACAGCGTTAT-1,Wound7,1049.0,651,3.43184
GAAAGCAGTGCACTTT-1-1,Wound7,378.0,284,3.968254
GAAATATGCTTGAATG-1,Wound7,15561.0,4434,6.70908
GAAATGGCGGTGTTAG-1-1,Wound7,514.0,399,3.5019453
GAAATTAGCACGGATA-1-1,Wound7,402.0,319,3.4825869
GAAATTGTCTCTATAA-1-2,Wound7,611.0,487,1.8003274
GAACAGATTACTAAAT-1-1,Wound7,521.0,395,1.7274473
GAACCCTCTGTGTTCT-1-1,Wound7,330.0,280,1.5151515
GAACCTTTAACGATCC-1-1,Wound7,227.0,193,7.488987
GAACGTCTCATGGTCG-1-2,Wound7,30974.0,6263,2.579583
GAAGCGTGAGGAATTT-1-2,Wound7,7612.0,2914,13.215976
GAAGTCAGTTGCACTA-1-2,Wound7,565.0,441,2.1238937
GAAGTCTCCCTAGCGA-1-1,Wound7,5630.0,2194,1.7584369
GAAGTTTCCACTCAAT-1-1,Wound7,9092.0,3344,7.699076
GAATAGCCCTGCGGTC-1,Wound7,22299.0,5501,5.013678
GAATCTGAACATTCTC-1-2,Wound7,15299.0,4455,9.922216
GAATGTGGTCCGGATT-1-2,Wound7,2120.0,1235,2.6415095
GAATGTTGGGTAATCT-1-2,Wound7,857.0,639,3.6172695
GAATTATAGTGAAAGG-1-2,Wound7,4430.0,2232,3.295711
GAATTCACCCGGGTGT-1-2,Wound7,493.0,392,3.245436
GACAACGACCATTGAA-1-2,Wound7,2718.0,1554,2.170714
GACACAAGGGAAGAAA-1-2,Wound7,28169.0,5755,6.226703
GACACTGAGTTCAGTG-1-2,Wound7,6268.0,2268,3.8449266
GACAGCCAGACCTGAC-1-2,Wound7,1224.0,787,2.6960785
GACATCGATTTATAAC-1-1,Wound7,3814.0,1969,6.7383327
GACCAGAGCCCTGTAG-1-1,Wound7,4390.0,2026,7.4715266
GACCGTGCTGACGGTG-1-2,Wound7,4225.0,1888,5.4437866
GACGACGATCCGCGTT-1-2,Wound7,643.0,506,1.866252
GACGCCGTAAAGGCTA-1-2,Wound7,278.0,235,5.755396
GACGCTTGCTTCTAAA-1-1,Wound7,1796.0,1075,2.33853
GACGGTCAATAGAAGC-1-1,Wound7,70628.0,8438,2.5060883
GACTCGCGGGAATGAC-1-1,Wound7,1791.0,1095,2.1217198
GACTGCAAATCGAGCT-1-1,Wound7,332.0,286,1.8072288
GACTGCACCAGCCCAG-1-2,Wound7,4146.0,2100,1.8089725
GAGACTGATGGGTAGA-1-1,Wound7,1372.0,934,1.6763849
GAGACTTCGCGACCGA-1-2,Wound7,490.0,401,2.0408163
GAGAGGGCGCGAGGTT-1-1,Wound7,2055.0,1203,3.163017
GAGAGGTGCATTCTGG-1,Wound7,214.0,162,2.3364487
GAGATCTGCTTGGCAT-1-1,Wound7,8329.0,3170,3.8419976
GAGATCTGTCACTCCG-1-2,Wound7,5039.0,2559,2.8974001
GAGATCTTCCATGACA-1-2,Wound7,5143.0,2404,1.9443905
GAGATGGGAGTCGACA-1-2,Wound7,304.0,262,0.98684204
GAGCACCTGTGTCCAG-1-1,Wound7,9434.0,3630,2.745389
GAGCCAGCTACCTGTG-1-2,Wound7,3292.0,1649,2.4301338
GAGCCGAGCGTTTATT-1,Wound7,774.0,482,6.8475456
GAGCGCGCACGAGTAG-1-2,Wound7,5421.0,2134,2.2136137
GAGCTAAGGGCATATC-1-2,Wound7,24340.0,5934,3.31553
GAGCTGTCGTCTCGGA-1,Wound7,14259.0,4529,3.730977
GAGGGCGCAGCTCTGC-1-2,Wound7,1177.0,819,2.1240442
GAGTATGCCCGCCTTG-1-1,Wound7,10658.0,2801,4.5411897
GAGTCCGCTTACCGGA-1-2,Wound7,512.0,411,3.7109375
GAGTGTCAACCAGAAA-1,Wound7,649.0,508,2.6194143
GAGTGTGCGGTACCCA-1-2,Wound7,1692.0,940,2.718676
GATAACTCGCACTGTG-1-2,Wound7,3431.0,1627,1.6904693
GATACGATGGGAGTCA-1-1,Wound7,6276.0,2180,6.341619
GATAGGTAACGTTGAC-1-2,Wound7,7066.0,2862,6.1137843
GATATGAGACACTAAC-1-2,Wound7,2708.0,1444,2.658789
GATATGCGGTAGCCAA-1-2,Wound7,570.0,430,4.736842
GATATTGAGATTGGCG-1,Wound7,2303.0,1221,2.7355623
GATATTTCCTACATGG-1-2,Wound7,151.0,137,3.311258
GATCATTCCAAACATT-1-2,Wound7,1048.0,754,1.7175572
GATCCCTTTATACTGC-1-2,Wound7,26815.0,4574,4.5944433
GATCCGGGAATTAACA-1-2,Wound7,18597.0,4534,5.2212725
GATCCTAAATCGGGAC-1-1,Wound7,1246.0,849,1.8459069
GATCGCGGGCTCTCCA-1-2,Wound7,4501.0,1839,7.5983114
GATCGGTGGCCATAAC-1-2,Wound7,12164.0,3766,3.9378495
GATCGTGACTGATATC-1-2,Wound7,18476.0,4398,4.6546874
GATCTTGGAGGGCATA-1-2,Wound7,1768.0,1121,1.6968327
GATCTTTGCAGGGTAT-1-1,Wound7,866.0,581,2.078522
GATGCGTCCTGCATTC-1-2,Wound7,746.0,569,2.4128687
GATGCTGTATTTCATC-1-2,Wound7,8537.0,3434,2.14361
GATGTTCAATCCACGA-1-1,Wound7,3059.0,1493,4.413207
GATTAACCGAAAGCCC-1,Wound7,6571.0,2890,2.5566885
GATTACTGAATTTGGG-1-1,Wound7,3029.0,1457,7.6262794
GATTCCCTTGTCGCAG-1-2,Wound7,3442.0,1916,3.8640325
GATTCGACGGTTCACG-1-2,Wound7,10660.0,3729,3.208255
GCAAACCCTACATTAT-1-2,Wound7,4688.0,1992,2.943686
GCAAACCTTGGCCATA-1-1,Wound7,825.0,624,3.757576
GCAAATATTACGCTTT-1-1,Wound7,7064.0,2713,4.5866365
GCAACCACGGCCGCGT-1,Wound7,9798.0,2584,5.0826697
GCAAGAATTCCTTGGC-1-1,Wound7,5753.0,2120,3.4416823
GCACACACTGGTAGCC-1,Wound7,20098.0,5059,3.0301523
GCAGATCCATAAGACT-1-2,Wound7,2481.0,1386,2.458686
GCAGATTAGGGATATC-1-2,Wound7,2405.0,1427,3.0769231
GCAGCACACAGCCCAG-1-1,Wound7,3411.0,1822,2.081501
GCAGGACTATAGAATA-1-1,Wound7,153.0,135,5.882353
GCAGGTAGAGTATGGT-1-1,Wound7,477.0,389,3.7735848
GCAGTGTGGCTATAGG-1,Wound7,934.0,663,3.2119915
GCATAGAGCACTCAGG-1-2,Wound7,1199.0,844,3.9199333
GCATGAGGGACGCGGC-1-2,Wound7,12591.0,4107,2.104678
GCATTGTAATTCATAT-1,Wound7,2793.0,1254,3.5445757
GCCAACCATTTCCGGA-1,Wound7,19588.0,5376,2.2462733
GCCAATAGGGCATCTC-1-1,Wound7,3805.0,2150,2.1813405
GCCACAATTTAAGGAC-1-1,Wound7,10950.0,3005,5.5799084
GCCACTCAGAGCGCGA-1-1,Wound7,31362.0,6481,2.7102864
GCCAGGAGTAACCGAT-1-2,Wound7,3141.0,1574,5.253104
GCCATATTGCACACAG-1-2,Wound7,529.0,415,3.9697542
GCCATCGAGCTGCGTG-1-2,Wound7,15666.0,4155,18.958254
GCCCGATCTGTGGTCG-1-2,Wound7,1692.0,1143,1.4184396
GCCCGCGCGTAAACGG-1-1,Wound7,4473.0,1872,5.0525374
GCCCGTAATACCTTCT-1-2,Wound7,18412.0,5421,3.4705627
GCCGAAATTCCTACGT-1-1,Wound7,8302.0,3110,3.6015418
GCCGATTGGCCAAGCT-1-2,Wound7,1471.0,954,3.0591433
GCCGCTTGTGAGAAAC-1-1,Wound7,11185.0,3793,3.6924453
GCCGGGTTAGGGTCGC-1-2,Wound7,890.0,626,2.8089888
GCCTATAGTGTCAGGG-1-2,Wound7,2220.0,1325,2.4324324
GCCTCTATACATAGCA-1-2,Wound7,270.0,233,2.2222223
GCGAAACTTAACTGGA-1-2,Wound7,1122.0,732,2.6737967
GCGAAGCCATACCCGT-1-2,Wound7,2391.0,1289,9.326641
GCGACGATAGTTGTAC-1-2,Wound7,489.0,384,1.8404908
GCGAGGCCCGAGCAGA-1-1,Wound7,7566.0,2231,5.590801
GCGAGTTCTGCAAAGA-1-2,Wound7,10230.0,3365,8.514174
GCGATTGTTAACGTTA-1-2,Wound7,23240.0,5586,4.4965577
GCGCATCCAGTCAGCA-1-1,Wound7,1134.0,746,2.6455026
GCGCCGTTCCACGATA-1-2,Wound7,1037.0,681,5.978785
GCGCGTCATTGGTACA-1-1,Wound7,1219.0,798,4.5939293
GCGCTAATTGAATAGA-1-2,Wound7,9617.0,3509,4.8247895
GCGCTATGCCGAGGCA-1-2,Wound7,1068.0,658,3.5580523
GCGCTGATCCAGACTC-1-2,Wound7,369.0,273,3.7940378
GCGCTGCTTTGCATTT-1-1,Wound7,1064.0,773,4.323308
GCGCTTAAATAATTGG-1-1,Wound7,2762.0,1668,1.9188993
GCGGACCGCGTTGTGG-1-2,Wound7,2434.0,1065,9.202958
GCGGAGAGGGAGAACG-1-2,Wound7,4555.0,2123,2.173436
GCGGCTCTGACGTACC-1-1,Wound7,2754.0,1495,2.6870008
GCGGTGAACTGCGCTC-1-1,Wound7,1683.0,1038,4.9910874
GCGGTTCCCTATCATG-1-2,Wound7,2790.0,1385,6.129032
GCGTAAATGGCCATAA-1,Wound7,2118.0,1129,2.2190745
GCGTCGCCAGGGTGAT-1-2,Wound7,340.0,292,2.9411764
GCGTCTCTGCATTGGG-1-1,Wound7,1241.0,836,1.8533441
GCGTGGTACTGGGTTA-1-1,Wound7,1849.0,1055,1.7306652
GCGTTCGGAGACCGGG-1-1,Wound7,1545.0,1095,2.3948221
GCTAACTGAAGTCTGA-1-1,Wound7,6003.0,2746,2.8319175
GCTAAGTAGTTTCTCT-1-2,Wound7,24521.0,5804,2.438726
GCTACGACTTATTGGG-1-2,Wound7,1955.0,1166,3.887468
GCTACTATAGTAGAGT-1-1,Wound7,13052.0,3345,1.4710389
GCTAGAGTAGAGATGT-1,Wound7,44449.0,7078,2.7919638
GCTAGCTTGAATAGCT-1-2,Wound7,891.0,540,11.223345
GCTAGGCACCACGGAG-1-2,Wound7,979.0,724,2.6557713
GCTAGTAGAGCTTGTA-1-2,Wound7,26044.0,5963,3.4864075
GCTATACGTCTCGGAC-1-2,Wound7,7430.0,2918,1.4939435
GCTATCATACTCATGG-1-2,Wound7,663.0,518,2.5641026
GCTCGGAATTTAAAGC-1-2,Wound7,352.0,297,1.9886364
GCTGAGGCGTGAGTAT-1-2,Wound7,5353.0,2443,4.4274235
GCTGCACGGTTTCTTA-1-2,Wound7,13692.0,4162,3.074788
GCTGCTAAGTAGTCGA-1-1,Wound7,268.0,227,2.6119404
GCTGCTACTGCGTAGC-1-2,Wound7,7828.0,3499,2.1589167
GCTGCTCTCCGGACAC-1-2,Wound7,1922.0,1185,4.21436
GCTGGCGGCGCATGCT-1-2,Wound7,597.0,484,1.8425461
GCTGTATTACTGGCCC-1,Wound7,10268.0,2570,3.954032
GCTGTTGCTACCGAAC-1-1,Wound7,1165.0,761,2.5751073
GCTTAATGTAACTAAC-1-2,Wound7,1298.0,816,1.8489984
GCTTATGAAGCAGGAA-1-2,Wound7,3244.0,1585,2.3736129
GCTTCCGTCCCTAGAC-1-2,Wound7,6423.0,2888,3.238362
GCTTGGATCGATTAGG-1-1,Wound7,56544.0,7524,3.0401103
GCTTTCAGAGGAGGTG-1-1,Wound7,3244.0,1479,1.726264
GGAAACCTTGTTGAAT-1,Wound7,1647.0,1032,3.642987
GGAAAGTGCCCATGCC-1-2,Wound7,5096.0,2239,7.849293
GGAACCGTGTAAATTG-1-2,Wound7,1938.0,1040,4.282766
GGAATGCGCTAGCGTG-1-2,Wound7,22744.0,5895,2.5852973
GGACCAACAGGATAAC-1-2,Wound7,860.0,647,2.3255813
GGACCTACGGTAACGT-1,Wound7,23194.0,5656,5.31603
GGAGACGACACCTTTG-1-2,Wound7,8334.0,3513,7.9673624
GGAGCACCAAGAACTA-1-2,Wound7,3328.0,1739,2.9747596
GGAGGGCTTGGTTGGC-1-2,Wound7,19950.0,5807,1.7694235
GGATCATCCCGTACGC-1-1,Wound7,377.0,295,4.509284
GGATCCGGAATATACT-1-2,Wound7,13189.0,4184,2.4490106
GGATGACGCGAGTTTA-1-1,Wound7,4249.0,1846,3.9068017
GGATGTCCTTACCGCA-1-2,Wound7,2510.0,1315,1.7928288
GGATTCCGCTATACCC-1-2,Wound7,179.0,158,3.3519554
GGATTGCTGTGACTCC-1,Wound7,430.0,365,4.1860466
GGATTTCACTTCTATA-1-2,Wound7,16012.0,4499,2.4044466
GGCAAATTACTTTACT-1-2,Wound7,449.0,375,1.55902
GGCAAGGCGAAATAGC-1-2,Wound7,939.0,661,2.4494143
GGCAATAGTCAATGAG-1-2,Wound7,35008.0,6118,5.570155
GGCACTCCACTGGGCA-1-1,Wound7,11949.0,3753,6.4022093
GGCATACAGGTAGCGG-1-1,Wound7,293.0,241,5.8020477
GGCATATCGGTTCTGC-1-2,Wound7,306.0,233,3.2679741
GGCGAAATCTAACTTG-1-2,Wound7,1636.0,952,2.6283617
GGCGCATGAATTGATG-1-2,Wound7,444.0,362,2.252252
GGCGCGGAGATCTTTC-1-1,Wound7,1906.0,1138,4.8793287
GGCGCGTTCGAGTTTA-1-2,Wound7,500.0,397,2.4
GGCGGAGTAATATTAG-1-1,Wound7,6496.0,2508,9.005542
GGCGGTAGGATCATTG-1-2,Wound7,37470.0,6311,4.021884
GGCGTAGGGAAAGCTG-1,Wound7,221.0,184,3.167421
GGCTAAAGGGCGGGTC-1-1,Wound7,266.0,211,3.7593982
GGCTATTAAGTTGTAT-1-1,Wound7,4174.0,2018,3.4978437
GGCTCGCGTTGAGGTA-1-1,Wound7,52715.0,7775,3.3026655
GGCTCTGCTCCAACGC-1-2,Wound7,4648.0,2294,4.6686745
GGCTGAAATAGCAAAG-1-2,Wound7,2042.0,1252,1.7629775
GGCTTTCAATAAGGGT-1-1,Wound7,172.0,127,2.906977
GGGAACGGGAGGTTAG-1-1,Wound7,1289.0,857,3.2583396
GGGAAGGGCTTTCTCA-1,Wound7,3389.0,2029,2.4491
GGGAATGAGCCCTCAC-1,Wound7,2846.0,1587,3.9002109
GGGACTGCATAGATAG-1-2,Wound7,7131.0,2598,13.756837
GGGAGAACTCACAGTA-1-2,Wound7,3825.0,1564,15.398693
GGGAGGATGCCCGAAA-1-2,Wound7,9676.0,2671,5.901199
GGGAGTTAATGAGGCG-1-2,Wound7,19624.0,5275,1.7631471
GGGATGGTCGTAACCG-1-1,Wound7,6878.0,2183,4.0418725
GGGATTTACCGCACCT-1-2,Wound7,1812.0,1027,1.4348786
GGGCAGAGCAATCGTT-1-1,Wound7,212.0,188,2.8301888
GGGCCCGTCTTAAACA-1-2,Wound7,511.0,420,2.1526418
GGGCCGGCCGAAGTAC-1-2,Wound7,30192.0,5661,1.5765766
GGGCGATATGTGTGAA-1-2,Wound7,823.0,573,4.1312275
GGGCGGCAAATGAATT-1-2,Wound7,6471.0,2019,6.7532063
GGGCGGGTTCCCTACG-1-1,Wound7,8090.0,2496,5.8220024
GGGCGTCACCACGTAA-1-2,Wound7,593.0,467,2.3608768
GGGCGTCCACTGGCTC-1-2,Wound7,237.0,189,5.907173
GGGCGTGGTTTCCCAG-1,Wound7,687.0,531,1.8922852
GGGCTCATCGAACCCA-1-2,Wound7,712.0,547,1.5449438
GGGCTGCCTAGGGCGA-1-2,Wound7,8420.0,3083,7.351544
GGGCTGGTTAGTCGCG-1-1,Wound7,858.0,582,5.011655
GGGTACTTCATGAACT-1-1,Wound7,2474.0,1381,3.23363
GGGTCACCGTGACGGT-1-2,Wound7,10353.0,3282,8.606201
GGGTCGTGGCAAGTGT-1,Wound7,15930.0,4924,1.9522913
GGGTGACACCTTAACT-1-2,Wound7,545.0,428,2.3853211
GGTACAAACATGCTAT-1-2,Wound7,514.0,404,3.8910503
GGTACCATTAAGACGG-1,Wound7,4187.0,1855,2.388345
GGTAGAAGACCGCCTG-1-2,Wound7,351.0,292,2.8490028
GGTAGACCGTTGGGCG-1-2,Wound7,339.0,281,2.0648968
GGTAGTGCTCGCACCA-1-2,Wound7,22213.0,5173,6.5142035
GGTATTGCCGAGTTTA-1-2,Wound7,4447.0,1937,9.084776
GGTCAGTGGGTCCCAC-1-2,Wound7,5609.0,2514,7.077911
GGTCGGATAAACGGCG-1-1,Wound7,1623.0,1037,2.526186
GGTCGGCCAGGAGCTT-1-2,Wound7,37368.0,6748,2.47538
GGTCTGAGAATCTGGA-1-2,Wound7,19315.0,5300,2.769868
GGTGATAAGGAGCAGT-1-2,Wound7,30081.0,6104,4.2751236
GGTGGACTGCTCTGGC-1-2,Wound7,956.0,699,2.6150627
GGTTAGCTATATGTCT-1-2,Wound7,3698.0,1659,2.5689564
GGTTTACAATCTCAAT-1-2,Wound7,3798.0,1992,1.5797788
GGTTTCAATCGGTCAG-1-2,Wound7,10233.0,3133,1.5928857
GTAAGTAACAGTCTGG-1-2,Wound7,499.0,372,1.6032064
GTAATAAAGGGCTCCC-1,Wound7,2119.0,1050,2.7371402
GTAATCTGATTCTTCG-1-2,Wound7,3513.0,1362,7.486479
GTACACTTACCTGAAG-1-2,Wound7,16899.0,4399,4.130422
GTACAGAGGCAAGGGT-1-2,Wound7,14983.0,4314,2.7230864
GTACGCTTCATTGCAC-1-2,Wound7,937.0,668,2.027748
GTACGTTTGCCCGTCA-1-2,Wound7,439.0,352,5.4669704
GTACTAAGATTTGGAG-1-1,Wound7,834.0,589,2.5179856
GTACTCCTGGGTATGC-1-1,Wound7,2769.0,1639,3.0697002
GTACTGGAGTTAGACC-1-2,Wound7,16591.0,4807,2.2903984
GTAGCCAAACATGGGA-1-2,Wound7,664.0,513,3.4638553
GTAGCGGCTATACACT-1-2,Wound7,55145.0,7830,5.046695
GTAGCTTCCTCTTGTT-1-2,Wound7,19680.0,5087,2.3932927
GTAGGTGATCCGTGTA-1-2,Wound7,265.0,211,3.018868
GTAGTCGCGGGAATCA-1-2,Wound7,1698.0,1031,2.237927
GTAGTCTACGATATTG-1-1,Wound7,145.0,132,4.827586
GTATCAAACGTTAGCT-1,Wound7,22012.0,5015,2.1079412
GTATCCTTTGGTAACC-1,Wound7,18230.0,4939,4.190894
GTATCTTTCATAACCA-1-2,Wound7,942.0,663,4.2462845
GTATGTGGGTCTAGTT-1-1,Wound7,2263.0,1215,2.430402
GTATTCTGAGAAACGA-1-1,Wound7,8571.0,2912,5.518609
GTCAAGCGGACTCGGG-1-2,Wound7,8572.0,3394,2.1931872
GTCATGCACCTCCGTT-1-2,Wound7,7872.0,2572,5.3734756
GTCATGGACATGACTA-1-2,Wound7,1640.0,954,3.6585364
GTCATTAGAGCGAACG-1-2,Wound7,19134.0,4701,3.9301767
GTCCCAACGTAAAGTA-1-2,Wound7,24749.0,5721,3.8708634
GTCCCGCGACGTTATG-1-1,Wound7,3497.0,1824,3.0025735
GTCCGGACCTGAAATT-1-2,Wound7,1946.0,1096,3.2374098
GTCCGGCTGAATTGCG-1-1,Wound7,278.0,235,2.877698
GTCCTACGAATAGTCT-1-2,Wound7,6936.0,2884,2.3788927
GTCGCGTAACCCGTTG-1-2,Wound7,12052.0,3844,1.8835047
GTCGGATATCTCAGAC-1-1,Wound7,2111.0,1228,5.637139
GTCGGATGTAGCGCGC-1-2,Wound7,235.0,176,2.9787235
GTCGGGAAGCAGAAAC-1-1,Wound7,346.0,293,3.1791906
GTCGTACCATCTCGGG-1-2,Wound7,5545.0,2389,6.7448153
GTCGTATTGGCGTACA-1-1,Wound7,398.0,319,5.0251255
GTCGTTATTCGCTTAT-1-2,Wound7,4344.0,2185,2.0027626
GTCTAGTGAGCCGCTT-1,Wound7,3436.0,1309,4.7147846
GTCTATCTGAGTTTCT-1-1,Wound7,2951.0,1649,4.303626
GTCTATTGGTTCCGGT-1-2,Wound7,22433.0,4367,1.4175545
GTCTCAAGGCCCGGCT-1-1,Wound7,185.0,162,0.5405406
GTCTCGATCTGCTTTC-1-2,Wound7,304.0,262,1.9736841
GTCTGGGCGGTCGAGA-1-1,Wound7,15123.0,3727,8.404417
GTGAAACGGCGCCACC-1-2,Wound7,702.0,531,1.9943019
GTGAACTCCCATTCGA-1,Wound7,2885.0,1388,2.6689775
GTGAAGATTTCAAGTG-1-1,Wound7,1161.0,859,1.3781223
GTGAAGCCGTATAGTC-1,Wound7,2464.0,1355,3.7743504
GTGACCGCACACTACG-1-2,Wound7,1986.0,1116,1.9637462
GTGACTTCAGTAGTGC-1-2,Wound7,4596.0,1879,7.049608
GTGAGGACACTTAAGG-1-2,Wound7,2804.0,1565,2.0684736
GTGAGTGGTACAACGC-1-2,Wound7,473.0,380,2.9598308
GTGATCATAGATCTGC-1-2,Wound7,501.0,417,1.9960079
GTGATCCTTGTCATGA-1,Wound7,760.0,579,2.2368422
GTGATTCGCCGCTCAA-1-1,Wound7,4236.0,1657,5.642115
GTGCCATCACACGGTG-1,Wound7,12099.0,3152,5.264898
GTGCCCGTTCGGATTC-1-2,Wound7,2574.0,1449,1.8259518
GTGCCGCTTCAAAGGT-1-1,Wound7,6015.0,2303,2.9426434
GTGCGAAATCGAACAC-1-1,Wound7,10630.0,2927,7.074318
GTGCGACAGGGAGTGT-1,Wound7,1465.0,860,2.8668942
GTGCGTGTATATGAGC-1-2,Wound7,901.0,615,3.218646
GTGCTCAAGTACTGTC-1-2,Wound7,4487.0,1667,10.920437
GTGGACGCATTTGTCC-1-2,Wound7,261.0,231,1.9157088
GTGGGCTTAGACACAC-1-1,Wound7,243.0,204,6.1728396
GTGGTGGCCAAGTGAA-1-2,Wound7,3488.0,1780,2.7809632
GTGGTTTCCGCCTTTC-1,Wound7,8781.0,2465,4.0769844
GTGTACCTTGGCTACG-1-2,Wound7,9159.0,3536,5.044219
GTGTATATCAGCGGGC-1-1,Wound7,266.0,234,0.7518797
GTGTCGTATAGCGTTC-1-2,Wound7,222.0,195,2.252252
GTGTGAATAACTTAGG-1-2,Wound7,9947.0,3537,2.9858248
GTGTTACTATGCGTCC-1-2,Wound7,12381.0,4113,1.8334545
GTTAAAGTAGGACTGG-1-2,Wound7,4501.0,1988,2.7105088
GTTAACATCACTTAAA-1-2,Wound7,1180.0,838,1.5254238
GTTAAGGGTGCGATGT-1-1,Wound7,225.0,203,2.2222223
GTTACAATTGGTGACG-1-1,Wound7,2216.0,1229,5.5505414
GTTACCTACAACTTGC-1-2,Wound7,575.0,445,4.173913
GTTACTTTGGGCCTAG-1-2,Wound7,225.0,199,2.6666667
GTTATATTATCTCCCT-1-2,Wound7,586.0,490,2.21843
GTTCACAGGAGTCTAG-1-1,Wound7,802.0,556,4.3640895
GTTCGCCATAAGTGCC-1-2,Wound7,1013.0,598,4.9358344
GTTCGTCTAAAGAACT-1-2,Wound7,57180.0,7007,1.3588667
GTTGAACCGGTTCCAT-1-1,Wound7,2866.0,1480,2.6517797
GTTGAGTCCCGCCGGT-1-2,Wound7,512.0,422,3.515625
GTTGGATTGAGAACAC-1-2,Wound7,26937.0,5501,2.1902957
GTTGGATTTGCGTTGG-1-2,Wound7,7878.0,2362,8.555471
GTTGGTCATGCTATCC-1-2,Wound7,402.0,340,2.238806
GTTTACGTTCCATCTG-1-2,Wound7,642.0,510,3.4267914
GTTTCATATCGTCGCT-1,Wound7,3052.0,1543,3.3093054
GTTTCTGCAGTCTCCC-1-2,Wound7,9559.0,3372,3.724239
GTTTGACCAAATCCTA-1-2,Wound7,859.0,635,3.259604
GTTTGGCCCAAGTTAT-1-2,Wound7,1381.0,866,2.9688632
GTTTGGGCTTGTGAGC-1-2,Wound7,627.0,496,1.4354067
GTTTGGGTTTCGCCCG-1,Wound7,14285.0,4118,4.6062303
GTTTGGTAGGGTCAAC-1-2,Wound7,571.0,467,1.7513136
TAAAGCGTTAGGAGAA-1-2,Wound7,2553.0,1542,1.9193106
TAAAGCTGCAATAGGG-1-1,Wound7,300.0,245,4.0
TAACATACAATGTGGG-1-2,Wound7,26762.0,5400,4.233615
TAACCTACCGTCCGAG-1,Wound7,2448.0,1224,2.5326798
TAACTCATCCGCGCGG-1-2,Wound7,540.0,412,4.8148146
TAAGGCAACATAAGAT-1-2,Wound7,2526.0,1505,3.8796518
TAAGGCCCGTCACCCT-1-1,Wound7,106.0,89,4.7169814
TAAGGCTGAATCCCTC-1,Wound7,459.0,308,2.832244
TAAGGGCCTGTCCGAT-1,Wound7,35593.0,6609,3.0174472
TAAGTAACATCTTGAC-1-1,Wound7,12786.0,3033,6.632254
TAAGTTGCGACGTAGG-1,Wound7,50793.0,6936,1.6714901
TAATAAACAAGGAGAT-1-2,Wound7,759.0,531,6.719368
TAATACACAGTAGTAT-1-1,Wound7,165.0,145,2.4242423
TAATAGAACAGAGTTA-1,Wound7,2644.0,1280,4.2738276
TAATAGTGACGACCAG-1-2,Wound7,11941.0,3774,3.5591657
TAATCGATCCGTACGT-1-1,Wound7,3508.0,1786,3.59179
TAATTGGAATCGGGAA-1-1,Wound7,765.0,573,5.098039
TACAGAAACGGTGGGC-1,Wound7,831.0,612,3.6101084
TACATAGGCATACACC-1-2,Wound7,1424.0,958,3.2303371
TACATTTCTAACGTGC-1-2,Wound7,566.0,455,3.5335689
TACCAAATAGCCCAGA-1-1,Wound7,208.0,186,2.4038463
TACCAATAAAGTACCA-1-2,Wound7,2323.0,1453,2.2384846
TACCAGAAGTAGGTTC-1-2,Wound7,1191.0,871,1.8471873
TACCGCGGACTTGCAG-1-1,Wound7,3099.0,1429,2.9686997
TACCGGCTCACTGCCC-1-2,Wound7,1062.0,765,2.636535
TACCGGTCGTTTCCAT-1,Wound7,5310.0,1285,2.9190207
TACCGTGCCTCGGACC-1-2,Wound7,546.0,439,2.3809524
TACCTACTCCCAGTAT-1-1,Wound7,362.0,300,2.762431
TACGACGCTTGCTGCG-1-2,Wound7,328.0,274,1.5243902
TACGACTGCCTCTTAG-1-2,Wound7,6758.0,2986,5.578573
TACGAGAACTTCACGT-1-1,Wound7,4698.0,2323,2.1924224
TACGATGTTGATCATC-1-1,Wound7,2957.0,1670,3.31417
TACGCAGTTCTTTCCT-1-2,Wound7,3633.0,1697,6.0831265
TACGCCATATTCTAAT-1-2,Wound7,1197.0,825,2.67335
TACGCCTCCATTCCGA-1-1,Wound7,500.0,394,1.2
TACGCTATAGAAACCT-1,Wound7,1217.0,738,2.465078
TACGGGATGCTAGCAG-1-2,Wound7,483.0,371,1.6563147
TACGTTTACCGGCAAT-1,Wound7,6772.0,2234,3.3372712
TACTCTCCGAACAAAT-1-2,Wound7,529.0,430,3.2136104
TACTGCAATCAATTAC-1-1,Wound7,4027.0,2087,2.483238
TACTTGTTAGTAGTCC-1-2,Wound7,14848.0,4147,0.80818963
TACTTTACTGAGCCGG-1-1,Wound7,14907.0,4274,3.0992153
TAGAAAGGTGGCGCTA-1-2,Wound7,33654.0,7039,2.2939324
TAGACGCCCGTACCGG-1-2,Wound7,34561.0,6258,2.0745928
TAGAGATCATGCAACT-1,Wound7,6728.0,1977,3.8347206
TAGAGGTTCTACTTGT-1,Wound7,31735.0,5919,1.7047424
TAGAGTCTAAGCGAAC-1-1,Wound7,477.0,396,2.096436
TAGATATGGACTGGAA-1-2,Wound7,617.0,503,2.1069694
TAGCCATTTCAAAGTC-1-2,Wound7,1769.0,990,2.035048
TAGCCGGCGGTCAGCG-1-2,Wound7,5766.0,2356,3.1390913
TAGCGTCCGGTGTGGT-1-2,Wound7,304.0,275,1.6447369
TAGCGTTGGGTCTTAC-1-2,Wound7,31207.0,6051,3.6434133
TAGCTAAGTCCGGGAG-1-2,Wound7,838.0,610,2.3866348
TAGCTAGAAGGCATGA-1-2,Wound7,1551.0,1041,2.9013538
TAGCTCGCCTGATAAC-1-2,Wound7,2107.0,1029,10.963455
TAGGCATGTTACGCCA-1-2,Wound7,487.0,392,1.6427106
TAGGGAGCTTGGGATG-1-1,Wound7,1573.0,920,3.051494
TAGGTCGCCGGAACTG-1-1,Wound7,3500.0,1561,2.0285714
TAGGTGACGATAACCT-1-1,Wound7,441.0,370,2.0408163
TAGGTGCTCGCCTAGC-1-2,Wound7,1765.0,1045,1.5864022
TAGGTTCGAGTTCGTC-1-2,Wound7,2171.0,1338,3.6388762
TAGTCCGCAGAGAATG-1-2,Wound7,1185.0,719,9.535865
TAGTCGATCACGGGTT-1-1,Wound7,435.0,330,2.7586207
TAGTCTAACAACGAGA-1,Wound7,3712.0,1783,3.5829742
TAGTCTGTGACGTTGC-1-1,Wound7,1119.0,790,3.4852545
TAGTGCCCTCCAGAGT-1-1,Wound7,4625.0,1995,8.929729
TATACACAGACGCCTT-1-2,Wound7,1388.0,957,3.6743515
TATACGCGTCATCACT-1-1,Wound7,182.0,158,2.1978023
TATATCCCTGGGAGGA-1-1,Wound7,1884.0,1043,2.8662422
TATATTACAAATGTCG-1-1,Wound7,2734.0,1472,5.3035846
TATCACCCAACCGACC-1-1,Wound7,842.0,638,2.137767
TATCACTTCGAGTAAC-1-1,Wound7,310.0,233,4.1935487
TATCCAATTGGTTATC-1-2,Wound7,609.0,484,1.9704434
TATCGATCTATGCATA-1-2,Wound7,307.0,257,4.2345276
TATCTACCACAGCGGG-1-2,Wound7,1768.0,1091,2.9411764
TATGATCTTCTCTTTA-1-1,Wound7,6662.0,3105,2.2966075
TATGGATGTGCTACGC-1-1,Wound7,300.0,240,3.3333335
TATGGGACCGAGCAGG-1-2,Wound7,1120.0,718,3.3928573
TATGGTCTGAGTAACA-1-2,Wound7,613.0,462,4.5677
TATGTCAAGACCGACT-1-2,Wound7,1040.0,700,8.653847
TATGTCTCATTGTGCC-1-2,Wound7,21847.0,5388,3.1995242
TATTACCATCCTGCTT-1-1,Wound7,1275.0,791,3.1372552
TATTCAATTCTAATCC-1-2,Wound7,13605.0,4460,2.9547958
TATTCCACTCAGCTCG-1-2,Wound7,7156.0,2666,10.816099
TATTCCGAGCTGTTAT-1-2,Wound7,505.0,381,3.3663366
TATTCGTGCCAGAATA-1-2,Wound7,16034.0,4529,8.849944
TATTTATACCGAGTAG-1-1,Wound7,280.0,227,3.2142859
TCAAACTTAGATTGTT-1-2,Wound7,2917.0,1619,3.016798
TCAAATTTGAGACTCA-1-1,Wound7,272.0,240,2.2058823
TCAACCATGTTCGGGC-1-1,Wound7,157.0,136,5.7324843
TCAACGAGGAGACAAA-1-2,Wound7,1427.0,968,2.1723895
TCAACGCGACCGGCAG-1,Wound7,1533.0,855,3.9138942
TCACAAACCGAGGTAC-1,Wound7,22692.0,5498,3.922087
TCACAGCAAACTCGAA-1-2,Wound7,1513.0,883,5.6179776
TCACAGGGAATCGCAA-1-2,Wound7,4730.0,2222,1.9661734
TCACAGGTTATTGGGC-1-1,Wound7,7094.0,2509,9.007612
TCACCCTCTTAAGATT-1-2,Wound7,479.0,379,3.131524
TCACCGCTCGGCACTC-1-1,Wound7,13482.0,4246,2.2177718
TCACGCATTGTAGATC-1-1,Wound7,2183.0,1159,8.841044
TCACGTGCCCGATTCA-1-2,Wound7,1384.0,911,2.4566474
TCAGACGCTATAGAAG-1-2,Wound7,690.0,516,2.173913
TCAGCAAATGCATCTC-1-2,Wound7,8204.0,3206,3.937104
TCAGGGTGTAACGTAA-1-2,Wound7,5674.0,2586,4.265069
TCAGGTTCTTTGAGAA-1-1,Wound7,1207.0,831,5.5509524
TCAGTAGGGACTATAA-1-2,Wound7,2933.0,1348,5.284692
TCATGCAGGTTCTCAT-1-2,Wound7,289.0,231,2.4221454
TCATTTAAGTCTCCGA-1-1,Wound7,1846.0,1029,2.8710728
TCCAACTTTAAATTCT-1-1,Wound7,3498.0,1714,2.773013
TCCACAATGGTTTACG-1-1,Wound7,946.0,651,5.7082453
TCCACTTTATCTAGGT-1-2,Wound7,26276.0,6246,2.0170498
TCCAGAGCACCGGTTC-1-2,Wound7,24647.0,5536,5.3312774
TCCAGGCGAGTACGGT-1-2,Wound7,880.0,616,3.181818
TCCAGGGTATATACGA-1-1,Wound7,126.0,114,5.555556
TCCCAAACAGACAACG-1,Wound7,16994.0,4811,2.971637
TCCCAGCTTTAGTCTG-1-2,Wound7,930.0,609,6.3440857
TCCCGCGTACTCCTGG-1-2,Wound7,3973.0,1965,5.663227
TCCCGGGTGTGCTGCT-1-1,Wound7,4187.0,2094,4.8961067
TCCCGTCAGTCCCGCA-1-2,Wound7,561.0,441,3.3868093
TCCCGTGTGCAATTTG-1-2,Wound7,2548.0,1385,3.2574568
TCCCTTAGATTACTCG-1-2,Wound7,402.0,326,3.7313433
TCCGAAGTAGTCACCA-1,Wound7,8707.0,2988,6.0526013
TCCGATGACTGAGCTC-1-2,Wound7,506.0,405,1.5810277
TCCGATGGTGCGACAT-1-1,Wound7,190.0,152,2.631579
TCCGCCTGTCTACAAG-1-2,Wound7,407.0,334,2.948403
TCCGCGGCAGCATCTG-1-2,Wound7,6350.0,2544,2.1889763
TCCGCTGTCATCCCGG-1-2,Wound7,3856.0,1831,2.1265562
TCCGCTTATCCCATTA-1-2,Wound7,1645.0,1125,1.9452887
TCCGGAGGAAGGGCTG-1-1,Wound7,2858.0,1165,9.272219
TCCGGCCTAGCGTACA-1-1,Wound7,1895.0,1162,2.6385224
TCCGGTTCGTCCGGTC-1-2,Wound7,314.0,273,1.2738854
TCCGTTTAGCCTTGAA-1-2,Wound7,5515.0,2557,3.4270172
TCCTAAATTGGGAAGC-1-2,Wound7,345.0,284,1.4492754
TCCTACATCCACGGCC-1-2,Wound7,2482.0,1262,2.7800162
TCCTAGCAAAGAAGCT-1-1,Wound7,2790.0,1458,2.4731183
TCCTCGGGCTGGGCTT-1-2,Wound7,8706.0,3340,1.8492993
TCCTTACGACGGTCCG-1-1,Wound7,1846.0,978,2.2751896
TCCTTTAAATCCGCTT-1-1,Wound7,5256.0,2664,2.4733639
TCCTTTCTTACGCTTA-1-2,Wound7,2825.0,1562,3.7522123
TCGAAATTTAGGACCA-1-1,Wound7,480.0,377,3.9583333
TCGAGACCAACACCGT-1-2,Wound7,1351.0,825,3.7749815
TCGCAAAGATGCATTT-1-2,Wound7,760.0,554,2.5
TCGCACCAGGAGGCAG-1-2,Wound7,637.0,472,1.7268445
TCGCCGAAGTTGCGTC-1,Wound7,4881.0,1621,4.896538
TCGCTAAACCGCTATC-1-2,Wound7,1293.0,870,5.0270686
TCGCTCGATATATTCC-1-2,Wound7,14491.0,3020,4.9202952
TCGCTCGGCACCAGCG-1,Wound7,16475.0,5023,2.342944
TCGCTGGGCGGATTGT-1-2,Wound7,5684.0,2702,4.679803
TCGCTTTAAACGTTTG-1-2,Wound7,483.0,388,1.6563147
TCGGACGCCCAGCCCA-1-2,Wound7,22580.0,5745,2.5996459
TCGGAGAGTATCGGGA-1,Wound7,10121.0,2819,4.357277
TCGGAGTACATGAGTA-1-2,Wound7,42739.0,7028,3.0861742
TCGGCTTGTATCGACG-1,Wound7,16872.0,4644,2.9753437
TCGGGAGACAGCGTAC-1-1,Wound7,324.0,283,1.8518518
TCGGGCCGTCGTGGTA-1-2,Wound7,1090.0,678,3.8532112
TCGGTGACCGCTCCGG-1,Wound7,11840.0,3592,7.14527
TCGTAAGACGACATTG-1-2,Wound7,17227.0,4429,5.6539154
TCGTAAGCTCCGAGGA-1-1,Wound7,956.0,605,5.857741
TCGTCTTAGGCGTTAA-1-2,Wound7,1077.0,789,2.5069637
TCGTGTACTATGGATG-1-2,Wound7,48.0,43,0.0
TCGTGTCACGCTGACA-1,Wound7,1512.0,641,5.489418
TCGTTAGGAGTCCCTA-1-2,Wound7,291.0,249,2.749141
TCGTTGCTATCCGGTC-1-1,Wound7,1542.0,939,6.679637
TCTACCGTCCACAAGC-1-2,Wound7,4635.0,2263,3.3009708
TCTAGCATGCCCAGAA-1-2,Wound7,712.0,548,1.8258426
TCTAGGTGGCGACGCT-1-1,Wound7,7894.0,3154,2.609577
TCTAGTTATCAGAAGA-1-2,Wound7,2555.0,1301,9.158513
TCTATCGGTCGCAACA-1-1,Wound7,243.0,192,2.8806584
TCTATGCTATAACGAC-1,Wound7,5547.0,2271,4.128358
TCTCATGAGATAGGGT-1-2,Wound7,6838.0,2587,3.0710735
TCTCCAACGTAGGTTA-1-2,Wound7,369.0,291,4.3360434
TCTCCACAAGTTGAAT-1,Wound7,12406.0,4175,3.3693373
TCTCCCTGGGCAGCGT-1-2,Wound7,1719.0,1133,2.5014544
TCTGAACTCGTACCCG-1,Wound7,648.0,458,2.777778
TCTGAAGCACGTGGTC-1-1,Wound7,2283.0,1294,3.942181
TCTGAATTCCGTACAA-1-1,Wound7,2622.0,1377,2.631579
TCTGATGTATTCTGTC-1-2,Wound7,1813.0,1135,1.8201874
TCTGCCAGAAACTGCA-1-2,Wound7,631.0,468,2.3771791
TCTGGGTAGCGCTCAT-1-1,Wound7,4088.0,1935,4.5499024
TCTGTGCCATCATAGT-1-2,Wound7,23095.0,5989,2.4464169
TCTTACCGGAACTCGT-1-2,Wound7,23220.0,5439,9.082687
TCTTCCCATGGGCACA-1-1,Wound7,12346.0,3578,1.5146607
TCTTCGAATAGACGTT-1-2,Wound7,23211.0,5290,4.282452
TCTTCGATACCAATAA-1-2,Wound7,4476.0,2103,5.227882
TCTTGATGCGTAGCGA-1-2,Wound7,4679.0,2195,6.390254
TCTTGGTAACACCAAA-1-1,Wound7,248.0,204,2.4193547
TCTTTAAGACTATGAA-1-1,Wound7,2133.0,1169,2.3909986
TGAAAGGACCTGACTC-1-2,Wound7,23517.0,4964,1.2629162
TGACATCGAGCGGACC-1,Wound7,1667.0,960,2.3395321
TGACCCACGTTAGACA-1-1,Wound7,7768.0,2739,8.638002
TGACGAATATTTCCCT-1,Wound7,3343.0,1361,5.384385
TGACGATGCACTAGAA-1-1,Wound7,1379.0,854,1.9579405
TGACTATAATCCTTTC-1-2,Wound7,497.0,399,2.414487
TGAGCCATACAGTCTC-1-1,Wound7,5776.0,2237,2.9085872
TGAGCGGAAAGTGTTC-1-2,Wound7,413.0,340,2.1791768
TGAGCTTTAATGACGC-1-2,Wound7,352.0,295,2.5568182
TGAGGAGTGCCAGCTT-1-1,Wound7,178.0,155,2.247191
TGAGTAAATTAGCGTA-1-2,Wound7,519.0,408,1.9267824
TGAGTGCCTCTTAAAT-1-1,Wound7,14802.0,3468,7.303067
TGAGTGGTCCGTGACG-1-2,Wound7,57043.0,7541,4.500114
TGATCAGGGAACTGCT-1,Wound7,9566.0,2969,4.2441983
TGATCCCAGCATTAGT-1,Wound7,1740.0,981,3.965517
TGATCGGTTTGACCCT-1-1,Wound7,733.0,568,2.0463846
TGATTCGTCTATCACT-1-1,Wound7,3997.0,1865,6.179635
TGATTCTGTCGCCGGT-1-2,Wound7,11527.0,3074,4.9709377
TGATTTATTAGCTGTG-1-1,Wound7,3891.0,2018,4.2662554
TGCAACCCATCTGCGG-1-1,Wound7,11326.0,4006,2.878333
TGCAAGAATGACGTAA-1-2,Wound7,887.0,606,3.382187
TGCAATCTAACACGGT-1,Wound7,5953.0,2827,3.4100454
TGCAGAACTATATCGT-1,Wound7,4542.0,1559,3.874945
TGCAGAGTACCGAGCA-1-1,Wound7,3082.0,1512,3.5691109
TGCAGATCGTCCTAGG-1,Wound7,859.0,546,3.9580908
TGCAGGATCGGCAAAG-1-2,Wound7,1767.0,1144,1.4714205
TGCAGTTTCCTCCCAT-1-2,Wound7,1675.0,999,2.6268656
TGCATATGTCTGTCAC-1-2,Wound7,16357.0,4256,0.86201626
TGCATGGATCGGATCT-1-2,Wound7,110.0,105,1.8181818
TGCATGTGGTAATCTA-1-2,Wound7,23475.0,6092,2.662407
TGCCACCTGGCGAAAC-1-2,Wound7,548.0,368,1.459854
TGCCAGTACGTGGAGA-1-2,Wound7,409.0,323,2.200489
TGCCATTACTAAAGAA-1-2,Wound7,729.0,559,2.4691358
TGCCCGTACCGTTAAA-1-2,Wound7,2645.0,1543,2.1928167
TGCCGTGGATCGTCCT-1-1,Wound7,1315.0,868,2.281369
TGCCTGATCAAACGAT-1-2,Wound7,621.0,456,1.4492754
TGCCTTGGCCAGGCAA-1-2,Wound7,1966.0,1250,2.3397763
TGCGACACCCTAGTGC-1-2,Wound7,8666.0,2731,5.273483
TGCGAGAATATTACCC-1-1,Wound7,4161.0,1753,5.046864
TGCGCAAAGCATTTGG-1-2,Wound7,20335.0,4238,5.055323
TGCGGAGTAAAGGTGC-1-1,Wound7,682.0,523,3.0791788
TGCGTAAGAACCTGAT-1-1,Wound7,2385.0,1273,3.312369
TGCGTTTGTTGACACT-1-2,Wound7,6179.0,2815,2.2819226
TGCTAAGTGTCTATTT-1-2,Wound7,20189.0,5081,1.0897022
TGCTCCACAGTTCTTA-1-1,Wound7,553.0,412,2.8933094
TGCTCGGCGAAACCCA-1-1,Wound7,405.0,337,1.9753088
TGCTGTTGAAGAACTC-1-2,Wound7,31196.0,6643,2.2086165
TGCTTCCCAAGCAGTA-1-1,Wound7,124.0,106,1.6129031
TGGAACCACTGACACA-1-1,Wound7,2990.0,1831,1.9397993
TGGAAGAAGGGAACGT-1-1,Wound7,3791.0,1869,6.3571615
TGGAAGGATAAAGATG-1-2,Wound7,218.0,185,1.3761468
TGGAATATCCTTGACC-1,Wound7,15031.0,4727,3.3065
TGGACCAATCTAAGAT-1,Wound7,481.0,393,2.079002
TGGACTGTTCGCTCAA-1-2,Wound7,14565.0,4345,3.9409544
TGGAGTGATGCGATGA-1-1,Wound7,305.0,250,5.2459016
TGGCAAACTAAATTAC-1-2,Wound7,846.0,621,2.0094562
TGGCAACTCGCGCGCC-1-2,Wound7,443.0,377,1.5801356
TGGCAGATTACGATCA-1-2,Wound7,1826.0,1119,4.4906898
TGGCAGCAGTAATAGT-1-2,Wound7,1070.0,735,2.803738
TGGCCAAACTGAAGTA-1-2,Wound7,18329.0,5023,5.88139
TGGCGACTGCTCCAAA-1-1,Wound7,1156.0,756,7.0069203
TGGCGATCAAGTTATG-1-2,Wound7,366.0,305,2.1857922
TGGCTATGTGACATAC-1,Wound7,364.0,306,2.4725275
TGGGCCCATACTAATT-1-2,Wound7,3611.0,1587,2.7416227
TGGTCCCACGCTACGG-1-2,Wound7,3980.0,2063,1.6080402
TGGTTCAACGGGTAAT-1-2,Wound7,1005.0,755,1.3930348
TGTACCTACACGAGGG-1-1,Wound7,9581.0,3503,3.308632
TGTACGAACAAATCCG-1-2,Wound7,1101.0,792,2.5431426
TGTAGGAGAAATTTCC-1-2,Wound7,2797.0,1438,3.0032177
TGTAGTGATCTATAAT-1-1,Wound7,3021.0,1614,5.0976496
TGTATAACAGATCCTG-1-2,Wound7,7802.0,3314,2.5890799
TGTCATTTGTTGGGAA-1,Wound7,18346.0,5096,4.229805
TGTGACTACGCCAGTC-1-2,Wound7,253.0,204,2.3715415
TGTGAGACTAGCCCAA-1-1,Wound7,203.0,176,0.9852217
TGTGCCGGTGCCGGAA-1,Wound7,13872.0,3601,2.3356402
TGTGGCAAAGCGTATG-1-2,Wound7,11288.0,3679,2.7817152
TGTTATTGTATGTGGC-1-2,Wound7,1248.0,780,1.6826924
TGTTCCGCTTCCATGA-1-1,Wound7,11546.0,3820,5.109995
TGTTCGTATTGCGGTG-1-2,Wound7,3232.0,1375,14.727722
TGTTCTTCCATTGACT-1-1,Wound7,2605.0,1392,2.8790786
TGTTGTCAAGAAGTCT-1-2,Wound7,475.0,381,1.6842104
TTAAACTCGAATTCAT-1-1,Wound7,79714.0,8628,2.4500086
TTAACTTCAGGTAGGA-1,Wound7,9006.0,2472,3.6309128
TTAAGCGCCTGACCCA-1-1,Wound7,1982.0,1211,2.8758829
TTAAGTATTGTTATCC-1,Wound7,15073.0,4129,6.740529
TTAATGTAGACCAGGT-1-2,Wound7,33850.0,5425,4.39291
TTAATTGCTTTGGGTG-1-1,Wound7,199.0,176,1.5075377
TTACAGACCTAAATGA-1-1,Wound7,1213.0,820,1.8961253
TTACCCATTGCCGGGT-1-2,Wound7,281.0,224,4.2704625
TTACGGATGGTTCGAG-1-1,Wound7,7368.0,2621,1.6965256
TTACTAAAGGACTTTA-1-2,Wound7,1351.0,927,2.5906737
TTACTCCGGCCGGGAA-1-2,Wound7,46109.0,7856,2.0668416
TTACTCTGGTACGTAC-1,Wound7,561.0,339,4.456328
TTACTGGGATATTTCA-1-2,Wound7,298.0,264,2.6845639
TTAGAAGAACATGACT-1-2,Wound7,985.0,725,1.2182741
TTAGACGAGTCACCTC-1-2,Wound7,2150.0,1247,2.604651
TTAGAGTTTAGAAGGA-1-2,Wound7,2455.0,1258,2.9735234
TTAGCTAATACGATCT-1-1,Wound7,709.0,544,2.5387871
TTAGCTGATTTGCCGT-1-1,Wound7,787.0,541,2.4142313
TTAGTAAACCTGCTCT-1,Wound7,27506.0,6152,4.104559
TTAGTTATTCGTGGCA-1-2,Wound7,1350.0,782,2.8148148
TTATAGGTAATTGTCT-1-1,Wound7,443.0,372,1.8058691
TTATATACGCTGTCAC-1-2,Wound7,17612.0,4761,4.054054
TTATATTTGGCAATCC-1-2,Wound7,1717.0,1048,3.3779848
TTATCCGGGATCTATA-1-2,Wound7,7192.0,2776,1.9048944
TTATGAATGAAAGGGA-1-2,Wound7,5498.0,2491,3.0920334
TTATGATCTTAACGAA-1-2,Wound7,3333.0,1727,2.0102012
TTATTAGAGCGTGTTC-1-2,Wound7,823.0,602,2.3086271
TTCAAAGTCTCTAGCC-1-2,Wound7,30724.0,6461,2.8381722
TTCAATACTCTGAATC-1-2,Wound7,13693.0,3833,1.2780253
TTCACGAAAGGATCAC-1-2,Wound7,2052.0,1112,5.3118906
TTCACTCGAGCACCTA-1-2,Wound7,553.0,451,1.4466547
TTCAGCCCTGGTCCAC-1-2,Wound7,3422.0,1551,2.6592636
TTCAGCTGGCGTGCCC-1,Wound7,42293.0,7051,2.1351051
TTCATGGCGCAACAGG-1-2,Wound7,718.0,406,3.064067
TTCCAATCAGAGCTAG-1-1,Wound7,682.0,528,3.665689
TTCCAATCTGGCTATC-1-2,Wound7,11051.0,3203,4.67831
TTCCACACAGATTTGA-1-2,Wound7,4226.0,1774,9.11027
TTCCGCAGAGAAATAT-1-1,Wound7,4521.0,2059,3.494802
TTCCGCGTGAGGCGAT-1-2,Wound7,3529.0,1816,5.1572685
TTCCGGCCTTGAGGCT-1-1,Wound7,2814.0,1409,5.472637
TTCCGGCTCGACTTCT-1,Wound7,397.0,294,7.304786
TTCCGGTTACCCACTT-1-2,Wound7,1984.0,1049,3.0241935
TTCCTCGGACTAACCA-1-2,Wound7,5136.0,2195,2.0054517
TTCGACAGAGCCCGTG-1-2,Wound7,311.0,266,2.5723472
TTCGCTATCTGACGTG-1-1,Wound7,972.0,696,4.835391
TTCGGGACTAATCGCG-1-2,Wound7,4706.0,2168,3.527412
TTCGTTCAACGAAGTT-1,Wound7,5166.0,2654,3.1746035
TTCTAACCGAAGCTTA-1-2,Wound7,2086.0,1154,2.1572387
TTCTGACCGGGCTCAA-1-2,Wound7,1451.0,954,2.4810476
TTCTGCCGCGCCTAGA-1-2,Wound7,615.0,488,2.9268293
TTCTGCGGGTTAGCGG-1-2,Wound7,472.0,364,3.8135593
TTCTGCTAGACTCCAA-1,Wound7,5853.0,2381,2.6653
TTCTTGAGCCGCGCTA-1,Wound7,2137.0,1160,4.0711274
TTCTTGGAGTAATGAG-1-2,Wound7,389.0,337,1.5424165
TTCTTTGGTCGCGACG-1,Wound7,2444.0,1406,3.5188217
TTGAACGACGTGCTGA-1-1,Wound7,4201.0,2149,2.8564627
TTGAAGAATTCCCAGG-1-1,Wound7,4625.0,1927,11.459459
TTGAATATGGACTTTC-1-2,Wound7,42274.0,7533,2.5642238
TTGACCAGGAACAACT-1-1,Wound7,240.0,159,2.0833335
TTGACCATGTTCTCCG-1-2,Wound7,828.0,632,2.8985507
TTGACTACCATATGGT-1-1,Wound7,3735.0,1654,4.257028
TTGAGAAGTTTAGCAT-1-2,Wound7,632.0,500,2.3734176
TTGAGAGTACTGCTAA-1-1,Wound7,6294.0,2218,4.2580237
TTGATGTGTAGTCCCG-1-2,Wound7,7262.0,3045,3.09832
TTGCACAATTCAGAAA-1-2,Wound7,6633.0,2764,7.2666965
TTGCATGCTGATCACG-1,Wound7,8151.0,2846,4.760152
TTGCCCTGATCACGGG-1-1,Wound7,1097.0,760,4.6490426
TTGCCGCTTTCTAGTA-1-1,Wound7,301.0,263,1.3289037
TTGCGGCATCAGAAAG-1-2,Wound7,2484.0,1299,7.8904996
TTGCGTCGGCCAACCG-1-2,Wound7,6097.0,1991,5.5929146
TTGCTCCCATACCGGA-1-2,Wound7,508.0,396,2.1653545
TTGGACATGTGGCTTA-1,Wound7,11736.0,2980,4.652352
TTGGACCTATAACAGT-1-1,Wound7,1268.0,913,2.7602525
TTGGATATCGTCTACG-1-2,Wound7,476.0,397,2.5210085
TTGGCCTAGAATTTCG-1-2,Wound7,214.0,177,0.93457943
TTGGGACACTGCCCGC-1-2,Wound7,3552.0,1914,3.3783782
TTGGGCGGCGGTTGCC-1-2,Wound7,20465.0,4466,4.6909356
TTGGTCACACTCGTAA-1-2,Wound7,1267.0,754,4.893449
TTGTAAGGCCAGTTGG-1-2,Wound7,10562.0,3902,3.2569587
TTGTAATCCGTACTCG-1-2,Wound7,539.0,413,2.96846
TTGTGAACCTAATCCG-1-1,Wound7,3750.0,2095,2.0
TTGTGCAGCCACGTCA-1-1,Wound7,325.0,273,1.5384616
TTGTGGTGGTACTAAG-1,Wound7,2419.0,1245,3.5138488
TTGTGTATGCCACCAA-1-1,Wound7,283.0,239,2.4734983
TTGTGTTTCCCGAAAG-1-2,Wound7,542.0,427,5.1660514
TTGTTCAGTGTGCTAC-1-2,Wound7,1359.0,879,2.133922
TTGTTGTGTGTCAAGA-1-2,Wound7,44182.0,7126,2.5010185
TTGTTTCCATACAACT-1,Wound7,543.0,345,4.6040516
AAACAGAGCGACTCCT-1-1,Wound30,381.0,309,3.6745408
AAACCGTTCGTCCAGG-1-2,Wound30,2222.0,1107,1.4851485
AAACGAGACGGTTGAT-1-3,Wound30,4395.0,1980,4.550626
AAACGGTTGCGAACTG-1,Wound30,370.0,274,5.135135
AAACTCGGTTCGCAAT-1-1,Wound30,566.0,386,8.303886
AAACTGCTGGCTCCAA-1-3,Wound30,978.0,657,0.8179959
AAAGGCTACGGACCAT-1-1,Wound30,829.0,515,3.256936
AAAGGCTCTCGCGCCG-1-2,Wound30,2131.0,936,6.569686
AAAGGGATGTAGCAAG-1-1,Wound30,5890.0,2325,2.3599322
AAAGGGCAGCTTGAAT-1,Wound30,1083.0,689,4.616805
AAAGTAGCATTGCTCA-1,Wound30,1363.0,775,5.282465
AAAGTGTGATTTATCT-1-1,Wound30,356.0,279,2.247191
AAAGTTGACTCCCGTA-1-1,Wound30,83.0,76,2.4096384
AAATAACCATACGGGA-1-2,Wound30,7292.0,2780,3.8261108
AAATACCTATAAGCAT-1-3,Wound30,765.0,571,1.5686276
AAATAGGGTGCTATTG-1-3,Wound30,224.0,190,2.232143
AAATCGTGTACCACAA-1-3,Wound30,5451.0,2061,3.3204918
AAATGATTCGATCAGC-1-1,Wound30,1300.0,722,6.1538463
AAATGCTCGTTACGTT-1,Wound30,11048.0,3517,3.7110791
AAATGGCATGTCTTGT-1-1,Wound30,1044.0,600,2.777778
AAATGGTCAATGTGCC-1-2,Wound30,10120.0,3116,5.3359685
AAATTAACGGGTAGCT-1-3,Wound30,3709.0,1685,2.4265301
AAATTACACGACTCTG-1-2,Wound30,3348.0,1542,3.345281
AAATTACCTATCGATG-1-2,Wound30,206.0,178,5.3398056
AAATTGATAGTCCTTT-1,Wound30,684.0,464,3.0701754
AAATTTGCGGGTGTGG-1,Wound30,2714.0,1177,7.4060426
AACAACTGGTAGTTGC-1-2,Wound30,12936.0,3842,4.3135433
AACAATACATTGTCGA-1-1,Wound30,5486.0,2017,6.7991247
AACAATTACTCTACGC-1,Wound30,623.0,467,4.333868
AACACACGCTCGCCGC-1-3,Wound30,434.0,323,1.6129031
AACAGCTGTGTGGCAA-1-1,Wound30,385.0,285,4.6753244
AACAGGAAATCGAATA-1-1,Wound30,28829.0,5875,4.6585035
AACAGGATGGGCCGCG-1-1,Wound30,463.0,351,2.5917926
AACATATCAACTGGTG-1-2,Wound30,230.0,185,5.217391
AACATTGTGACTCGAG-1-1,Wound30,387.0,275,4.3927646
AACCAAGACTTCTCTG-1,Wound30,304.0,244,0.98684204
AACCATGGGATCGCTA-1-1,Wound30,462.0,339,4.3290043
AACCCAGAGACGGAGA-1-1,Wound30,21853.0,5300,4.1275797
AACCCTACTGTCAATA-1-1,Wound30,126.0,110,3.1746035
AACCGAGCTTGGTCAT-1-3,Wound30,8604.0,3132,3.0102277
AACCGCTAAGGGATGC-1-3,Wound30,1674.0,872,6.4516125
AACCTTTAAATACGGT-1-3,Wound30,1161.0,755,1.7226528
AACCTTTACGACGTCT-1-1,Wound30,3310.0,1752,4.3202415
AACGATAATGCCGTAG-1-3,Wound30,320.0,247,1.8750001
AACGATAGAAGGGCCG-1,Wound30,14898.0,4745,1.7049267
AACGATATGTCAACTG-1-3,Wound30,10325.0,3326,4.4358354
AACGCATGATCTGGGT-1-2,Wound30,853.0,571,5.978898
AACGCGACCTTGGGCG-1,Wound30,145.0,116,9.655172
AACGCGGTCTCCAGCC-1-2,Wound30,3440.0,1593,2.267442
AACGCTGTTGCTGAAA-1-1,Wound30,651.0,462,2.3041475
AACGGACGTACGTATA-1-3,Wound30,173.0,138,2.8901734
AACGGCCATCTCCGGT-1-1,Wound30,1932.0,987,2.122153
AACGTACTGTGGGTAC-1-2,Wound30,4434.0,1902,1.939558
AACGTCAGACTAGTGG-1-1,Wound30,8574.0,2736,3.487287
AACGTGCGAAAGTCTC-1-3,Wound30,3802.0,1644,3.2877433
AACTAGGCTTGGGTGT-1-3,Wound30,2992.0,1337,9.224599
AACTCAAGTTAATTGC-1-2,Wound30,8932.0,2701,5.5306764
AACTCTCAATAGAGCG-1-2,Wound30,216.0,172,3.2407408
AACTCTCAGTGTGCTC-1-1,Wound30,2606.0,1346,1.6500384
AACTGATATTAGGCCT-1-1,Wound30,6920.0,2534,4.898844
AACTGGGTCCCGACGT-1-2,Wound30,9345.0,2905,4.11985
AACTTCTGCGTCTATC-1,Wound30,484.0,340,3.92562
AACTTGCCCGTATGCA-1,Wound30,319.0,256,3.1347964
AAGACCCAACTGAACA-1-1,Wound30,5520.0,1913,7.481884
AAGACTGCAAGCTACT-1-3,Wound30,767.0,546,2.3468056
AAGAGATGAATCGGTA-1,Wound30,677.0,482,2.658789
AAGAGCTCTTTATCGG-1-3,Wound30,561.0,406,3.9215689
AAGAGGATGTACGCGA-1-1,Wound30,6732.0,2173,14.156268
AAGAGGCATGGATCGC-1-3,Wound30,2954.0,1517,3.0128639
AAGATGGCACCGGACC-1-1,Wound30,2815.0,1365,4.1207814
AAGATTGGCGGAACGT-1-3,Wound30,510.0,400,2.9411764
AAGCACCCTGCGTATC-1-2,Wound30,50.0,49,0.0
AAGCATACTCTCCTGA-1-3,Wound30,2773.0,1363,6.599351
AAGCGTCCCTCATCGA-1-1,Wound30,268.0,217,2.238806
AAGCTAGATCGAGTAA-1-3,Wound30,737.0,508,0.9497965
AAGCTCGTGCCAAGTC-1-3,Wound30,310.0,256,2.580645
AAGCTCTTTCATGGTG-1-2,Wound30,238.0,195,1.6806724
AAGGAGCGGTTGGTGC-1-1,Wound30,3571.0,1631,2.8003361
AAGGATGAGGGACCTC-1-3,Wound30,307.0,241,4.2345276
AAGGCGCGTAAAGCTT-1-1,Wound30,9856.0,3260,4.4947243
AAGGCTGTGCTCATCG-1-2,Wound30,15333.0,4302,4.7544513
AAGGGACAGATTCTGT-1-3,Wound30,230.0,192,2.6086955
AAGGTATCCTAATATA-1-3,Wound30,290.0,226,2.413793
AAGGTGATAAACCAGC-1-1,Wound30,445.0,335,3.8202248
AAGTAGAAGACCGGGT-1-1,Wound30,7727.0,2696,4.5683966
AAGTAGTGACGCGAGG-1-1,Wound30,433.0,342,3.0023093
AAGTGACGACCGAATT-1-1,Wound30,4445.0,1713,7.1316085
AAGTGAGTCGGGTTTA-1-1,Wound30,7554.0,2260,8.829759
AAGTGCGTTAGAATCT-1,Wound30,3218.0,1162,3.82225
AAGTGTTTGGAGACGG-1-3,Wound30,566.0,420,2.2968197
AAGTTCACTCCAAGCT-1-2,Wound30,773.0,543,1.8111255
AAGTTCAGTCTGCGTA-1-2,Wound30,13642.0,4519,4.2442455
AAGTTCGGCCAACAGG-1,Wound30,3512.0,1320,4.2995443
AATAACAACGCTCGGC-1,Wound30,4780.0,1980,6.443515
AATAACACTAGAACAA-1-1,Wound30,7333.0,2685,3.7228963
AATAGAACAGAGTGGC-1-3,Wound30,5013.0,1953,3.9696786
AATAGAATCTGTTTCA-1-3,Wound30,454.0,324,3.0837004
AATAGCTACCGCGTGC-1-1,Wound30,4632.0,1798,6.800518
AATAGTCCGTCCCGAC-1-2,Wound30,4850.0,1583,9.752578
AATATCGAGGGTTCTC-1-2,Wound30,173.0,146,4.0462427
AATATTGGAGTATTGA-1,Wound30,151.0,131,5.298013
AATCGCCTCAGCGCCA-1-3,Wound30,423.0,349,1.6548464
AATCTGCGTTGGGACG-1-2,Wound30,234.0,190,2.1367521
AATGACAGCAATGTCT-1,Wound30,4672.0,1699,6.72089
AATGACGTAGGATGTC-1-3,Wound30,565.0,410,4.424779
AATGACTGTCAGCCGG-1-1,Wound30,6104.0,2282,2.457405
AATGATGATACGCTAT-1-2,Wound30,403.0,299,2.7295287
AATGATGCGACTCCTG-1-2,Wound30,895.0,652,5.47486
AATGCAACCGGGTACC-1-1,Wound30,3640.0,1695,2.6373627
AATGCACCAAGCAATG-1-2,Wound30,502.0,389,3.7848606
AATGGTTCTCACAAGC-1-1,Wound30,3790.0,1619,2.8759894
AATGTGCCCGAGGTGT-1,Wound30,2770.0,1385,4.584838
AATTAAAGGTCGGCGT-1-3,Wound30,3308.0,1491,4.353083
AATTAACGGATTTCCA-1-2,Wound30,639.0,378,5.946792
AATTAGCGCTGCAGCG-1-3,Wound30,295.0,230,1.6949153
AATTCATAAGGGATCT-1-3,Wound30,1398.0,807,1.3590845
AATTCCAAGCATGTAC-1,Wound30,176.0,147,1.7045455
AATTCTAGAGTTAGGC-1-3,Wound30,1119.0,757,3.6639857
AATTGAACGCTCTGGT-1-3,Wound30,2594.0,1225,9.136469
ACAAATCGCACCGAAT-1-3,Wound30,379.0,301,1.8469658
ACAAATGGTAGTGTTT-1-3,Wound30,2357.0,1085,9.8854475
ACAACAGCATGAGCTA-1-3,Wound30,503.0,382,2.1868787
ACAACGGTCCCTGCGA-1-1,Wound30,856.0,577,1.8691589
ACAAGCAGTGCCTAGC-1,Wound30,1792.0,1006,5.803571
ACAAGGAAATCCGCCC-1-3,Wound30,105.0,94,3.809524
ACAAGGACAAGAGGTT-1-2,Wound30,3069.0,1585,3.5190616
ACAAGGGCAGGCTCTG-1-3,Wound30,503.0,382,1.5904572
ACAATCCATTTAAACC-1-2,Wound30,6240.0,2280,6.25
ACAATGAATACGGAGA-1,Wound30,719.0,479,5.006954
ACAATTGTGTCTCTTT-1-2,Wound30,1634.0,917,13.586291
ACAATTTGAGCAGTGG-1-3,Wound30,2889.0,1604,3.7729318
ACACAAAGACGGGTGG-1-1,Wound30,9184.0,2750,2.7983449
ACACACCAGGACCAGT-1-3,Wound30,1475.0,749,7.661017
ACACACTTTCTACACG-1-1,Wound30,2434.0,1150,2.3829088
ACACCCAGCATGCAGC-1-1,Wound30,6571.0,2409,3.2110791
ACACCCGAGAAATCCG-1-1,Wound30,6735.0,2319,3.8158872
ACACCTTAAGTAGGGC-1-1,Wound30,8681.0,2821,3.8129249
ACACGAGACTCCTTCT-1-3,Wound30,1613.0,1012,1.7358959
ACACGGGAACTTAGGG-1-3,Wound30,995.0,658,2.4120603
ACACTGATCAAGGTGT-1-3,Wound30,3497.0,1634,3.8032598
ACAGAACTGAGAACAA-1,Wound30,1230.0,713,6.910569
ACAGGCTTGCCCGACT-1-3,Wound30,145.0,127,2.7586207
ACAGGTGGAGGTGAGG-1-1,Wound30,1098.0,694,3.2786884
ACATAATAAGGCGGTG-1-2,Wound30,4376.0,1823,2.8564901
ACATCCCGGCCATACG-1-2,Wound30,1378.0,676,6.023222
ACATCGATCGTTTACC-1-3,Wound30,7502.0,2658,4.318848
ACATCGGTCAGCCGCG-1-2,Wound30,8017.0,2259,7.409255
ACATCGTATGCAATGG-1-3,Wound30,934.0,605,4.9250536
ACATTAGTTTATATCC-1-3,Wound30,360.0,281,1.6666667
ACCAACACCACACACT-1-1,Wound30,18744.0,4035,10.878148
ACCAACGCTTATTTAT-1-2,Wound30,1026.0,639,2.631579
ACCAAGAACGCGTGTC-1,Wound30,6032.0,2594,3.846154
ACCAATATGCAAGTTA-1-2,Wound30,60.0,58,3.3333335
ACCACAAGTTTCTATC-1-2,Wound30,10974.0,3629,4.419537
ACCACGTGCAGCTATA-1-3,Wound30,273.0,227,0.36630037
ACCAGTGCGGGAGACG-1-3,Wound30,306.0,254,2.9411764
ACCATATCCGCAATAA-1-3,Wound30,8729.0,2863,2.8983846
ACCATCGTATATGGTA-1-2,Wound30,7637.0,2306,5.2638474
ACCCAACGCCCGTGGC-1-3,Wound30,2396.0,1307,2.796327
ACCCACCTACATGCTC-1,Wound30,200.0,152,4.0
ACCCATCTTGAGGGTA-1-2,Wound30,2792.0,1216,10.17192
ACCCGGAAACTCCCAG-1-2,Wound30,347.0,248,0.86455333
ACCCGGATGACGCATC-1,Wound30,99.0,79,9.090909
ACCCGGTTACACTTCC-1-2,Wound30,6887.0,2449,4.254392
ACCCGTGTCATCAGTA-1-1,Wound30,3518.0,1370,6.111427
ACCCTATGCCATATCG-1-1,Wound30,5338.0,1999,4.720869
ACCCTCCCTTGCTATT-1-3,Wound30,172.0,149,3.4883723
ACCCTTCATCTGCGAA-1-1,Wound30,348.0,275,4.3103447
ACCGACACATCTCCCA-1-2,Wound30,2057.0,891,5.153136
ACCGACTGAGTCCCAC-1-3,Wound30,788.0,538,1.6497461
ACCGATGGTAGCATCG-1-2,Wound30,269.0,212,3.717472
ACCGCAATAACTGCCT-1-3,Wound30,206.0,171,1.4563107
ACCGGGCCTTTGTTGA-1,Wound30,135.0,126,0.7407407
ACCGTGACCACGTGGG-1-1,Wound30,7514.0,2411,7.359596
ACCTAAGTACCTTTCA-1,Wound30,1298.0,766,6.8567023
ACCTAATCGACTTCCT-1,Wound30,277.0,224,2.166065
ACCTACTATAAATCTA-1,Wound30,722.0,475,7.202216
ACGAAATGGGCGGCAC-1,Wound30,225.0,184,2.6666667
ACGAGTACGGATGCCC-1-1,Wound30,119.0,105,5.042017
ACGATACATAGAACTA-1-3,Wound30,3730.0,1771,2.8150134
ACGATCATACATAGAG-1-2,Wound30,7444.0,2776,3.2106395
ACGATGCATATGTTAT-1-2,Wound30,7653.0,2488,5.1221743
ACGCAAACTAATAGAT-1-1,Wound30,4741.0,1694,5.758279
ACGCATTCGTGAGTAC-1-3,Wound30,1360.0,845,1.764706
ACGCCAGATGATTTCT-1-1,Wound30,6255.0,2319,4.4444447
ACGCCGCTAGACGACC-1-3,Wound30,3068.0,1597,1.7275099
ACGCGAAGTCAGACGA-1-3,Wound30,2075.0,1127,2.9879518
ACGCGGGCCAAGGACA-1-3,Wound30,2912.0,1563,1.4423077
ACGCTAGTGATACACT-1-2,Wound30,287.0,222,7.317073
ACGGAATTTAGCAAAT-1-1,Wound30,7330.0,2538,3.6016371
ACGGACTCTCAAAGCG-1-2,Wound30,238.0,192,1.6806724
ACGGAGCGCAAATTAC-1-1,Wound30,11527.0,3371,5.35265
ACGGATGGTGCGGATA-1-2,Wound30,107.0,97,0.93457943
ACGGCACTTGCTTGGG-1-3,Wound30,1479.0,893,2.0283976
ACGGCCAACATGGACT-1-3,Wound30,3870.0,1530,8.708011
ACGGCGACGATGGGAA-1-3,Wound30,313.0,251,1.2779553
ACGGGAGTGTCGGCCC-1,Wound30,4688.0,1634,6.0153584
ACGTAGATTGCTGATG-1-3,Wound30,870.0,602,1.7241379
ACGTATTACTCCGATC-1,Wound30,84.0,75,4.7619047
ACGTGCGCCTCGTGCA-1,Wound30,5988.0,2318,3.7575152
ACGTTAATGTCGAAGA-1-3,Wound30,731.0,527,0.8207934
ACGTTAGATTTGCCCG-1-2,Wound30,4848.0,1624,6.641914
ACGTTCGTTCAGGAAA-1,Wound30,7758.0,2636,4.5888114
ACGTTTAGTTGTGATC-1-1,Wound30,6493.0,2417,2.3101802
ACTACCAGCTCTCTGG-1-1,Wound30,7085.0,2441,3.0910375
ACTACGCGTTAGAATT-1-1,Wound30,5504.0,1915,8.085029
ACTATTCGTCCGTGGT-1-1,Wound30,9096.0,2868,2.66051
ACTATTTCCGGGCCCA-1,Wound30,2259.0,1077,4.0283313
ACTCAAGTGCAAGGCT-1-1,Wound30,2543.0,1249,13.84192
ACTCAATAAAGGCACG-1-3,Wound30,9704.0,3112,3.936521
ACTCCCTAATGCTAAA-1-2,Wound30,97.0,81,1.0309278
ACTCCCTAGAATAGTA-1-3,Wound30,267.0,227,2.6217227
ACTCGTCAGTAATCCC-1-3,Wound30,1779.0,1041,3.8785834
ACTCTCTGACTTAGGT-1-3,Wound30,1568.0,993,3.7627552
ACTCTTGTATAGTAAC-1-3,Wound30,1241.0,770,2.0950847
ACTGAATGGCGAAAGT-1-3,Wound30,207.0,170,1.4492754
ACTGCCGTCGTAACTC-1-1,Wound30,4298.0,2003,3.955328
ACTGTACGATACACAT-1-3,Wound30,259.0,212,4.247104
ACTGTAGCACTTTGGA-1-1,Wound30,9116.0,2795,4.256253
ACTGTCCAGGATTATA-1-2,Wound30,3827.0,1792,1.9336294
ACTGTCTTCTTTAGAA-1-3,Wound30,2438.0,1338,2.337982
ACTTACGCATCCACGC-1-2,Wound30,48.0,44,0.0
ACTTAGTACGACAAGA-1-1,Wound30,760.0,511,3.2894738
ACTTATACTTACCCGG-1-2,Wound30,445.0,320,3.5955057
ACTTATTAGGATCGGT-1-3,Wound30,4035.0,1561,4.2874846
ACTTATTTATGTGCCA-1-3,Wound30,488.0,348,6.147541
ACTTCAGGCTGATCCC-1-3,Wound30,255.0,202,1.5686276
ACTTCCATGCGGGACA-1-1,Wound30,2268.0,1034,11.9488535
ACTTCGCCATACGCAC-1-3,Wound30,2185.0,1299,1.7848971
ACTTGACTCCCTCTTT-1-3,Wound30,2742.0,1361,2.0787745
ACTTGGGACCCGGTGG-1-1,Wound30,5892.0,2329,4.107264
ACTTTCCTATAGCTTC-1-3,Wound30,817.0,579,1.4687883
AGAACGTGGTACATTC-1-3,Wound30,1462.0,888,2.8043776
AGAAGAGCGCCGTTCC-1-3,Wound30,10.0,10,0.0
AGAAGGTTGCCGAATT-1-2,Wound30,7902.0,2715,4.6064286
AGAAGTGATTCGTGAT-1,Wound30,1521.0,722,3.8790271
AGAATTATGGATTCGA-1-2,Wound30,95.0,83,2.1052632
AGAATTGTTTGACATA-1,Wound30,15960.0,4530,6.9298244
AGACCATGGGATACAA-1-1,Wound30,1246.0,790,3.2905295
AGACCCACCGCTGATC-1-3,Wound30,1332.0,904,2.252252
AGACCCGCCCTCCTCG-1-2,Wound30,1560.0,927,2.6923077
AGACGAAGTGCCGGTC-1-1,Wound30,218.0,182,2.293578
AGACGACGATGCCGCT-1,Wound30,246.0,201,3.6585364
AGACTAGCCTTCCAGA-1-1,Wound30,6068.0,2352,3.1147
AGACTGTTACCGGGTC-1-1,Wound30,5257.0,1731,7.3235683
AGAGAACCGTCTAGGA-1-3,Wound30,639.0,468,1.7214397
AGAGAAGGAGTACAAT-1-1,Wound30,582.0,413,1.2027491
AGAGCGGGCTAATCAT-1-1,Wound30,4900.0,2219,4.2040815
AGAGCGTACAAGCTCG-1-1,Wound30,569.0,410,1.9332161
AGATAACTTCAGGGCC-1-2,Wound30,15405.0,4036,5.8876987
AGATACCGGTGTTCAC-1-2,Wound30,6047.0,1959,7.359021
AGATACGACTTCATAT-1-1,Wound30,19559.0,5175,4.0186105
AGATACTCAAGATCGA-1-3,Wound30,131.0,112,3.053435
AGATATAATACGACTA-1-1,Wound30,1668.0,881,11.091127
AGATCGTGCATAAGAT-1-2,Wound30,3840.0,1886,3.6197915
AGATCTCAGGTGTGAT-1-3,Wound30,527.0,390,4.364326
AGATGACTCGCCCACG-1-1,Wound30,6140.0,2128,2.6547232
AGATGAGGGTTGCGAT-1-1,Wound30,400.0,311,4.25
AGATTATAGGACGTTT-1-3,Wound30,10112.0,3044,3.6194618
AGCAAAGGCCGCTAGT-1-2,Wound30,92.0,86,1.0869565
AGCAACATATCTTATT-1-2,Wound30,987.0,623,3.1408305
AGCACCAGTACTCACG-1-3,Wound30,985.0,659,3.147208
AGCACTACCGGCCTGT-1,Wound30,123.0,109,4.8780484
AGCACTACCTCACCAG-1-3,Wound30,169.0,141,2.366864
AGCACTTAAGGACGCC-1-2,Wound30,6138.0,2337,5.0667973
AGCAGAAGGAGAAAGA-1-1,Wound30,124.0,105,4.8387094
AGCAGCCAGATGAATA-1-2,Wound30,2673.0,936,2.3194914
AGCATATCAATATGCT-1-2,Wound30,191.0,168,2.617801
AGCATCGTCGATAATT-1-1,Wound30,9531.0,2938,3.7037036
AGCCAAGCTTTGTGTC-1-1,Wound30,141.0,117,2.1276596
AGCCACTCCCGTGCTT-1-3,Wound30,10336.0,2906,3.657121
AGCCCGGTAGCCTGTA-1-1,Wound30,6916.0,2275,7.663389
AGCCCTAAGCGAAGTT-1-1,Wound30,18810.0,4824,4.2477407
AGCCCTTCTAATCCGA-1-2,Wound30,16522.0,4716,3.4196827
AGCGACAGGAACGGTC-1,Wound30,3402.0,1618,5.202822
AGCGACATCCCATTCA-1-1,Wound30,5624.0,2062,3.4495022
AGCGACCAACGATATT-1-2,Wound30,4931.0,2093,3.6503751
AGCGCATAATGAATCG-1-1,Wound30,3515.0,1333,7.254623
AGCGCGGGTGCCAATG-1-2,Wound30,928.0,642,1.4008621
AGCGGACACTTCGTAG-1-1,Wound30,490.0,381,2.857143
AGCGGGTCTGACACTC-1-1,Wound30,199.0,158,4.522613
AGCGTGGTATTCTACT-1-3,Wound30,1224.0,848,3.1045752
AGCTAACAAGCAATGT-1-1,Wound30,484.0,351,5.1652894
AGCTAGAAGCAGAAGT-1-2,Wound30,993.0,673,2.8197381
AGCTATTTAATCCAAC-1-1,Wound30,4825.0,1927,3.834197
AGCTCCTTCGCACATC-1-3,Wound30,477.0,357,1.048218
AGCTCTAGACGTTCCA-1-3,Wound30,979.0,688,2.553626
AGCTCTTCCCAGTGCA-1-3,Wound30,730.0,514,1.9178082
AGCTCTTTACTCAGTT-1-1,Wound30,7034.0,2352,3.1703155
AGCTGAAGTAAACCAA-1-3,Wound30,1139.0,770,2.9850745
AGCTGTAACCTCAATC-1,Wound30,1518.0,871,5.7312255
AGCTTGATCTTAACTT-1-1,Wound30,1409.0,845,6.884315
AGGAAGCTGTCCGCCG-1-2,Wound30,864.0,556,9.722222
AGGACAGTCGAATCCC-1-3,Wound30,1538.0,863,8.127439
AGGACATCGCACGTCG-1-1,Wound30,7306.0,2534,3.9009035
AGGACGACCCATTAGA-1-2,Wound30,8274.0,2472,7.1065993
AGGACGCTCGATGTTG-1-2,Wound30,1754.0,1088,4.5039907
AGGAGGCCTTCGCGCG-1-1,Wound30,442.0,291,16.063349
AGGATAAAGTCGGGAT-1-3,Wound30,463.0,375,1.7278618
AGGATATAGGGATTTA-1-1,Wound30,131.0,114,3.816794
AGGCAGATGCGTAAAC-1-3,Wound30,691.0,511,3.762663
AGGCAGGGAGCGTACT-1-1,Wound30,2980.0,1260,4.42953
AGGCATTGTCGTAGGG-1-1,Wound30,101.0,89,6.930693
AGGCCACCCGTTATGA-1-1,Wound30,10841.0,3286,5.119454
AGGCCCATTGTACAGG-1,Wound30,21545.0,5459,3.1701093
AGGCCCTAGAACGCCA-1-1,Wound30,907.0,498,6.174201
AGGCTATGGTTAGCTT-1-1,Wound30,1025.0,676,3.512195
AGGCTTCCCGAAGAAG-1-2,Wound30,6217.0,2213,2.1392953
AGGGACTCTACGCGAC-1-1,Wound30,537.0,372,3.9106145
AGGGCGTGATCGGCTA-1-1,Wound30,6109.0,2136,4.8616796
AGGGCTGCAGTTACAG-1-3,Wound30,414.0,314,1.6908212
AGGGTCGATGCGAACT-1-2,Wound30,73.0,64,2.739726
AGGGTGCTCTCGAGGG-1-3,Wound30,271.0,214,2.9520295
AGGGTTCCCTTTGGTT-1-3,Wound30,276.0,221,3.6231883
AGGGTTTAGTTCGGGA-1-3,Wound30,2893.0,1571,1.6246113
AGGTAACCTCCTATTC-1-1,Wound30,783.0,509,4.342273
AGGTAGATCGAGATAT-1,Wound30,1029.0,608,5.442177
AGGTAGGTACAAAGCT-1-1,Wound30,1945.0,1024,4.7300773
AGGTCGCGGAGTTACT-1-1,Wound30,152.0,120,4.605263
AGGTGGTGACCTTCGC-1-1,Wound30,177.0,155,6.2146893
AGGTTGAGGCACGCTT-1-3,Wound30,4388.0,1814,2.8714678
AGGTTTCACACACCTT-1-3,Wound30,1121.0,723,1.8733274
AGTAATGTCTTGCCGC-1,Wound30,5974.0,2282,3.883495
AGTACGGGCACCTGGC-1-3,Wound30,820.0,562,3.4146342
AGTACTCTTATGCCCA-1-2,Wound30,481.0,370,3.9501042
AGTAGGAAGGAAGTTG-1-1,Wound30,8976.0,3421,3.9215689
AGTATAATACTAGGCA-1-1,Wound30,3004.0,1561,2.7962716
AGTATACACAGCGACA-1-1,Wound30,359.0,251,7.799443
AGTATTTGGCACGACC-1-1,Wound30,3692.0,1469,4.0086675
AGTCAACACCACCATC-1-2,Wound30,9561.0,3147,4.664784
AGTCAAGATGACACTT-1-3,Wound30,462.0,356,3.4632034
AGTCAGCCACCGCCTG-1-1,Wound30,12853.0,4068,4.6137085
AGTCCATTGGCTGATG-1,Wound30,62.0,58,1.6129031
AGTCCCGCCTTTAATT-1-1,Wound30,1561.0,983,4.6124277
AGTCGACGGTCTCAAG-1-2,Wound30,367.0,263,1.907357
AGTCGGCCCAAACGAC-1-1,Wound30,5680.0,2132,3.5035212
AGTCGGCTCAACTTTA-1,Wound30,766.0,392,5.7441254
AGTCGTGGGCATTACG-1,Wound30,890.0,589,4.269663
AGTCTCACAAGACTAC-1,Wound30,733.0,517,2.4556615
AGTCTGGACATCCTTG-1,Wound30,6501.0,2577,6.922012
AGTCTTCTCCTCAAAT-1-3,Wound30,7448.0,2675,3.3029
AGTGACCTACTTTACG-1-3,Wound30,5054.0,2019,3.264741
AGTGAGACTTCCAGTA-1-3,Wound30,384.0,300,2.34375
AGTGAGCCTCGCCGCC-1-1,Wound30,101.0,87,2.970297
AGTGATATGAGTAGTT-1-3,Wound30,7426.0,2370,7.648802
AGTGATTCAAGCAGGA-1-3,Wound30,210.0,176,4.7619047
AGTGCACGCTTAAGAA-1-2,Wound30,492.0,329,11.99187
AGTGCGTAGCTCGTAA-1-2,Wound30,7198.0,2545,4.8346763
AGTGCTTGCACGAATA-1-3,Wound30,162.0,139,3.7037036
AGTGGCGGCAATTTGA-1-2,Wound30,805.0,534,2.857143
AGTGTATTGCGCATTG-1-2,Wound30,1502.0,919,4.593875
AGTGTGGTCTATTGTG-1,Wound30,301.0,253,2.6578074
AGTTAAACACTTGCGA-1-2,Wound30,11381.0,3175,5.7376328
AGTTAAGCGGTCCCGG-1-3,Wound30,12211.0,3822,3.758906
AGTTAAGTCAACCGCT-1,Wound30,418.0,299,5.0239234
AGTTACTCTATCGTGG-1-2,Wound30,9453.0,3658,4.3266687
AGTTCCTACAGAATTA-1-2,Wound30,7325.0,2547,5.105802
AGTTCCTATTTATGTT-1-3,Wound30,1658.0,994,3.3775635
AGTTGACGGTCCTTGC-1-1,Wound30,75.0,71,8.0
AGTTTGCACCTGCCTC-1-2,Wound30,92.0,81,3.2608695
AGTTTGGCCAGACCTA-1,Wound30,3456.0,1313,4.195602
ATAAACGGACCCGTAA-1-3,Wound30,1340.0,815,1.9402984
ATAAAGGCTCGGTCGT-1-3,Wound30,8184.0,2242,5.645161
ATAAATATTAGCAGCT-1,Wound30,2520.0,1199,8.4920635
ATAACGCCGGAGGGTC-1-3,Wound30,511.0,410,2.739726
ATAACGGAGTCCAACG-1-3,Wound30,5203.0,2070,3.6709592
ATAAGGTGGAGAACAT-1-3,Wound30,169.0,142,1.7751479
ATAAGTAGGATTCAGA-1-1,Wound30,124.0,115,3.2258062
ATAAGTTACCGCGACG-1-3,Wound30,6180.0,2240,4.3042073
ATAATAGCTGTTGAAT-1-3,Wound30,1765.0,1077,1.1331445
ATAATAGTGTAGGGAC-1-1,Wound30,6433.0,2608,3.8240325
ATAATCTTGGAGAACC-1-2,Wound30,357.0,289,0.5602241
ATAATTAGCTAAGTAG-1-1,Wound30,79.0,70,2.5316455
ATACAGGCCCTCCAAT-1-3,Wound30,126.0,106,1.5873017
ATACCACGGGCAACTT-1,Wound30,435.0,319,2.2988505
ATACCTAACCAAGAAA-1-2,Wound30,981.0,531,4.994903
ATACGCCGGCGAAACC-1-3,Wound30,888.0,633,3.6036036
ATACGGGTTTCGATTG-1-3,Wound30,10659.0,3355,3.7057884
ATACGTACTTAGCCAC-1-3,Wound30,462.0,330,8.874459
ATACGTCCACTCCTGT-1-3,Wound30,1193.0,751,1.5926236
ATACGTTATGCACGGA-1-1,Wound30,151.0,125,0.66225165
ATACTAGCATGACCCT-1-1,Wound30,4045.0,1785,2.9913473
ATACTGCCTTACACCG-1-2,Wound30,216.0,175,0.9259259
ATAGACAACGGGACCT-1-3,Wound30,205.0,177,1.4634147
ATAGACGAAGAGAAAG-1-2,Wound30,13185.0,3577,8.054607
ATAGAGTACTGGGACA-1-1,Wound30,8179.0,2716,4.083629
ATAGAGTTATCAACTT-1-2,Wound30,544.0,391,3.125
ATAGGCTAGCTTCGCA-1-2,Wound30,295.0,232,4.745763
ATAGGGATATCCTTGA-1-3,Wound30,6247.0,2333,3.3295982
ATAGGTTGGGCAGATG-1-3,Wound30,3636.0,1741,2.3927393
ATAGTGAAGCGTTCTC-1-3,Wound30,1385.0,835,1.9494586
ATATAAAGCGCTCGTG-1-2,Wound30,125.0,108,1.6
ATATAAATGTAGCTGC-1-3,Wound30,782.0,558,7.1611257
ATATCTCCCTCGTTAA-1-3,Wound30,483.0,369,3.10559
ATATCTTAGGGCCTTC-1-3,Wound30,6210.0,2547,2.4959743
ATATGTCTCCCTAGCC-1-2,Wound30,237.0,181,2.9535866
ATATTCAGTTAAACCT-1-2,Wound30,5425.0,2017,4.276498
ATATTCCACATAGTGA-1-3,Wound30,126.0,111,2.3809524
ATATTGCTGTCAAAGT-1-1,Wound30,6492.0,2258,4.081947
ATATTTAACCCTCAAG-1-3,Wound30,8445.0,2782,3.374778
ATCAAACGAAGGTTTG-1,Wound30,1208.0,708,1.9039736
ATCAATCTGGGCTGCA-1-3,Wound30,2032.0,1298,1.8700788
ATCACATTAGAATATC-1-3,Wound30,3318.0,1793,2.8028934
ATCACGTGCTAATTAA-1,Wound30,6304.0,2322,5.01269
ATCACTTCATCCTCGC-1-2,Wound30,7207.0,2624,2.886083
ATCAGACGGCACGCCG-1-2,Wound30,8405.0,2397,5.829863
ATCAGCCTCATGCTGC-1-2,Wound30,741.0,514,6.882591
ATCAGTAGGCAGGGAT-1-3,Wound30,324.0,255,2.4691358
ATCATCCAATATTTGT-1-3,Wound30,6465.0,2430,2.4439287
ATCCAACGCAGTCATA-1-1,Wound30,14875.0,4074,4.0134454
ATCCACATCGACAGAA-1-2,Wound30,1671.0,841,6.044285
ATCCAGAGCAACAACC-1-3,Wound30,9976.0,2899,9.111869
ATCCAGGATTCGTGAA-1-1,Wound30,8321.0,2692,6.0449467
ATCCTACCTAAGCTCT-1-3,Wound30,9287.0,2939,4.371702
ATCCTGAATCGCTGCG-1,Wound30,2355.0,1272,2.972399
ATCCTGCGTGGAATGG-1-3,Wound30,12497.0,3341,7.097703
ATCGACCCAATACAGA-1-3,Wound30,4471.0,2058,1.677477
ATCGACTCTTTCCGTT-1-1,Wound30,6825.0,2404,2.989011
ATCGCACGCCGGGAGA-1-1,Wound30,7631.0,3044,3.4857817
ATCGGAGACAGACGGC-1-3,Wound30,131.0,113,0.7633588
ATCGGCAAGCAGTCCA-1-2,Wound30,477.0,380,2.3060796
ATCTAATATCCTACGG-1-3,Wound30,283.0,231,1.7667844
ATCTAGCTTGTGAGGG-1-1,Wound30,603.0,446,5.1409616
ATCTCCCTGCAATCTA-1-1,Wound30,3023.0,1291,4.168045
ATCTGACATGGAAGGA-1-1,Wound30,5406.0,2029,4.328524
ATCTGCACCTCTGCGA-1-2,Wound30,164.0,142,6.097561
ATCTGCTGTTATCGCC-1,Wound30,687.0,462,5.8224163
ATCTGGGCTGTTCTTG-1-2,Wound30,1766.0,756,6.6817665
ATCTGGTTAAGACTGT-1-3,Wound30,2338.0,1400,2.4807527
ATCTGTAATTGTACCC-1,Wound30,17895.0,4988,3.2243643
ATCTTGACCTGCAACG-1-1,Wound30,10477.0,3049,4.1042285
ATGAAGCCAAGGAGCC-1-1,Wound30,11285.0,3340,3.3407178
ATGACGCCGGCTCTAA-1,Wound30,7423.0,2548,3.799003
ATGACGCGTTCTATCC-1,Wound30,1118.0,705,1.7889088
ATGACTATCAGCTGTG-1,Wound30,5446.0,1777,7.455013
ATGACTATGCGACATT-1-3,Wound30,2047.0,1188,5.0806055
ATGAGGAGTGTTAATC-1-1,Wound30,4268.0,1995,3.3036551
ATGATCGGGAATAGAC-1,Wound30,5672.0,2298,3.6142454
ATGATGCAATGGTACA-1-3,Wound30,6580.0,2342,4.620061
ATGCACTACCGCATTG-1-1,Wound30,6628.0,2441,3.2287266
ATGCATGATCCAGGAT-1-3,Wound30,12925.0,3816,5.508704
ATGCCATTTGCGACCA-1-2,Wound30,204.0,171,4.4117646
ATGCCGGTCTTGCATA-1-3,Wound30,411.0,320,2.919708
ATGCCGGTTGATGGGA-1-3,Wound30,2576.0,1461,2.6397514
ATGCGACAGTCCCATT-1-3,Wound30,411.0,345,2.189781
ATGCTCAGTGTTGCAT-1-1,Wound30,1274.0,814,3.1397176
ATGCTCTGGCGCGGTA-1-2,Wound30,63.0,59,0.0
ATGGAGCAGGCCGTGA-1-3,Wound30,1601.0,961,1.748907
ATGGATCCGGCGTCCG-1-3,Wound30,2330.0,1217,3.0042918
ATGGATTGACCAAACG-1-3,Wound30,1881.0,1142,2.0733652
ATGGGCCTCGGCCTCT-1-3,Wound30,1017.0,641,7.767945
ATGGTCGCGTGGTTTC-1-3,Wound30,2347.0,1162,9.373669
ATGTACGATGACGTCG-1-1,Wound30,331.0,258,2.7190332
ATGTGCATCCGACGCA-1-1,Wound30,6300.0,2274,2.904762
ATGTGGACATCTTGAT-1-3,Wound30,260.0,210,2.6923077
ATGTTACGAGCAATAC-1-1,Wound30,14594.0,4294,3.823489
ATGTTGTAGTCTGTTT-1,Wound30,534.0,339,4.307116
ATTAAACATGCGGACC-1-3,Wound30,5432.0,2095,2.282769
ATTAATACTACGCGGG-1-2,Wound30,10585.0,3372,3.5994332
ATTAATGAACCAGTCG-1-3,Wound30,15152.0,4138,3.722281
ATTAATTCGGTCACTC-1-1,Wound30,5735.0,2067,2.580645
ATTACGCGCTGGCAGG-1-1,Wound30,5814.0,1861,8.273133
ATTACTAGCCTCTTGC-1-1,Wound30,7385.0,2485,3.0602572
ATTACTTACTGGGCAT-1-2,Wound30,1902.0,1077,2.9442692
ATTAGATTCCTCAGCA-1-1,Wound30,104.0,94,0.9615385
ATTAGATTGATAGCGG-1-1,Wound30,7329.0,2337,3.1245737
ATTAGGCGATGCTTTC-1-3,Wound30,766.0,550,2.2193213
ATTATACTTTGCTCGT-1-3,Wound30,2711.0,1411,2.8033936
ATTATGCCATAGGGAG-1-1,Wound30,10251.0,3097,4.087406
ATTATTATGTCCGTCA-1-1,Wound30,1563.0,852,4.350608
ATTCACTGATGTTGGA-1-3,Wound30,79.0,70,7.5949364
ATTCAGGACCTATTTC-1-2,Wound30,519.0,386,3.8535647
ATTCAGTAGCAGGGTC-1,Wound30,150.0,123,2.6666667
ATTCATATACTGTCCA-1-3,Wound30,1874.0,1116,1.6542156
ATTCCTCCGCCAGTGC-1-1,Wound30,5735.0,2120,3.9407148
ATTCGACGCCGGGCCT-1,Wound30,641.0,487,1.8720748
ATTGAAGATCTTAGTG-1-2,Wound30,11520.0,3493,5.2777777
ATTGATGAGTCCTAAC-1-2,Wound30,139.0,114,5.755396
ATTGCGATCAGTAACT-1,Wound30,781.0,512,15.364917
ATTGCTGCTCCTCCAT-1-2,Wound30,16494.0,4082,5.511095
ATTGTCGCAATACCTT-1-2,Wound30,9996.0,3766,3.2012806
ATTTAACTCGTATTAC-1,Wound30,3705.0,1669,1.4844804
ATTTACAGTTTACTGG-1-2,Wound30,8784.0,3016,6.4890714
ATTTCATTATTTCGCG-1-1,Wound30,6691.0,2605,4.588253
ATTTCCGGGTTCTGCG-1-1,Wound30,692.0,502,1.8786126
ATTTGCGCGAGTAGCT-1,Wound30,1665.0,843,3.1231232
ATTTGTCTTGGGAGCT-1-3,Wound30,227.0,187,2.2026432
ATTTGTTCCAGGGCTC-1-3,Wound30,2177.0,1133,1.4699128
CAAACGAGTATCGCAG-1-3,Wound30,7768.0,2570,8.818229
CAAACGGTCGCACTTT-1-2,Wound30,8286.0,2653,5.430847
CAAAGATTATTGGGCC-1,Wound30,3016.0,1412,6.0344825
CAAATCTCTCACAAGG-1-1,Wound30,3508.0,1389,6.0433292
CAAATGTCCTTCCGTG-1-3,Wound30,8259.0,2761,4.6010413
CAAATTGTCAGCAAGC-1-1,Wound30,372.0,273,5.107527
CAACGACCCGTTTACA-1-1,Wound30,4275.0,1716,2.9473684
CAACGGTTCTTGATAC-1-1,Wound30,4022.0,1626,4.0029836
CAACTATATCGAATGC-1-1,Wound30,4609.0,2122,4.1006727
CAACTCCTTGATCCCG-1-1,Wound30,8380.0,2931,3.699284
CAACTGCTCATCCGAT-1-1,Wound30,5488.0,1868,6.687318
CAAGAGGGCGGAGTAC-1-3,Wound30,203.0,164,0.9852217
CAAGATATTATAACGT-1-3,Wound30,394.0,289,8.375634
CAAGCAACGTCGGAGT-1-2,Wound30,9230.0,2825,7.399783
CAAGCACCAAATGCCT-1-1,Wound30,6125.0,2244,3.0040815
CAAGCGGCACATAATT-1-3,Wound30,3306.0,1396,4.7186933
CAAGGATCGCATGTTC-1-3,Wound30,1502.0,916,1.864181
CAAGTGTGGTTGCAAA-1-2,Wound30,135.0,107,2.9629629
CAATAAACCTTGGCCC-1-3,Wound30,4391.0,1880,2.7556365
CAATATTCTTGACCTA-1-1,Wound30,5140.0,2004,3.9299612
CAATGCGAGAAGTATC-1-3,Wound30,257.0,205,0.7782101
CAATGGATCTCTACCA-1-3,Wound30,719.0,532,3.4770515
CAATTAAGGGTGATGA-1-3,Wound30,1109.0,754,2.4346259
CAATTTCGTATAAGGG-1-3,Wound30,10409.0,3278,5.5048513
CACAATGAGCTGCTAT-1-3,Wound30,9129.0,2988,3.5272212
CACACAGGGATAGATT-1,Wound30,461.0,334,2.6030369
CACACGCGCTGTCTTA-1-3,Wound30,286.0,218,3.846154
CACAGCACCCACGGCA-1-2,Wound30,1060.0,683,2.1698112
CACAGCTAGGGAGTGA-1-1,Wound30,10486.0,3270,4.5107765
CACAGGGCCGTTGTCA-1-1,Wound30,211.0,174,2.8436017
CACATATTAGCAGGAT-1-3,Wound30,147.0,133,2.7210884
CACATCGTGCACGCGC-1-1,Wound30,3117.0,1380,6.159769
CACATCTCACCGACGA-1-2,Wound30,73.0,68,1.369863
CACATGATTCAGCAAC-1-3,Wound30,7600.0,2649,4.013158
CACATTCTTTCGATGG-1-3,Wound30,2285.0,1224,3.9387307
CACCCACACGTCACCC-1-1,Wound30,4003.0,1670,2.3232574
CACCCACGAGGCAATT-1-3,Wound30,797.0,522,3.5131745
CACCCGGTTTGTGACT-1-1,Wound30,5811.0,2165,5.850972
CACCCTAACAAGATCT-1-3,Wound30,195.0,166,3.0769231
CACCGCCAGAAGGTTT-1-3,Wound30,7052.0,2450,3.0204198
CACCGCGTCCACTCTA-1-1,Wound30,2567.0,1294,4.869498
CACCGTTAGGGATCAC-1,Wound30,3461.0,1549,3.8139265
CACCGTTGCGCGATAT-1,Wound30,1191.0,611,5.0377836
CACCTAATAGAGTCGT-1-1,Wound30,17757.0,4203,5.214845
CACCTAATCAGTTTAC-1-3,Wound30,2145.0,1135,2.3310022
CACCTCGATGGTGGAC-1-1,Wound30,5092.0,1944,2.120974
CACCTTGCGAAACTCG-1-3,Wound30,8952.0,2525,3.1054513
CACGAAAGTTAGTCCC-1,Wound30,743.0,570,2.5572007
CACGCACAGCGCAGCT-1-3,Wound30,11894.0,3473,4.506474
CACGCAGCGAGGCTTT-1-2,Wound30,11617.0,3088,5.2337093
CACGCGGAACTGTTGC-1,Wound30,82.0,74,4.8780484
CACGTCGGCAACCTCT-1,Wound30,853.0,567,1.4067996
CACGTTCGTGCTCTAG-1-3,Wound30,368.0,299,2.4456522
CACGTTTCGTACACAC-1-2,Wound30,486.0,355,9.259259
CACTAAAGTTGCCTAT-1-3,Wound30,11385.0,3078,4.251208
CACTCAAGAGCTATGG-1-3,Wound30,6916.0,2302,3.0653558
CACTCCTATGTAAGAT-1-1,Wound30,1187.0,735,2.274642
CACTCCTCTCGGTCGG-1-2,Wound30,11975.0,4082,4.083507
CACTCGAGCTGAACAA-1-3,Wound30,245.0,198,0.8163265
CACTGACGATTGTGGA-1,Wound30,986.0,576,5.780933
CACTGTCCAAGTGAGA-1-1,Wound30,9831.0,3127,4.353575
CACTTAATCAGACGGA-1-3,Wound30,6644.0,2222,4.48525
CACTTCGCCACAGGCT-1-1,Wound30,1407.0,860,2.8429282
CAGAACTTAGCCCTCT-1-3,Wound30,209.0,165,0.9569378
CAGACACCGATCGCTG-1-2,Wound30,541.0,386,2.9574862
CAGACCTGTAAGTGTT-1-2,Wound30,145.0,121,3.4482758
CAGACGAACCTGATAC-1-3,Wound30,7110.0,2276,7.7918425
CAGAGACGGTCACCCA-1-3,Wound30,7391.0,2526,6.467325
CAGAGCATGAGCTTGC-1-3,Wound30,10255.0,3339,3.286202
CAGAGGCGATGCATGA-1-2,Wound30,3765.0,1608,3.9840639
CAGATACTAACATAGT-1-1,Wound30,8912.0,2787,2.8276482
CAGATCATTTAAAGTC-1-1,Wound30,321.0,252,4.3613706
CAGCAGCCCGTTCCTT-1-3,Wound30,538.0,390,1.4869888
CAGCAGTCTGTGCTGC-1-2,Wound30,355.0,247,4.507042
CAGCCTCCTGCAGAGG-1-3,Wound30,8369.0,2965,4.743697
CAGCCTCTCCTCAAGA-1-1,Wound30,15709.0,4555,2.979184
CAGCGATTCCCTTCAA-1-2,Wound30,3341.0,1593,1.3768333
CAGCTCACTGAGACAT-1-3,Wound30,646.0,457,2.1671827
CAGCTCGACAAGTTAA-1-3,Wound30,254.0,214,2.3622048
CAGCTCGTGCTTGTGT-1-1,Wound30,2313.0,1137,3.8478165
CAGCTTAGTAGGTAGC-1,Wound30,793.0,605,3.6569986
CAGGATATATCGTTGT-1-3,Wound30,4539.0,1945,3.08438
CAGGCCGTTTGGGTGT-1-2,Wound30,8719.0,2678,6.193371
CAGGCGCACGGTGGTC-1,Wound30,3636.0,1637,5.7755775
CAGGCGCCATGCTAGG-1-3,Wound30,398.0,316,0.0
CAGTAACTATTTATTG-1-2,Wound30,857.0,562,4.084014
CAGTAATCCCTCCCAG-1,Wound30,660.0,462,3.787879
CAGTACATTCTCTAAA-1-2,Wound30,899.0,632,4.3381534
CAGTAGCCCACGCGGT-1-3,Wound30,7212.0,2767,5.449251
CAGTCGAGGATGCAAT-1-2,Wound30,341.0,273,4.9853373
CAGTCTGTATACTGGG-1-3,Wound30,4116.0,2027,2.4295433
CAGTGAATAAATGACT-1-3,Wound30,718.0,506,1.810585
CAGTGGTTGCACATGA-1,Wound30,6417.0,2429,4.5192456
CAGTGTCCGCAGAATG-1-1,Wound30,23501.0,5498,4.021106
CAGTGTCGGCTGGCCC-1-3,Wound30,376.0,305,1.8617021
CAGTTCAAATTGACAC-1-1,Wound30,2883.0,1437,2.4973984
CAGTTCCGCGGGTCGA-1,Wound30,297.0,220,2.6936026
CATAACGGACAGTCGT-1-2,Wound30,545.0,359,3.119266
CATAAGAAGCTTGGCT-1-2,Wound30,65.0,59,1.5384616
CATACACGGTTCCCAC-1-1,Wound30,1067.0,581,6.654171
CATACCCGTACCCAGT-1,Wound30,10182.0,3209,7.100766
CATACGGCGTCTGGGC-1-3,Wound30,876.0,573,2.2831051
CATACTATGTAATTGT-1-3,Wound30,6951.0,2452,5.4092937
CATAGCGTTGCCCACC-1-1,Wound30,2648.0,1272,3.323263
CATAGTACATTGAGAG-1-1,Wound30,15928.0,4636,4.306881
CATAGTAGCATAGTAG-1-1,Wound30,7285.0,2583,3.8297873
CATATACTACTGATAA-1-2,Wound30,6838.0,2770,5.2062006
CATATAGGTACAGTCA-1-3,Wound30,2168.0,1070,2.121771
CATATGTCAGGCTACG-1,Wound30,3391.0,1526,5.308169
CATCATTACCCTGAGG-1-2,Wound30,218.0,180,1.8348624
CATCCTCTCAAAGATC-1-2,Wound30,808.0,557,2.59901
CATCGCCCGCGGCCAA-1-1,Wound30,1831.0,974,3.440743
CATCGGACGGGTTAAT-1-3,Wound30,1279.0,757,1.79828
CATCTATCCCGTGTCT-1-2,Wound30,1613.0,990,4.9597025
CATCTTACACCACCTC-1-1,Wound30,112.0,103,3.5714288
CATGAGATGCACTCTC-1-2,Wound30,275.0,229,2.5454545
CATGATGCACAATTCT-1-2,Wound30,2616.0,1300,2.3318043
CATGCCAACTCGCAAA-1-1,Wound30,167.0,140,2.9940119
CATGCGACCAGTTTAA-1-2,Wound30,250.0,211,3.6
CATGCGTTAGACAGAA-1-1,Wound30,20154.0,5097,4.123251
CATGGCAGGAAGATCG-1-1,Wound30,7344.0,2586,3.2271245
CATGGGTATGCCTTAT-1-3,Wound30,171.0,144,4.0935674
CATGGGTCGGGTGTGG-1-3,Wound30,1038.0,701,1.9267824
CATGGTAAGTAGCGTT-1-3,Wound30,293.0,238,1.3651876
CATGGTCTAGATACCG-1-3,Wound30,12192.0,3692,2.632874
CATGTAAGAGACATTT-1-3,Wound30,518.0,399,3.2818534
CATGTCTCATTTATGG-1-3,Wound30,165.0,141,1.8181818
CATTACGTCGGCCCGT-1-1,Wound30,7340.0,2450,4.07357
CATTATGCTTGTTGTG-1-2,Wound30,4247.0,1974,2.6136096
CATTTAGCGGACCATG-1-3,Wound30,630.0,460,3.6507938
CATTTCTAGCAGACTA-1-1,Wound30,12669.0,3908,3.5835505
CATTTGAGTGGTACGT-1-3,Wound30,7568.0,2425,6.6067653
CCAAACAGAACCCTCG-1-1,Wound30,12863.0,3529,2.7831764
CCAACGATGCACTGAT-1-2,Wound30,7539.0,2558,6.579122
CCAAGAAAGTGGGCGA-1-3,Wound30,4887.0,1789,7.939431
CCAAGACTTCTGCGAA-1-1,Wound30,7553.0,2660,4.06461
CCAAGCGTAACTCGTA-1-3,Wound30,1062.0,718,2.0715632
CCAAGGAACAGAGAGG-1,Wound30,341.0,261,4.105572
CCAATAGTGCCGTCGA-1-2,Wound30,9565.0,2882,8.259278
CCAATCGGTAGATCGA-1-1,Wound30,3977.0,1755,3.9728441
CCAATGTCACAGCAAG-1-2,Wound30,10409.0,3103,6.4559517
CCAATTACGGGTCGAG-1-2,Wound30,668.0,476,4.041916
CCAATTGAATGTTAAT-1-1,Wound30,8090.0,2641,3.2262053
CCACAATGTACGTCTT-1-3,Wound30,302.0,246,2.9801323
CCACACTGAGATATTA-1-2,Wound30,10907.0,3195,7.1422024
CCACAGTACCCATCCT-1-3,Wound30,260.0,225,4.230769
CCACCAACTTTACTGT-1-1,Wound30,2558.0,1383,1.1336982
CCACCCAAGGAAAGTG-1-3,Wound30,6387.0,2598,3.7732894
CCACGAGAAGAGAATC-1-2,Wound30,5496.0,2039,4.221252
CCACGGAGCCATAAGA-1,Wound30,2614.0,977,3.5960217
CCACTGGTGGCTGGTT-1,Wound30,117.0,101,8.5470085
CCAGAAAGCAACTCAT-1,Wound30,8836.0,3088,6.088728
CCAGATAGTTGAGTGA-1-3,Wound30,373.0,311,2.6809652
CCAGCCTGGACCAATA-1-3,Wound30,1813.0,1048,2.0959735
CCAGCTCGAACGCATT-1-1,Wound30,261.0,212,2.2988505
CCAGCTGATGGTACTT-1,Wound30,200.0,164,4.0
CCAGGGACGTGGCCTC-1-2,Wound30,1577.0,928,2.7266963
CCAGTAGTCTGATCCA-1-3,Wound30,182.0,155,3.2967036
CCAGTCTAGACGGCGC-1-3,Wound30,7675.0,2700,4.208469
CCAGTCTTGTCATAGA-1-2,Wound30,4044.0,1486,9.495549
CCATAAACAACCCGAC-1-1,Wound30,11459.0,3541,3.56052
CCATACCTTTACTTGT-1-1,Wound30,175.0,147,3.4285712
CCATAGGTTGGCGTGG-1-1,Wound30,5728.0,2015,3.9455307
CCATCCATACCAAGTC-1-1,Wound30,2769.0,1272,2.8169014
CCATCGCAGTTAAACT-1-3,Wound30,457.0,358,1.750547
CCATCTCACCAGTGAA-1,Wound30,165.0,137,7.272727
CCATGCCTGTTTAGTA-1-3,Wound30,8787.0,2536,4.131103
CCATGCTCTGCAGGAA-1-1,Wound30,7897.0,2719,3.9382045
CCATGGCCCTTGTACC-1,Wound30,123.0,103,4.0650406
CCATTAGCGATAATCC-1-2,Wound30,11311.0,3597,4.668022
CCATTCCCTGCCCACA-1-2,Wound30,9052.0,2803,4.8497567
CCATTTCTACCTATTA-1-3,Wound30,570.0,413,2.1052632
CCCAAACATGCTGCTC-1-3,Wound30,287.0,233,1.0452962
CCCAACATACGTCGCG-1-1,Wound30,10003.0,2615,4.2787166
CCCAATGAGATTTGCA-1-1,Wound30,5638.0,1978,6.881873
CCCAATTTCACAACTT-1,Wound30,6412.0,2062,3.353088
CCCAGAGGAGGGCGTA-1-2,Wound30,830.0,568,3.4939759
CCCAGTTAAGGCGCCG-1-3,Wound30,3716.0,1661,6.96986
CCCGACCATAGTCCGC-1-3,Wound30,3097.0,1414,2.7123022
CCCGCAGCGCGAACTA-1-3,Wound30,850.0,599,3.6470587
CCCGCCATGCTCCCGT-1-1,Wound30,6120.0,2272,2.745098
CCCGCGCAATGCACCC-1,Wound30,1955.0,1092,5.473146
CCCGGGTCGTTCAGGG-1,Wound30,308.0,236,3.8961039
CCCGTAAGTCTAGGCC-1-1,Wound30,6680.0,2135,7.9640718
CCCGTAGCTGGGAAGA-1,Wound30,4388.0,1866,3.9881494
CCCGTCAGCGTCTGAC-1-1,Wound30,12109.0,3532,3.9392188
CCCTCATTCTGGAATT-1-1,Wound30,11014.0,3515,3.6952968
CCCTGAAATGAGTTGA-1-2,Wound30,10007.0,3382,7.3948236
CCCTGCGCTACGCATA-1,Wound30,286.0,249,3.4965034
CCCTTTGACAGGTCTT-1-3,Wound30,9027.0,2971,5.250914
CCGAAAGTGGTGAGCA-1-1,Wound30,7333.0,2909,4.7183967
CCGAACCTTCCCGGCC-1-3,Wound30,240.0,203,2.5
CCGACAAAGGGAGTGC-1,Wound30,84.0,75,3.5714288
CCGACGGGCATGAGGT-1,Wound30,987.0,630,8.308003
CCGATCTCAACCTTAT-1-1,Wound30,61.0,60,1.6393442
CCGCACAAAGACCAAC-1-3,Wound30,10175.0,3465,4.3931203
CCGCACGTGACCTCGG-1,Wound30,372.0,268,2.4193547
CCGCATGTGGTACGAT-1-3,Wound30,336.0,266,2.0833335
CCGCCGGTCAACACAC-1,Wound30,168.0,132,3.5714288
CCGCCTGCGAATTGGT-1-1,Wound30,12801.0,4252,3.249746
CCGCGGAATGCGTCAC-1-3,Wound30,8266.0,2823,4.2826033
CCGCGGGTACGAAGAA-1,Wound30,452.0,363,2.2123895
CCGCGTAGGTAAGGGC-1,Wound30,45.0,42,0.0
CCGCTATCAGCACCAG-1-3,Wound30,1106.0,736,1.8987341
CCGCTTACCTCACTCT-1,Wound30,3781.0,1636,2.8299391
CCGGAATGGTTTCAGT-1-1,Wound30,5695.0,2480,3.599649
CCGGAGCGTACTTTCT-1-1,Wound30,4598.0,1667,7.7424965
CCGGCGCATATTGGAT-1,Wound30,4713.0,1935,2.6310205
CCGGGACCCGCAGAGA-1,Wound30,11196.0,3528,3.1707752
CCGGGCGGTCTCGTCA-1-3,Wound30,1068.0,730,3.0898876
CCGGGCTGCTCCATAC-1-3,Wound30,808.0,600,2.7227721
CCGGGTTCGAGGTTAC-1,Wound30,4590.0,1831,7.037037
CCGGTTTGTAATTGTG-1-1,Wound30,5979.0,2188,4.9506607
CCGTAAGTTGGTCCCA-1-3,Wound30,944.0,601,4.766949
CCGTATCTCGTCGTAG-1,Wound30,1079.0,669,5.931418
CCGTGGAACGATCCAA-1-1,Wound30,145.0,131,2.7586207
CCGTGTTAAATTCCAT-1,Wound30,400.0,303,1.75
CCGTTACGTTAGAACA-1-3,Wound30,564.0,415,2.3049645
CCGTTCCGAATCTCGG-1-1,Wound30,393.0,324,4.0712466
CCTAAAGGCTGACGCT-1-1,Wound30,904.0,593,4.20354
CCTAAATTAACGGTTC-1-3,Wound30,3334.0,1830,0.959808
CCTAACCCAAACAAGT-1-3,Wound30,414.0,322,1.2077295
CCTAACTAAGGCTCTA-1-2,Wound30,368.0,291,3.8043478
CCTACATTCACAGACG-1,Wound30,538.0,414,2.6022305
CCTACGGCTCAGTCGA-1-1,Wound30,6753.0,2509,3.3910856
CCTACTGCTTACACTT-1-1,Wound30,3897.0,1694,2.5917373
CCTAGGCGTAGCGATC-1-3,Wound30,765.0,579,3.1372552
CCTATAATGAGTGCCC-1-3,Wound30,123.0,113,2.4390242
CCTATACCGTCCTGTC-1-2,Wound30,4898.0,2106,2.756227
CCTATATTTGTCCTGG-1-1,Wound30,1098.0,578,7.3770494
CCTATCTATATCGGAA-1-3,Wound30,4267.0,1748,2.906023
CCTATGGGTTACCGTC-1-3,Wound30,315.0,263,1.904762
CCTATGGTCAAAGCTG-1-1,Wound30,429.0,306,3.7296038
CCTCACCAATCTTGAC-1-1,Wound30,4980.0,2098,4.477912
CCTCACCTGAGGGAGC-1-1,Wound30,171.0,145,5.263158
CCTCACCTTAGCATCG-1-2,Wound30,222.0,182,3.6036036
CCTCCGACAATTCAAG-1-2,Wound30,7699.0,2756,7.052864
CCTCGAAGTGGACGGG-1-1,Wound30,17387.0,4747,3.600391
CCTCGCCAGCAAATTA-1-2,Wound30,8531.0,2857,3.5165865
CCTCGCGCGATATAGG-1-2,Wound30,480.0,384,3.9583333
CCTCGCGCTGTGCGAT-1-2,Wound30,6719.0,1835,12.472094
CCTCGGACCGGGATAG-1-3,Wound30,200.0,169,1.5
CCTCTAATCTGCCAAG-1-3,Wound30,5112.0,2025,3.4037561
CCTCTATCGATTAGCA-1,Wound30,499.0,369,4.408818
CCTCTCTCCCATCTAG-1-2,Wound30,7945.0,2708,7.3127756
CCTCTGGCCTAGACGG-1-1,Wound30,15557.0,4450,3.8953524
CCTCTGTACTATTCTA-1-3,Wound30,1220.0,793,1.4754097
CCTGAACGATATATTC-1-3,Wound30,489.0,384,2.8629856
CCTGAATATTTACATA-1-3,Wound30,1232.0,804,1.9480519
CCTGACCACCGATGGT-1-3,Wound30,1714.0,1005,1.1668612
CCTGCTATTTGAGAAG-1-2,Wound30,4019.0,1754,2.2642448
CCTGGCTAGACCCGCC-1-2,Wound30,10924.0,3251,4.7235446
CCTGGTCGAATGTGGG-1-2,Wound30,698.0,446,7.1633234
CCTGTAAGACATGATA-1-2,Wound30,34054.0,5892,7.05644
CCTGTACTCACGCCCA-1-1,Wound30,3369.0,1519,6.708222
CCTGTCACCCGGGCTC-1-3,Wound30,377.0,305,2.65252
CCTGTCGCCCGTAAAT-1-3,Wound30,2377.0,1141,3.2814474
CCTTCAGTTAAAGTGA-1-1,Wound30,9324.0,2917,6.5100813
CCTTCTTGATCCAGTG-1-3,Wound30,3424.0,1571,2.6285048
CCTTTAAGGGAGCACT-1-1,Wound30,3546.0,1592,4.3429213
CCTTTCAATGAAGAAA-1-2,Wound30,358.0,279,1.6759777
CGAACAGTATGGGCGT-1-2,Wound30,328.0,251,11.585366
CGAACCCGCATGCGTC-1-3,Wound30,6944.0,2350,7.517281
CGAACGCCCAGTGCCG-1-1,Wound30,8425.0,2835,3.0029674
CGAAGCTATAAATTCA-1-2,Wound30,3672.0,1849,5.2287583
CGAAGTTGCTCTGTGT-1-2,Wound30,6433.0,2383,7.2594433
CGAATGACGCATAATG-1-1,Wound30,113.0,96,2.6548672
CGACAATTTGATCTAA-1-1,Wound30,124.0,103,1.6129031
CGACACGCTCCGACAG-1-2,Wound30,750.0,532,3.4666665
CGACAGTTCGCGTTAT-1-2,Wound30,11549.0,3151,9.247554
CGACTCAGGATGTTAT-1-3,Wound30,268.0,228,4.850746
CGAGACCCTAGAGTGT-1-3,Wound30,2866.0,1470,2.9309142
CGAGAGATGTGAACCT-1-3,Wound30,378.0,310,3.1746035
CGAGCACTTCAAGTTT-1,Wound30,396.0,295,5.8080807
CGAGCTGGGCTTTAGG-1-1,Wound30,4423.0,1758,3.1878815
CGAGGCTAAATATGGC-1-3,Wound30,402.0,317,2.7363186
CGAGGGACTGCGGTCG-1-3,Wound30,340.0,276,1.1764706
CGAGGGTATCCAGGTG-1-1,Wound30,231.0,184,2.5974026
CGAGTACTAAAGAGGA-1,Wound30,4335.0,1525,5.7670126
CGAGTGAAGGTACCAG-1,Wound30,3428.0,1611,4.259043
CGAGTTCTGTCCCACC-1-3,Wound30,279.0,222,0.71684587
CGAGTTTATCGGACTG-1-2,Wound30,319.0,261,2.1943574
CGATACCTCGCGGACA-1-2,Wound30,8168.0,2680,5.1420174
CGATCCGACCCAGTGC-1-2,Wound30,11540.0,3115,7.3136916
CGATCCTCGCAACATA-1,Wound30,207.0,171,6.2801933
CGATCTGTTGGAGGAC-1-1,Wound30,4102.0,1733,5.655778
CGATGGACCCTACGCC-1-2,Wound30,386.0,318,2.5906737
CGATTAAATATCTCCT-1-2,Wound30,2557.0,1228,4.262808
CGATTCGCCTGGCTGC-1-2,Wound30,56.0,51,3.5714288
CGCAAACACGAGTTAC-1-1,Wound30,5254.0,2062,3.5020936
CGCAATTACTTTCGGT-1-1,Wound30,2556.0,1418,2.0344286
CGCAATTAGGGTAATA-1-2,Wound30,15890.0,4283,4.1661425
CGCAATTCTACAATAA-1,Wound30,387.0,292,1.8087854
CGCACATGTCCACTAC-1-3,Wound30,206.0,162,2.4271843
CGCACGTGCGCTATCA-1,Wound30,103.0,91,3.883495
CGCATGGTGCGATGCT-1-3,Wound30,1151.0,750,2.2589052
CGCATTAGCTAATAGG-1-3,Wound30,9267.0,3029,3.3236213
CGCCATCCGATTATGA-1-3,Wound30,1582.0,987,4.171934
CGCCCAGCACGCCTAG-1-1,Wound30,6475.0,2388,4.4478765
CGCCCGCTTCCGTACA-1-3,Wound30,1648.0,981,3.0339806
CGCCGCCCATGCCTGT-1-3,Wound30,695.0,458,3.0215828
CGCCTCCCTCCTCTAT-1-3,Wound30,392.0,319,2.2959185
CGCCTGGCCTACGTAA-1-1,Wound30,2758.0,1100,7.46918
CGCGACCGCGACAGAT-1-1,Wound30,198.0,158,2.020202
CGCGCATGTTTGATTG-1-3,Wound30,5550.0,1996,9.513514
CGCGCCCGACTTAATA-1-3,Wound30,1104.0,682,4.8007245
CGCGGCTCAACTTGAA-1,Wound30,91.0,81,4.3956046
CGCGGGAATTAGGCAG-1-3,Wound30,2448.0,1344,3.1862748
CGCGGTCACAAACCAA-1-2,Wound30,21699.0,5463,4.336605
CGCGTTCATGAAATAC-1-2,Wound30,2743.0,1331,2.333212
CGCTACGGGACATTTA-1-2,Wound30,9161.0,2750,7.1935377
CGCTAGAGACCGCTGC-1,Wound30,65.0,55,0.0
CGCTATACCGCCCACT-1-1,Wound30,1967.0,979,3.202847
CGCTATTCAATGTATG-1-1,Wound30,5379.0,2374,3.8111172
CGCTATTCTTAGGCTC-1-3,Wound30,8027.0,3006,2.6286283
CGCTCGACATAATGAT-1-1,Wound30,11710.0,3446,3.9111872
CGCTCTCCGTAGATTA-1-2,Wound30,6055.0,2229,7.349298
CGCTGGTGACTACCCT-1-1,Wound30,168.0,150,5.357143
CGCTGTGACGCCGCAC-1-1,Wound30,10134.0,2968,3.503059
CGCTGTGTGGATGTTG-1,Wound30,4626.0,1857,4.7124944
CGCTTAGTATTGATAC-1,Wound30,197.0,151,8.121827
CGCTTCCACTGAAATC-1-1,Wound30,6509.0,2379,3.3799355
CGCTTTCATACCGGTG-1,Wound30,544.0,377,3.125
CGCTTTCTTGCATTCG-1-3,Wound30,256.0,223,2.734375
CGGAAAGAATCAAACG-1-1,Wound30,3620.0,1561,3.4254146
CGGAACGTAAACATAG-1-3,Wound30,7897.0,2597,4.7359757
CGGAGCAATTTAATCG-1-3,Wound30,4432.0,1601,9.250902
CGGAGCATGGCGATCC-1-3,Wound30,1250.0,789,1.52
CGGAGTTTGAGAGACA-1-1,Wound30,4912.0,2039,3.5423453
CGGATCCTCAAGGACT-1-1,Wound30,434.0,330,2.534562
CGGCAAACATCGTGCG-1-3,Wound30,693.0,466,1.010101
CGGCAGGGTCGGGTTG-1-2,Wound30,220.0,180,2.7272727
CGGCCACGCACAAAGT-1-3,Wound30,5798.0,2158,2.5698516
CGGCCAGAGCGACCAT-1,Wound30,210.0,159,5.2380953
CGGGAATTTATGTAAA-1-3,Wound30,427.0,332,2.5761123
CGGGAGCTTCAGTGTA-1-3,Wound30,227.0,178,0.88105726
CGGGATCAATGTAAGA-1-1,Wound30,8793.0,2960,3.4345503
CGGGCAGCTAAACCGC-1-3,Wound30,2421.0,1316,1.9000413
CGGGCCTTCTTTGTAA-1-3,Wound30,7340.0,2741,3.4332423
CGGGTGTACCCATTTA-1-3,Wound30,251.0,203,3.5856576
CGGTACTAGAATCAAA-1-3,Wound30,3294.0,1338,7.893139
CGGTAGAGGTGCAGGT-1-3,Wound30,345.0,262,2.3188407
CGGTCAAGTGGGAACC-1-3,Wound30,278.0,232,1.7985612
CGGTCCGTCGCAAGCC-1-1,Wound30,874.0,526,5.1487417
CGGTCTATCAACCCGT-1-3,Wound30,2597.0,1424,3.1574893
CGGTGAAGACTAAAGT-1,Wound30,159.0,134,1.8867924
CGGTGCAGATAGAACG-1-2,Wound30,9260.0,2589,5.3563714
CGGTGCGCGTTGGTCC-1-2,Wound30,1618.0,948,1.5451174
CGGTGGGCTCCAGCCT-1-1,Wound30,10246.0,3504,3.7868435
CGGTGTACTTGATCCC-1-1,Wound30,7040.0,2412,3.1960227
CGGTTATCCAACAGTG-1-2,Wound30,241.0,194,4.5643153
CGGTTCAAGTAGGTGT-1-2,Wound30,347.0,251,3.1700287
CGGTTGACCTGGCATA-1-1,Wound30,2411.0,1308,6.511821
CGTACCTGATAGGCCT-1-2,Wound30,1607.0,911,1.9290603
CGTAGCGAATTGTCAG-1-1,Wound30,495.0,360,4.2424245
CGTATTAAGAGATCTA-1-3,Wound30,2986.0,1501,2.1433356
CGTCACGTCCATTGGT-1-3,Wound30,6271.0,2229,6.1234255
CGTCGGATAGTGTTGA-1-2,Wound30,147.0,124,0.0
CGTCGGGTCTAAGCGC-1,Wound30,116.0,98,5.172414
CGTCGTCCTTCGCGAA-1-2,Wound30,46.0,45,0.0
CGTCTGGAAGGGCCCG-1,Wound30,5857.0,2375,4.2342496
CGTGAAGTTAATTCAC-1-3,Wound30,4028.0,1711,1.266137
CGTGACATTGGGTCGT-1-2,Wound30,8550.0,3161,4.1871347
CGTGACCAGTCCTCTG-1-1,Wound30,223.0,184,3.1390135
CGTGCAGACTGGGACA-1-3,Wound30,462.0,383,2.5974026
CGTGCATTGTCGACGC-1-1,Wound30,3212.0,1226,8.53051
CGTGCCCTCCCGAAGA-1-3,Wound30,1032.0,687,3.1007752
CGTGGTACCCAAAGGC-1,Wound30,334.0,248,8.383234
CGTGTCCCATTCGCGA-1-2,Wound30,3094.0,1327,3.5552685
CGTGTCTCGTTACGAC-1-1,Wound30,1071.0,590,6.6293187
CGTTAATGTCCCGACG-1-2,Wound30,2756.0,1222,13.824383
CGTTAGCTCACAACTG-1-1,Wound30,6696.0,2543,4.2562723
CGTTCAGACCCGCGAA-1,Wound30,240.0,197,1.25
CGTTCTTCGCACACCT-1-1,Wound30,15948.0,4170,7.605969
CGTTGAATACCGCGCT-1-2,Wound30,32.0,31,0.0
CGTTGAGCGACCGTCG-1-3,Wound30,2533.0,1375,3.9873667
CGTTGCCCGCGTGGGA-1,Wound30,722.0,400,3.3240995
CGTTGTCGGCAATTGA-1-1,Wound30,121.0,106,4.132231
CGTTGTTTCAATTCCC-1-2,Wound30,13051.0,3352,5.9842157
CGTTTAAGCGGAGCAC-1,Wound30,277.0,219,4.693141
CGTTTCACTTCGGGCG-1-3,Wound30,818.0,590,2.8117359
CGTTTCGCTCATTACA-1-3,Wound30,6601.0,2323,5.559764
CGTTTGTGTAGAGGGT-1-1,Wound30,5956.0,2185,6.128274
CTAAAGAATGCCTACT-1-2,Wound30,5363.0,2006,7.104233
CTAAAGGGAAATAGGA-1-3,Wound30,1244.0,806,1.5273312
CTAAATCCGGTGTACA-1-1,Wound30,915.0,542,5.0273223
CTAAATCCTATTCCGG-1-3,Wound30,211.0,171,2.3696682
CTAACCGCGCGCCCGT-1-2,Wound30,5742.0,1756,8.516196
CTAACGAAACTTGCTG-1-2,Wound30,203.0,166,1.4778326
CTAACTGGTCCGGTTC-1,Wound30,730.0,503,0.9589041
CTAAGGGAATGATTGG-1-3,Wound30,1713.0,966,5.429072
CTAATTCGCACGCGCT-1-1,Wound30,1331.0,798,2.02855
CTAATTTCAACAACAC-1-1,Wound30,1242.0,785,2.9790661
CTACAAGAAATAACCC-1,Wound30,5086.0,2107,3.755407
CTACCCTAAGGTCATA-1-2,Wound30,175.0,147,2.2857141
CTACGACTAGCTATAA-1,Wound30,1149.0,763,2.2628372
CTACGCACGGAGTACC-1-3,Wound30,7764.0,2696,2.743431
CTACTATCATAGGTTT-1,Wound30,243.0,197,5.3497944
CTACTATCTTTCAGAG-1-2,Wound30,218.0,180,1.8348624
CTACTCAAGGTATAGT-1,Wound30,3939.0,1506,6.219853
CTACTCTAGGCCCGGC-1,Wound30,414.0,318,5.555556
CTACTGCCACCTGACC-1-3,Wound30,1686.0,1054,2.6097271
CTAGATTTACGACGGC-1-3,Wound30,1032.0,685,1.6472869
CTAGCATAGTATAATG-1-3,Wound30,341.0,274,2.052786
CTAGCCGATGTTATGA-1-2,Wound30,546.0,423,4.3956046
CTAGGCGCCCTATCAG-1-3,Wound30,162.0,135,2.4691358
CTAGGTTCGGACGTGA-1-2,Wound30,59.0,54,1.6949153
CTAGTATTCGGAATTA-1-1,Wound30,8214.0,2883,4.017531
CTAGTCACGTCTTAAG-1-3,Wound30,2392.0,1296,2.5083613
CTAGTGAAGGACAGGA-1-2,Wound30,6881.0,2191,5.9293704
CTAGTTACAACCCGGT-1-3,Wound30,4665.0,2127,5.273312
CTAGTTGGGCCCGGTA-1-3,Wound30,6705.0,2454,2.699478
CTATAAGAGCCAATCG-1-2,Wound30,278.0,227,3.9568346
CTATAGGCGTTGATGT-1-1,Wound30,5457.0,1960,6.37713
CTATCGACGAAATACA-1-2,Wound30,278.0,213,1.0791367
CTATCGGGTCTCAACA-1-3,Wound30,293.0,236,2.3890786
CTATGCCCGAATGCAA-1-1,Wound30,231.0,193,2.1645021
CTATGTCACTAGCCCA-1-3,Wound30,3265.0,1759,3.7672281
CTATTCATGTGTCCCA-1-3,Wound30,559.0,414,1.9677997
CTATTTGGTTACGGAT-1-3,Wound30,293.0,254,3.4129694
CTCAAACCACTGCCCG-1,Wound30,6643.0,2212,6.51814
CTCACATTTACTAAAT-1-2,Wound30,1213.0,661,12.118714
CTCACTGTGATACTTA-1-2,Wound30,406.0,282,5.6650248
CTCACTTGGCTGGTAA-1-1,Wound30,3536.0,1368,8.569004
CTCAGGACTCACCTGT-1-1,Wound30,5780.0,2479,3.564014
CTCAGTCACGACAAAT-1-2,Wound30,972.0,594,2.3662553
CTCATGGTAATTTGCG-1,Wound30,885.0,555,4.293785
CTCATTGCTCTAACAA-1-2,Wound30,74.0,62,0.0
CTCATTTGATGGGCGG-1-1,Wound30,2333.0,1228,3.2576084
CTCCGCCCACATGAGG-1-2,Wound30,6847.0,2086,6.0756536
CTCCGGCCTAATATGC-1-1,Wound30,7188.0,2336,3.8536448
CTCCTCCAGCTCACAC-1-1,Wound30,7086.0,2389,6.8021455
CTCCTTTACGCAAGTC-1-1,Wound30,117.0,102,4.2735043
CTCGAGGTCGAACAGT-1-3,Wound30,11187.0,3397,3.9778314
CTCGATATTTGCGAGC-1-2,Wound30,2170.0,1281,3.59447
CTCGCACCTATATAGT-1-3,Wound30,5977.0,2266,2.8275054
CTCGCCGAATGTAGGG-1-2,Wound30,166.0,130,10.240964
CTCGGTACCACTGCTC-1-3,Wound30,713.0,554,1.6830295
CTCGGTCCGTAGCCTG-1-1,Wound30,3047.0,1331,2.6583524
CTCGTTTCTAATGTTT-1-2,Wound30,1290.0,844,5.116279
CTCTATTTGGCTGCAG-1-3,Wound30,635.0,462,0.62992126
CTCTCACAATCGATGA-1-3,Wound30,1821.0,1135,2.1965952
CTCTGGACGCCTGGTG-1-3,Wound30,1853.0,1105,2.5364275
CTCTGTTTGAGGATTC-1-1,Wound30,5050.0,2049,3.3663366
CTCTTCTGGAAGTTAG-1-1,Wound30,1399.0,786,2.6447463
CTCTTGTCCCGCTTGG-1-3,Wound30,7638.0,2263,11.220215
CTGAAAGAGATCCGAC-1-3,Wound30,4028.0,1749,2.3584907
CTGAATCCGAGACCTC-1-3,Wound30,4738.0,1932,3.018151
CTGAATTTATTGCCAG-1-1,Wound30,475.0,373,3.7894738
CTGACTGCGCAGCTCG-1-2,Wound30,129.0,93,0.0
CTGAGCAAGTAACAAG-1-1,Wound30,457.0,350,3.501094
CTGCACAACTACATAT-1-3,Wound30,153.0,130,1.9607844
CTGCACCTGGAACCGC-1,Wound30,16962.0,4968,2.1164958
CTGCACTCCAGTACAG-1-3,Wound30,6756.0,2317,5.7282414
CTGCCAAGGTTGGAAG-1-3,Wound30,3295.0,1594,3.0652504
CTGCCATGCATCACAT-1-3,Wound30,4859.0,2133,1.461206
CTGCGGGTGAAATGTT-1,Wound30,200.0,167,2.0
CTGCGTTACGATATAA-1-2,Wound30,6062.0,2666,4.0085783
CTGCTGAGGCCACGAA-1,Wound30,431.0,321,0.92807424
CTGCTTGGCGATAGCT-1-3,Wound30,248.0,208,2.8225806
CTGCTTTATGTCCGCG-1,Wound30,4676.0,1691,7.8058167
CTGGAAATGGATGCTT-1-2,Wound30,6679.0,2485,4.177272
CTGGAAGACACGGTGG-1-3,Wound30,212.0,171,2.3584907
CTGGATTTACACTTGA-1-3,Wound30,4335.0,1756,7.8431377
CTGGCATCCGAATGAG-1,Wound30,2038.0,862,3.0421982
CTGGCGACATAAGTCC-1-3,Wound30,5744.0,2362,3.2903898
CTGGCGCACAGGTCTG-1-3,Wound30,666.0,469,5.4054055
CTGGCGGGAATAAGTA-1,Wound30,604.0,436,2.9801323
CTGGCTGATTCATCCT-1,Wound30,156.0,133,2.5641026
CTGGCTGGTTGTCAGT-1-3,Wound30,4821.0,1629,9.852728
CTGGGATAAATAATGG-1-3,Wound30,394.0,330,2.538071
CTGGGTAGGCAGTTAA-1-3,Wound30,8057.0,2695,6.3919573
CTGGTAACACATAGAA-1-3,Wound30,154.0,136,4.5454545
CTGGTAACGAGCTCTT-1-2,Wound30,261.0,203,5.7471266
CTGGTTTCGAGCAAGA-1-3,Wound30,788.0,526,6.0913706
CTGTACTTCTTAGCAT-1-3,Wound30,8526.0,2723,4.3865824
CTGTAGCCATCTCACT-1-1,Wound30,1437.0,882,1.3917885
CTGTATGGTGTAGAAA-1-1,Wound30,9247.0,3269,3.6660538
CTGTCAAATGGCTCGG-1-3,Wound30,11540.0,3424,4.532062
CTGTGCAGGGTAGGTC-1-3,Wound30,880.0,601,1.4772727
CTGTGGTCGGGAGATA-1-2,Wound30,1090.0,676,6.055046
CTGTTACCCAATCTAG-1-3,Wound30,2977.0,1441,2.5193148
CTGTTCACTGCCTGTG-1-1,Wound30,5732.0,2149,2.0760643
CTGTTCATCTCACGGG-1-1,Wound30,3697.0,1823,2.5696511
CTTACACGGTATTCCA-1-2,Wound30,11971.0,3555,4.644558
CTTACACTGGGAAATA-1,Wound30,8202.0,2909,3.279688
CTTAGCCTTCCACATG-1-3,Wound30,1634.0,982,2.8151774
CTTAGTGTAGTAGCAT-1-1,Wound30,791.0,465,15.423514
CTTCAACTCCACTTGG-1-2,Wound30,98.0,83,1.0204082
CTTCATAGCTCAAGAA-1-1,Wound30,9748.0,3294,3.6520314
CTTCATTGTCAGTGGA-1-3,Wound30,3620.0,1581,3.149171
CTTCCGCTCCGTGAAG-1-1,Wound30,1677.0,957,4.11449
CTTCGTAGATAGGTGA-1-2,Wound30,10507.0,3107,6.6717424
CTTCTATTAATGCTAG-1-3,Wound30,5936.0,2181,4.750674
CTTCTTACGTCGTATA-1,Wound30,1276.0,757,2.1159875
CTTGAGTTAGGGTAAT-1-2,Wound30,147.0,110,2.0408163
CTTGCAACCGCCTCCT-1-1,Wound30,1676.0,842,10.381862
CTTGCCCAGGCTCTAC-1-3,Wound30,1846.0,1047,1.7876489
CTTGGCCAAGCTGGGA-1-1,Wound30,616.0,411,8.603896
CTTGTACTTGTTGACT-1-1,Wound30,7568.0,2457,3.2505286
CTTGTCAACATTCGAG-1-3,Wound30,435.0,349,0.9195402
CTTGTGCTCACCGATT-1-2,Wound30,696.0,483,2.2988505
CTTGTTGCTGAGTCAA-1-3,Wound30,249.0,202,3.6144576
CTTGTTTATGTAGCCA-1-1,Wound30,11104.0,3586,3.2240634
CTTTAACTTTCAAAGG-1-3,Wound30,926.0,616,2.5917926
CTTTAATATTGGTCGA-1-3,Wound30,134.0,119,0.74626863
CTTTACCGAATAGTAG-1-3,Wound30,185.0,153,1.6216216
CTTTAGGAACACTGTT-1-3,Wound30,68.0,66,5.882353
CTTTAGTGCTATTATT-1-3,Wound30,392.0,319,1.7857144
CTTTCTGTGCGGGCTT-1-3,Wound30,584.0,437,1.5410959
CTTTGGCTTTAGTAAA-1-2,Wound30,9489.0,2885,6.776267
CTTTGGGATTGTTGCA-1-1,Wound30,2841.0,1150,6.5469904
GAAACAGATGACCACC-1-3,Wound30,251.0,201,1.9920319
GAAACCGAATTACCTT-1-3,Wound30,7581.0,2626,4.6959505
GAAACCTATACAAATG-1-1,Wound30,4287.0,1819,6.671332
GAAACTCGTGCGATGC-1,Wound30,214.0,171,3.271028
GAAACTCTAATGAAGG-1-1,Wound30,385.0,291,5.4545455
GAAAGCAGTGCACTTT-1-2,Wound30,1144.0,640,6.6433563
GAAAGCCCTTTGGACC-1,Wound30,148.0,134,2.7027028
GAAAGTGACTAACTGC-1-1,Wound30,3102.0,1629,3.4493876
GAAATACTAAACGTTT-1,Wound30,20136.0,5203,7.941001
GAAATATCACCATCAG-1,Wound30,239.0,199,2.9288704
GAAATCGCGCGCAACT-1-1,Wound30,6732.0,2455,2.4806893
GAAATGGCGGTGTTAG-1-2,Wound30,12331.0,3497,4.598167
GAAATTAGCACGGATA-1-2,Wound30,2065.0,1210,3.825666
GAAATTGTCTCTATAA-1-3,Wound30,2188.0,1189,1.5996344
GAACACACATCAACCA-1-1,Wound30,14717.0,3704,2.6907659
GAACAGATTACTAAAT-1-2,Wound30,35.0,33,0.0
GAACCCTCTGTGTTCT-1-2,Wound30,1109.0,561,7.754734
GAACGACCGAATGATA-1-1,Wound30,6852.0,2375,3.8237014
GAACGTCTCATGGTCG-1-3,Wound30,290.0,227,4.137931
GAACTGTGGAGAGACA-1-1,Wound30,772.0,493,8.678757
GAAGAACGGTGCAGGT-1-1,Wound30,6355.0,2189,3.4303699
GAAGCCACTGATTATG-1-1,Wound30,701.0,444,3.281027
GAAGCCTGCACATTCC-1-1,Wound30,455.0,344,3.0769231
GAAGCGTGAGGAATTT-1-3,Wound30,4495.0,2013,1.8687431
GAAGCTTGCTGACCGC-1-1,Wound30,4315.0,1903,2.8041716
GAAGGAGTCGAGTGCG-1,Wound30,409.0,300,6.356968
GAAGTCAGTTGCACTA-1-3,Wound30,6690.0,2216,6.9357247
GAAGTCTCCCTAGCGA-1-2,Wound30,335.0,262,4.477612
GAAGTGATTTATCGTG-1-1,Wound30,13930.0,3504,8.858579
GAAGTGCTGGATAGCT-1,Wound30,20842.0,5189,3.7808273
GAAGTTTCCACTCAAT-1-2,Wound30,7377.0,2435,6.777823
GAATAGACGCGACCCA-1-2,Wound30,131.0,113,4.580153
GAATAGTGCTCGATTA-1-1,Wound30,6220.0,2298,4.614148
GAATCGACATGGTCAC-1-1,Wound30,7194.0,2508,3.002502
GAATCTGAACATTCTC-1-3,Wound30,10727.0,3537,5.612007
GAATGCGAATCGGTTC-1-1,Wound30,988.0,631,7.186235
GAATGTATGGCAGGTC-1-1,Wound30,10695.0,3886,4.3010755
GAATGTGGTCCGGATT-1-3,Wound30,5597.0,2103,8.343756
GAATGTTGGGTAATCT-1-3,Wound30,1980.0,1183,2.020202
GAATTATAGTGAAAGG-1-3,Wound30,752.0,510,2.1276596
GAATTCACCCGGGTGT-1-3,Wound30,4169.0,1725,4.0777164
GAATTTCTCGCTGCAG-1-1,Wound30,436.0,327,2.5229356
GACAACGACCATTGAA-1-3,Wound30,3181.0,1551,2.8607357
GACAACGCAGCTTACG-1-1,Wound30,3371.0,1456,3.2631266
GACACAAGGGAAGAAA-1-3,Wound30,732.0,494,3.4153006
GACACGAGTTAGAGGA-1,Wound30,2284.0,1275,4.0280213
GACACTGAGTTCAGTG-1-3,Wound30,10810.0,2839,6.6882515
GACAGCCAGACCTGAC-1-3,Wound30,202.0,180,1.980198
GACAGGCACACACTAT-1,Wound30,488.0,355,2.8688524
GACATCCGTCGAACTG-1-1,Wound30,1569.0,871,8.667941
GACATCGATTTATAAC-1-2,Wound30,2345.0,1162,4.733475
GACCAGAGCCCTGTAG-1-2,Wound30,11682.0,3322,5.589796
GACCGACTGAAGCGTC-1,Wound30,196.0,159,1.5306122
GACCGTGCTGACGGTG-1-3,Wound30,2477.0,1195,1.735971
GACGACGATCCGCGTT-1-3,Wound30,287.0,235,1.3937283
GACGCCGTAAAGGCTA-1-3,Wound30,1301.0,678,5.5342045
GACGCTTGCTTCTAAA-1-2,Wound30,4893.0,1672,6.928265
GACGGGTTGGCCCGTA-1-1,Wound30,5592.0,2094,7.9399137
GACGGTCAATAGAAGC-1-2,Wound30,173.0,147,1.1560693
GACGTGTAGGGATTAT-1-1,Wound30,86.0,79,3.4883723
GACTAAGATCATGCAC-1-1,Wound30,4659.0,1915,2.704443
GACTAAGTAGGCTCAC-1-1,Wound30,11560.0,3435,3.9100344
GACTCGCGGGAATGAC-1-2,Wound30,264.0,206,4.166667
GACTGCAAATCGAGCT-1-2,Wound30,67.0,63,5.970149
GACTGCACCAGCCCAG-1-3,Wound30,135.0,118,4.4444447
GAGACTGATGGGTAGA-1-2,Wound30,8038.0,2894,2.6996765
GAGACTTCGCGACCGA-1-3,Wound30,7707.0,2681,8.771247
GAGAGGGCGCGAGGTT-1-2,Wound30,12290.0,3242,7.2497964
GAGATCTGCTTGGCAT-1-2,Wound30,12401.0,3334,7.628417
GAGATCTGTCACTCCG-1-3,Wound30,4362.0,2055,3.3929389
GAGATCTTCCATGACA-1-3,Wound30,310.0,237,2.903226
GAGATGGGAGTCGACA-1-3,Wound30,242.0,196,2.479339
GAGCACCTGTGTCCAG-1-2,Wound30,72.0,64,1.388889
GAGCCAGCTACCTGTG-1-3,Wound30,176.0,147,1.1363636
GAGCGAGGGAGTACCG-1,Wound30,2996.0,1425,2.9372497
GAGCGCGCACGAGTAG-1-3,Wound30,315.0,242,3.809524
GAGCTAAGGGCATATC-1-3,Wound30,1249.0,827,3.202562
GAGCTCTCGGACCTAA-1-1,Wound30,18277.0,4945,3.6001534
GAGCTGTCGTCTCGGA-1-1,Wound30,3848.0,1744,5.0675673
GAGGAATGGAGAGGTT-1-1,Wound30,1991.0,1161,2.611753
GAGGCCCGACTCCGCA-1,Wound30,194.0,166,3.6082473
GAGGCTATCAAAGTCG-1,Wound30,365.0,295,2.1917808
GAGGGAGTCAGATCGC-1,Wound30,1941.0,858,8.037094
GAGGGCGCAGCTCTGC-1-3,Wound30,495.0,377,2.6262627
GAGGTACGCGTGTCCC-1-1,Wound30,894.0,541,5.592841
GAGGTCCCAAAGATCT-1-1,Wound30,5443.0,2526,2.8109498
GAGTACGGGTATACAA-1-1,Wound30,22784.0,5467,3.419066
GAGTAGATACTAGTTG-1-1,Wound30,430.0,321,3.72093
GAGTATGCCCGCCTTG-1-2,Wound30,3653.0,1677,1.14974
GAGTATGCGCGTGCAT-1-1,Wound30,2323.0,1088,9.685751
GAGTCAGACCAGAATC-1-1,Wound30,1653.0,945,1.2099214
GAGTCCGCTTACCGGA-1-3,Wound30,3391.0,1593,3.6272485
GAGTGTGCGGTACCCA-1-3,Wound30,823.0,559,7.047388
GATAAATCGGTGGATG-1-1,Wound30,22715.0,5423,3.768435
GATAACTCGCACTGTG-1-3,Wound30,340.0,265,1.4705882
GATACGATGGGAGTCA-1-2,Wound30,6894.0,2319,7.6153173
GATAGGTAACGTTGAC-1-3,Wound30,7763.0,2995,5.0109496
GATATGAGACACTAAC-1-3,Wound30,201.0,164,2.4875622
GATATGCGGTAGCCAA-1-3,Wound30,3017.0,1623,3.5134242
GATATTGAGATTGGCG-1-1,Wound30,67.0,61,7.4626865
GATATTTCCTACATGG-1-3,Wound30,5490.0,2215,4.7905283
GATCAACATAAAGGGA-1-1,Wound30,2092.0,1000,5.3537283
GATCATTCCAAACATT-1-3,Wound30,15832.0,4525,3.5876706
GATCCCTTTATACTGC-1-3,Wound30,3946.0,1957,2.7369487
GATCCGGGAATTAACA-1-3,Wound30,5300.0,2354,4.471698
GATCCTAAATCGGGAC-1-2,Wound30,640.0,431,1.09375
GATCCTCGACACTGGC-1,Wound30,310.0,234,1.2903225
GATCGACACTATCTGA-1-1,Wound30,5001.0,2092,2.9794042
GATCGCGGGCTCTCCA-1-3,Wound30,13805.0,3739,4.9474826
GATCGCTACCCGATTT-1-1,Wound30,376.0,263,6.9148936
GATCGGTGGCCATAAC-1-3,Wound30,1278.0,856,2.5039124
GATCGTGACTGATATC-1-3,Wound30,1302.0,736,1.9201229
GATCTGCTATCTAAGG-1-1,Wound30,277.0,222,2.5270758
GATCTTGGAGGGCATA-1-3,Wound30,1111.0,695,4.7704773
GATCTTTGCAGGGTAT-1-2,Wound30,7905.0,2569,7.337128
GATGACAAGTAGGGCA-1-1,Wound30,616.0,459,1.9480519
GATGCGTCCTGCATTC-1-3,Wound30,3006.0,1437,2.461743
GATGCTACAAGCGCCT-1-1,Wound30,5861.0,2102,3.429449
GATGCTGTATTTCATC-1-3,Wound30,1190.0,779,2.6890757
GATGGCGCACACATTA-1-1,Wound30,6850.0,2851,2.9927008
GATGTTCAATCCACGA-1-2,Wound30,8365.0,2478,4.4112372
GATGTTTGTGCGAGAT-1-1,Wound30,4200.0,1922,2.7380953
GATTAACCGAAAGCCC-1-1,Wound30,1333.0,786,7.2018003
GATTACTGAATTTGGG-1-2,Wound30,8927.0,2429,8.30066
GATTCCCTTGTCGCAG-1-3,Wound30,8164.0,2837,4.250367
GATTCCGCGTTTCCGT-1-1,Wound30,5438.0,2035,4.35822
GATTCGACGGTTCACG-1-3,Wound30,660.0,496,1.6666667
GCAAACCCTACATTAT-1-3,Wound30,203.0,168,3.4482758
GCAAACCTTGGCCATA-1-2,Wound30,184.0,161,3.8043478
GCAAATATTACGCTTT-1-2,Wound30,11995.0,3425,5.185494
GCAACCACCAGACCGG-1-1,Wound30,3926.0,1748,3.5150278
GCAAGAATTCCTTGGC-1-2,Wound30,5899.0,1938,8.221733
GCAAGTGCACAGAGAA-1-1,Wound30,8805.0,2682,3.9295857
GCACGCCTACTTAGAT-1-1,Wound30,4818.0,1688,4.5454545
GCACTGCCTACCTTTA-1-1,Wound30,592.0,440,2.3648648
GCAGATCCATAAGACT-1-3,Wound30,197.0,174,1.5228426
GCAGATTAGGGATATC-1-3,Wound30,15274.0,3977,5.4733534
GCAGCACACAGCCCAG-1-2,Wound30,12846.0,3253,6.079714
GCAGGACTATAGAATA-1-2,Wound30,8385.0,2580,5.8795466
GCAGGTAGAGTATGGT-1-2,Wound30,1091.0,712,3.666361
GCAGTGTGGCTATAGG-1-1,Wound30,561.0,395,1.2477719
GCATAGAGCACTCAGG-1-3,Wound30,7000.0,2376,5.0
GCATCCCTAACTTTGA-1-1,Wound30,10140.0,3479,3.4812622
GCATGAGGGACGCGGC-1-3,Wound30,301.0,251,1.6611295
GCATTGTAATTCATAT-1-1,Wound30,128.0,114,3.90625
GCCAATAGGGCATCTC-1-2,Wound30,429.0,339,5.5944057
GCCACAATTTAAGGAC-1-2,Wound30,4659.0,1831,3.6703155
GCCAGGAGTAACCGAT-1-3,Wound30,1914.0,1072,3.3960295
GCCATATTGCACACAG-1-3,Wound30,864.0,556,3.3564813
GCCATCGAGCTGCGTG-1-3,Wound30,1515.0,865,4.356436
GCCCAGTTGGTATGCC-1-1,Wound30,8750.0,2956,4.0342855
GCCCGATCTGTGGTCG-1-3,Wound30,253.0,199,3.557312
GCCCGCGCGTAAACGG-1-2,Wound30,2141.0,1110,2.1018217
GCCCGCGCGTTTGACA-1-1,Wound30,5262.0,2040,2.8696313
GCCCGTAATACCTTCT-1-3,Wound30,609.0,473,2.1346471
GCCGAAATTCCTACGT-1-2,Wound30,9042.0,2722,6.171201
GCCGATTGGCCAAGCT-1-3,Wound30,7318.0,2753,4.3454494
GCCGCTTGTGAGAAAC-1-2,Wound30,7082.0,2335,6.438859
GCCGGGTTAGGGTCGC-1-3,Wound30,3825.0,1548,3.9215689
GCCTAGCGATCTGACC-1-1,Wound30,5350.0,1923,3.327103
GCCTATAGTGTCAGGG-1-3,Wound30,271.0,223,4.0590405
GCCTATTCCGATATAG-1-1,Wound30,1246.0,803,2.7287319
GCCTCATCTGGAAATA-1-1,Wound30,181.0,149,2.762431
GCCTCTATACATAGCA-1-3,Wound30,172.0,154,1.1627907
GCCTTCAGCCCTACCG-1,Wound30,7769.0,2874,2.767409
GCGAAACTTAACTGGA-1-3,Wound30,2968.0,1368,8.861186
GCGAAGCCATACCCGT-1-3,Wound30,1188.0,747,2.020202
GCGACCCAACCATCTG-1-1,Wound30,904.0,567,4.6460176
GCGACGATAGTTGTAC-1-3,Wound30,7114.0,2366,4.9761033
GCGAGAGGCCATGTAA-1,Wound30,436.0,315,4.816514
GCGAGGCCCGAGCAGA-1-2,Wound30,5389.0,1987,8.665801
GCGAGTTCTGCAAAGA-1-3,Wound30,2400.0,1148,2.5
GCGATTGTTAACGTTA-1-3,Wound30,1028.0,679,3.5019453
GCGCAAGAGCGCGCTG-1,Wound30,60.0,53,3.3333335
GCGCATCCAGTCAGCA-1-2,Wound30,393.0,291,1.7811705
GCGCCGTTCCACGATA-1-3,Wound30,4079.0,1922,2.9909291
GCGCGGTCTAGTAACT-1-1,Wound30,784.0,548,7.1428576
GCGCGTCATTGGTACA-1-2,Wound30,129.0,108,4.6511626
GCGCTAATTGAATAGA-1-3,Wound30,862.0,593,1.5081207
GCGCTATGCCGAGGCA-1-3,Wound30,7218.0,2425,5.624827
GCGCTGATCCAGACTC-1-3,Wound30,1885.0,1184,3.3952255
GCGCTGCTTTGCATTT-1-2,Wound30,214.0,180,0.93457943
GCGCTTAAATAATTGG-1-2,Wound30,414.0,310,9.42029
GCGGACCGCGTTGTGG-1-3,Wound30,5503.0,1947,2.7984736
GCGGAGAAACTTCGCA-1-1,Wound30,327.0,256,2.4464834
GCGGAGAGGGAGAACG-1-3,Wound30,171.0,142,2.9239767
GCGGCTCTGACGTACC-1-2,Wound30,3875.0,1398,5.2387094
GCGGGAACCAGGCCCT-1-1,Wound30,5571.0,2325,4.074672
GCGGGCGAGCCTTACC-1-1,Wound30,1848.0,982,3.030303
GCGGTGAACTGCGCTC-1-2,Wound30,579.0,428,3.4542315
GCGGTTCCCTATCATG-1-3,Wound30,7391.0,2298,9.498038
GCGTCCCTAAGACATA-1,Wound30,3105.0,1282,6.6344604
GCGTCGAAATGTCGGT-1-1,Wound30,4561.0,1806,4.2534533
GCGTCGCCAGGGTGAT-1-3,Wound30,688.0,454,1.3081396
GCGTCTCTGCATTGGG-1-2,Wound30,4725.0,1802,6.7513227
GCGTGGTACTGGGTTA-1-2,Wound30,208.0,184,1.923077
GCGTTCGGAGACCGGG-1-2,Wound30,2177.0,1284,4.6853466
GCTAAACCTGAGGTGA-1,Wound30,323.0,241,3.7151701
GCTAAGTAGTTTCTCT-1-3,Wound30,667.0,510,3.1484258
GCTAATACCGAATGCC-1-1,Wound30,7035.0,2496,2.57285
GCTACGACTTATTGGG-1-3,Wound30,2398.0,1177,5.29608
GCTACTATAGTAGAGT-1-2,Wound30,797.0,553,1.7565873
GCTAGCAGGGAGTGGG-1-1,Wound30,8302.0,2858,3.8906288
GCTAGCTTGAATAGCT-1-3,Wound30,8642.0,2917,4.906272
GCTAGGCACCACGGAG-1-3,Wound30,180.0,155,1.1111112
GCTAGTAGAGCTTGTA-1-3,Wound30,2394.0,1302,2.5480368
GCTAGTTTCATTGAGG-1-1,Wound30,5146.0,2057,4.197435
GCTATACGTCTCGGAC-1-3,Wound30,238.0,199,3.7815127
GCTATCATACTCATGG-1-3,Wound30,900.0,607,1.0
GCTATCGCGGCGCAAC-1,Wound30,1086.0,696,2.762431
GCTCAATCCGTTTATT-1,Wound30,1055.0,732,1.3270142
GCTCAATGTAATACCG-1-1,Wound30,131.0,114,0.7633588
GCTCCTGACATACTGG-1,Wound30,592.0,421,1.0135134
GCTCGCTCATGTCCAA-1,Wound30,72.0,67,5.555556
GCTCGGAATTTAAAGC-1-3,Wound30,2904.0,1568,2.7548208
GCTCTAAACCCTGACG-1-1,Wound30,4134.0,1854,2.4915335
GCTCTATGTTACGTGC-1-1,Wound30,6748.0,2309,3.097214
GCTCTCGGGTACCGAA-1-2,Wound30,5749.0,2361,2.835276
GCTCTTTCCGCTAGTG-1-1,Wound30,348.0,269,5.45977
GCTGAGGCGTGAGTAT-1-3,Wound30,1639.0,1006,1.8913971
GCTGCACGGTTTCTTA-1-3,Wound30,1570.0,954,2.611465
GCTGCTAAGTAGTCGA-1-2,Wound30,504.0,324,4.3650794
GCTGCTACTGCGTAGC-1-3,Wound30,164.0,150,3.0487804
GCTGCTCTCCGGACAC-1-3,Wound30,2804.0,1457,2.7104137
GCTGGCATATTCACCT-1-1,Wound30,521.0,402,2.8790786
GCTGGCGGCGCATGCT-1-3,Wound30,587.0,426,1.362862
GCTGTATTACTGGCCC-1-1,Wound30,4964.0,1949,4.452055
GCTGTTGCTACCGAAC-1-2,Wound30,111.0,104,2.7027028
GCTTAATGTAACTAAC-1-3,Wound30,2952.0,1447,6.1653113
GCTTATGAAGCAGGAA-1-3,Wound30,209.0,183,2.3923445
GCTTCCGTCCCTAGAC-1-3,Wound30,292.0,234,1.7123288
GCTTGATGATAATCAG-1-1,Wound30,8110.0,2891,3.0949445
GCTTGGATCGATTAGG-1-2,Wound30,588.0,345,3.5714288
GCTTTCAGAGGAGGTG-1-2,Wound30,163.0,143,3.6809816
GGAAACCTTGTTGAAT-1-1,Wound30,1409.0,897,4.3293114
GGAAAGTGCCCATGCC-1-3,Wound30,1881.0,1062,2.81765
GGAACCGTGTAAATTG-1-3,Wound30,6800.0,2339,6.2058825
GGAATGCGCTAGCGTG-1-3,Wound30,1107.0,740,4.5167117
GGACCAACAGGATAAC-1-3,Wound30,345.0,281,1.7391304
GGACTCGTGAGTGGTC-1,Wound30,2676.0,1272,10.351271
GGAGAAGTCATTGGCA-1-1,Wound30,8762.0,2751,3.823328
GGAGACGACACCTTTG-1-3,Wound30,5993.0,2294,6.7245116
GGAGCACCAAGAACTA-1-3,Wound30,263.0,221,2.281369
GGAGCGAGGCCTACTT-1-1,Wound30,1124.0,659,10.231317
GGAGGGCTTGGTTGGC-1-3,Wound30,3297.0,1653,3.9126477
GGAGTGCCGCCCTGGA-1-1,Wound30,6012.0,2174,4.8070526
GGATCATCCCGTACGC-1-2,Wound30,13543.0,4593,3.4704275
GGATCCGGAATATACT-1-3,Wound30,249.0,208,1.6064256
GGATCTTACTGCCCTT-1,Wound30,961.0,638,6.7637877
GGATGAAGATCGCTGA-1-1,Wound30,108.0,93,2.777778
GGATGACGCGAGTTTA-1-2,Wound30,7858.0,2519,8.182744
GGATGTCCTTACCGCA-1-3,Wound30,571.0,423,1.2259195
GGATTCAGTACGGTGG-1-1,Wound30,6710.0,2317,4.4411325
GGATTCCGCTATACCC-1-3,Wound30,559.0,413,2.5044723
GGATTGCTGTGACTCC-1-1,Wound30,496.0,347,15.322581
GGATTTCACTTCTATA-1-3,Wound30,580.0,431,2.0689654
GGCAAAGGCGCCAATA-1-1,Wound30,518.0,364,2.123552
GGCAAATTACTTTACT-1-3,Wound30,5430.0,2135,2.7071822
GGCAAGCCCATAGTGG-1-1,Wound30,434.0,315,6.221198
GGCAAGGCGAAATAGC-1-3,Wound30,659.0,475,0.9104704
GGCAATAGTCAATGAG-1-3,Wound30,944.0,650,3.7076273
GGCACTCCACTGGGCA-1-2,Wound30,9509.0,3027,6.351877
GGCATACAGGTAGCGG-1-2,Wound30,4229.0,1883,6.1953177
GGCATATCGGTTCTGC-1-3,Wound30,3874.0,1834,3.7945278
GGCCCTCACCCACTTA-1,Wound30,1160.0,704,4.051724
GGCCGAGACTCTGGTG-1-1,Wound30,2103.0,1243,8.273894
GGCCGTTTGGGTTTCA-1-1,Wound30,3343.0,1655,3.3801973
GGCGAAATCTAACTTG-1-3,Wound30,1244.0,774,6.0289392
GGCGCAGGACATCTTC-1,Wound30,1056.0,685,3.503788
GGCGCATGAATTGATG-1-3,Wound30,5486.0,2148,3.262851
GGCGCGGAGATCTTTC-1-2,Wound30,266.0,209,3.0075188
GGCGCGTTCGAGTTTA-1-3,Wound30,1973.0,1103,2.4835277
GGCGCTCCTCATCAAT-1,Wound30,1077.0,678,4.363974
GGCGGAGTAATATTAG-1-2,Wound30,10215.0,3361,6.1380324
GGCGGTAGGATCATTG-1-3,Wound30,3342.0,1746,4.2190304
GGCGTCCTATCCGCTG-1-1,Wound30,3837.0,1778,3.6486838
GGCTAAAGGGCGGGTC-1-2,Wound30,703.0,510,4.2674255
GGCTACTATACACTCC-1,Wound30,2800.0,1035,5.535714
GGCTATTAAGTTGTAT-1-2,Wound30,8891.0,2902,6.0285683
GGCTCCTCCACCTGTT-1-1,Wound30,2421.0,1112,8.42627
GGCTCGCGTTGAGGTA-1-2,Wound30,186.0,161,2.688172
GGCTCGTGCCACCAGC-1-1,Wound30,7789.0,2521,3.8002312
GGCTCTGCTCCAACGC-1-3,Wound30,1578.0,833,2.4081116
GGCTGAAATAGCAAAG-1-3,Wound30,182.0,151,1.6483518
GGCTTTCAATAAGGGT-1-2,Wound30,1033.0,561,7.4540176
GGGAACGGGAGGTTAG-1-2,Wound30,7625.0,2298,6.8852463
GGGAATGAGCCCTCAC-1-1,Wound30,16250.0,4588,5.8030767
GGGACCCGTATATCTT-1-1,Wound30,4295.0,1658,4.703143
GGGACTGCATAGATAG-1-3,Wound30,500.0,367,3.0
GGGAGAACTCACAGTA-1-3,Wound30,922.0,636,1.6268979
GGGAGGATGCCCGAAA-1-3,Wound30,10876.0,3348,6.4821625
GGGAGTTAATGAGGCG-1-3,Wound30,476.0,374,1.0504202
GGGATGGTCGTAACCG-1-2,Wound30,7969.0,2789,4.7810264
GGGATTTACCGCACCT-1-3,Wound30,236.0,197,3.8135593
GGGCAGAGCAATCGTT-1-2,Wound30,5477.0,1607,10.443673
GGGCCCGTCTTAAACA-1-3,Wound30,5178.0,2092,3.3217459
GGGCCGGCCGAAGTAC-1-3,Wound30,1609.0,923,4.0397763
GGGCGATATGTGTGAA-1-3,Wound30,11454.0,3293,3.5184216
GGGCGGCAAATGAATT-1-3,Wound30,4373.0,1804,2.103819
GGGCGGGTTCCCTACG-1-2,Wound30,8720.0,2560,5.642202
GGGCGGTCCTATTGTC-1-1,Wound30,334.0,262,5.6886225
GGGCGTACATTTATAT-1-1,Wound30,5250.0,2107,2.6857142
GGGCGTCACCACGTAA-1-3,Wound30,4985.0,1894,9.227683
GGGCGTCCACTGGCTC-1-3,Wound30,6816.0,2702,4.5921364
GGGCGTGGTTTCCCAG-1-1,Wound30,639.0,474,5.3208137
GGGCTATGATCGATGG-1-1,Wound30,4709.0,2007,6.434487
GGGCTCATCGAACCCA-1-3,Wound30,3876.0,1740,4.618163
GGGCTGCCTAGGGCGA-1-3,Wound30,512.0,406,2.5390625
GGGCTGGTTAGTCGCG-1-2,Wound30,12000.0,3243,4.7333336
GGGTACCCACGGTCCT-1-1,Wound30,351.0,259,6.5527067
GGGTACTTCATGAACT-1-2,Wound30,13596.0,3471,8.017064
GGGTATGTATGCACTT-1,Wound30,380.0,291,2.368421
GGGTCACCGTGACGGT-1-3,Wound30,8687.0,2900,5.836307
GGGTCAGGAGCTAGAT-1,Wound30,248.0,191,2.8225806
GGGTGACACCTTAACT-1-3,Wound30,6493.0,2458,3.97351
GGGTGTTTCAGCTATG-1-1,Wound30,5479.0,2217,4.8731523
GGGTTAACATTTGAGT-1-2,Wound30,3112.0,1447,4.562982
GGGTTCAGACGAACAA-1,Wound30,509.0,383,3.9292731
GGTACAAACATGCTAT-1-3,Wound30,978.0,594,1.6359918
GGTAGAAGACCGCCTG-1-3,Wound30,945.0,543,3.7037036
GGTAGACCGTTGGGCG-1-3,Wound30,1563.0,774,6.909789
GGTAGTGCTCGCACCA-1-3,Wound30,709.0,515,4.3723555
GGTATTGCCGAGTTTA-1-3,Wound30,10384.0,3163,3.8039289
GGTCAGTGGGTCCCAC-1-3,Wound30,4352.0,1963,3.975184
GGTCGGATAAACGGCG-1-2,Wound30,1049.0,704,3.0505245
GGTCGGCCAGGAGCTT-1-3,Wound30,3386.0,1740,6.5859423
GGTCGGTCGTCCACAG-1-1,Wound30,1926.0,1024,5.140187
GGTCTCTGAATGGACT-1,Wound30,1395.0,877,2.4372761
GGTCTGAGAATCTGGA-1-3,Wound30,284.0,231,2.112676
GGTCTTGAGCGCTCTT-1-1,Wound30,82.0,76,1.2195121
GGTGAAGTACAGGGAT-1,Wound30,6307.0,2185,5.3115587
GGTGAGATGCAGATAA-1-1,Wound30,6432.0,2413,4.4465175
GGTGATAAGGAGCAGT-1-3,Wound30,279.0,227,2.8673835
GGTGCGGATAAGTGGC-1-1,Wound30,12794.0,4083,4.19728
GGTGCTGGTACACATT-1-1,Wound30,11511.0,3424,3.85718
GGTGGACTGCTCTGGC-1-3,Wound30,218.0,179,0.9174312
GGTTACCACCCTCGGG-1,Wound30,1941.0,827,5.615662
GGTTAGCTATATGTCT-1-3,Wound30,484.0,372,5.1652894
GGTTAGGCTTGGAGAA-1-1,Wound30,4521.0,1905,2.676399
GGTTTAATTACCATCG-1-1,Wound30,3108.0,1430,6.4028316
GGTTTACAATCTCAAT-1-3,Wound30,5746.0,2074,4.089802
GGTTTCAATCGGTCAG-1-3,Wound30,168.0,129,1.1904762
GTAACTGCCCAAGGAG-1,Wound30,405.0,293,4.691358
GTAAGCGGGCAGTCAG-1-1,Wound30,6933.0,2576,2.6683974
GTAAGTAACAGTCTGG-1-3,Wound30,200.0,168,2.0
GTAAGTAGGGTATACC-1-1,Wound30,7361.0,2623,3.885342
GTAATCTGATTCTTCG-1-3,Wound30,7198.0,2869,2.8480134
GTACACTTACCTGAAG-1-3,Wound30,1960.0,1076,2.9591837
GTACAGAGGCAAGGGT-1-3,Wound30,447.0,323,2.6845639
GTACGAGATTGCGACA-1-1,Wound30,4792.0,1837,2.21202
GTACGCTTCATTGCAC-1-3,Wound30,293.0,247,1.0238909
GTACGTTTGCCCGTCA-1-3,Wound30,5274.0,2035,5.6124387
GTACTAAGATTTGGAG-1-2,Wound30,1754.0,1025,2.4515395
GTACTCCCTTATCGCT-1,Wound30,1003.0,697,3.888335
GTACTCCTGGGTATGC-1-2,Wound30,226.0,190,3.539823
GTACTGGAGTTAGACC-1-3,Wound30,3090.0,1616,4.271845
GTACTTGGGCACTTCT-1-1,Wound30,6319.0,2155,3.7189429
GTAGACACGCCTGACT-1-1,Wound30,182.0,145,4.3956046
GTAGAGGGAGACAAGT-1,Wound30,241.0,193,2.074689
GTAGCCAAACATGGGA-1-3,Wound30,394.0,310,0.2538071
GTAGCGGCTATACACT-1-3,Wound30,804.0,541,0.99502486
GTAGCTCCGGGAGGCT-1,Wound30,1056.0,727,5.3977275
GTAGCTTCCTCTTGTT-1-3,Wound30,194.0,168,2.0618556
GTAGGTGATCCGTGTA-1-3,Wound30,6553.0,2365,4.5017548
GTAGTCGCGGGAATCA-1-3,Wound30,165.0,143,1.8181818
GTAGTTCGAAGGCGAA-1,Wound30,2904.0,1353,7.2658405
GTATAGGACTCAGTAG-1-1,Wound30,6119.0,2192,3.121425
GTATCAGCTTGGGTTC-1-1,Wound30,8303.0,2774,3.986511
GTATCTTTCATAACCA-1-3,Wound30,686.0,503,1.0204082
GTATGTGGGTCTAGTT-1-2,Wound30,290.0,230,3.1034482
GTATTAAGGCGTCTAA-1-1,Wound30,1639.0,978,2.623551
GTATTCTGAGAAACGA-1-2,Wound30,2899.0,1537,1.5177648
GTCAAGCGGACTCGGG-1-3,Wound30,555.0,422,2.7027028
GTCACTCTCCAAATCT-1-1,Wound30,1005.0,681,2.0895522
GTCAGAATAGTCTATG-1-1,Wound30,1212.0,821,2.970297
GTCATGCACCTCCGTT-1-3,Wound30,5206.0,2100,2.0553207
GTCATGGACATGACTA-1-3,Wound30,1253.0,763,2.2346368
GTCATTAGAGCGAACG-1-3,Wound30,773.0,528,2.32859
GTCCAATATTTAGCCT-1,Wound30,1048.0,624,7.919847
GTCCCAACGTAAAGTA-1-3,Wound30,499.0,382,2.204409
GTCCCGCGACGTTATG-1-2,Wound30,530.0,380,0.754717
GTCCGGACCTGAAATT-1-3,Wound30,365.0,268,1.6438355
GTCCGGCTGAATTGCG-1-2,Wound30,8338.0,2986,4.0897098
GTCCTACGAATAGTCT-1-3,Wound30,397.0,312,1.0075567
GTCGCCGTTGTGTGTT-1-1,Wound30,5199.0,1988,5.1933064
GTCGCGTAACCCGTTG-1-3,Wound30,1656.0,1036,4.468599
GTCGGATATCTCAGAC-1-2,Wound30,4745.0,1891,7.2708116
GTCGGATGTAGCGCGC-1-3,Wound30,6128.0,2176,4.7160573
GTCGGGAAGCAGAAAC-1-2,Wound30,1210.0,595,6.1157026
GTCGTACCATCTCGGG-1-3,Wound30,986.0,652,1.622718
GTCGTATTGGCGTACA-1-2,Wound30,455.0,338,4.6153846
GTCGTTATTCGCTTAT-1-3,Wound30,189.0,167,2.1164021
GTCTATCTGAGTTTCT-1-2,Wound30,8555.0,2617,4.7340736
GTCTATTGGTTCCGGT-1-3,Wound30,115.0,102,2.6086955
GTCTCAAGGCCCGGCT-1-2,Wound30,646.0,387,6.1919503
GTCTCGATCTGCTTTC-1-3,Wound30,2878.0,1544,3.8568451
GTCTGGGCGGTCGAGA-1-2,Wound30,7774.0,2610,5.6084385
GTGAAACGGCGCCACC-1-3,Wound30,1789.0,1037,2.7948575
GTGAAGATTTCAAGTG-1-2,Wound30,1109.0,698,3.7871957
GTGAAGCCGTATAGTC-1-1,Wound30,754.0,514,4.7745357
GTGACAGCTTCCCACT-1,Wound30,1080.0,661,8.425925
GTGACCGCACACTACG-1-3,Wound30,328.0,236,4.8780484
GTGACTTCAGTAGTGC-1-3,Wound30,7309.0,2341,6.4988365
GTGAGCGTGCTGCACT-1,Wound30,352.0,273,1.9886364
GTGAGGACACTTAAGG-1-3,Wound30,280.0,247,4.2857146
GTGAGTGGTACAACGC-1-3,Wound30,8841.0,2805,7.5670176
GTGATCACTAACGCCT-1,Wound30,241.0,198,6.6390047
GTGATCATAGATCTGC-1-3,Wound30,4524.0,1867,3.5587974
GTGATTCGCCGCTCAA-1-2,Wound30,3383.0,1626,1.7144547
GTGCAACAAATGTGGC-1-1,Wound30,654.0,467,3.5168197
GTGCACCAGCTTCAAC-1,Wound30,353.0,270,6.798867
GTGCACGAAAGTGACT-1-1,Wound30,4622.0,1889,3.0938988
GTGCCCGTTCGGATTC-1-3,Wound30,482.0,345,3.3195024
GTGCCGCTTCAAAGGT-1-2,Wound30,11212.0,3092,8.455227
GTGCGAAATCGAACAC-1-2,Wound30,7480.0,2325,5.4946523
GTGCGACAGGGAGTGT-1-1,Wound30,125.0,107,4.0
GTGCGGGTCTCCAAAT-1-1,Wound30,9948.0,2892,3.0458384
GTGCGTGTATATGAGC-1-3,Wound30,647.0,486,2.472952
GTGCTCAAGTACTGTC-1-3,Wound30,11203.0,3075,4.355976
GTGGAACCTACATGCG-1-2,Wound30,12440.0,4164,3.0064309
GTGGACGCATTTGTCC-1-3,Wound30,616.0,449,0.8116883
GTGGACGTGCTGAGAC-1-1,Wound30,5824.0,2164,3.8633242
GTGGAGTCGGCGGTTG-1-1,Wound30,4623.0,1678,7.332901
GTGGGCTTAGACACAC-1-2,Wound30,6604.0,2396,5.8903694
GTGGTATAGTCTGCCG-1,Wound30,4245.0,1765,4.5936394
GTGGTGGCCAAGTGAA-1-3,Wound30,297.0,234,2.3569024
GTGTACCTTGGCTACG-1-3,Wound30,810.0,574,2.5925925
GTGTATATCAGCGGGC-1-2,Wound30,62.0,53,1.6129031
GTGTCGTATAGCGTTC-1-3,Wound30,240.0,194,3.3333335
GTGTGAATAACTTAGG-1-3,Wound30,2093.0,1231,5.3989487
GTGTTACTATGCGTCC-1-3,Wound30,438.0,349,1.369863
GTTAAAGTAGGACTGG-1-3,Wound30,188.0,152,0.5319149
GTTAACATCACTTAAA-1-3,Wound30,123.0,109,4.0650406
GTTAAGGGTGCGATGT-1-2,Wound30,1192.0,629,6.8791947
GTTACAATTGGTGACG-1-2,Wound30,6201.0,2224,7.9180775
GTTACCTACAACTTGC-1-3,Wound30,285.0,231,3.1578946
GTTACTTTGGGCCTAG-1-3,Wound30,5037.0,2085,2.938257
GTTATATTATCTCCCT-1-3,Wound30,5916.0,2714,3.9384718
GTTCACAGGAGTCTAG-1-2,Wound30,2955.0,1437,3.9593909
GTTCCAGTCTGACCAT-1-1,Wound30,5124.0,1987,3.8446527
GTTCGCCATAAGTGCC-1-3,Wound30,3750.0,1680,2.2933335
GTTCGTCTAAAGAACT-1-3,Wound30,236.0,199,3.3898306
GTTCTTCCCTCGATGT-1,Wound30,16069.0,4832,2.2714543
GTTGAACCGGTTCCAT-1-2,Wound30,9522.0,2587,5.8706155
GTTGAGTCCCGCCGGT-1-3,Wound30,104.0,92,2.8846154
GTTGCACGGAGTTTCG-1-1,Wound30,3433.0,1431,2.7381299
GTTGGATTCAGTGGCT-1-1,Wound30,5100.0,2382,3.745098
GTTGGATTGAGAACAC-1-3,Wound30,271.0,215,3.6900368
GTTGGATTTGCGTTGG-1-3,Wound30,5533.0,1961,5.40394
GTTGGTCATGCTATCC-1-3,Wound30,753.0,507,1.5936255
GTTGTCGTGTTAGTTG-1,Wound30,9441.0,3377,2.5209193
GTTTACGTTCCATCTG-1-3,Wound30,1991.0,1158,3.2144651
GTTTCATATCGTCGCT-1-1,Wound30,3501.0,1348,7.197943
GTTTCCTGGAGGGTGA-1-1,Wound30,8253.0,2749,3.8289108
GTTTCTGCAGTCTCCC-1-3,Wound30,494.0,384,2.631579
GTTTGACCAAATCCTA-1-3,Wound30,7668.0,2713,4.342723
GTTTGGCCCAAGTTAT-1-3,Wound30,1894.0,941,5.2798314
GTTTGGGCTTGTGAGC-1-3,Wound30,223.0,187,1.3452915
GTTTGGTAGGGTCAAC-1-3,Wound30,7382.0,2335,8.669737
GTTTGGTGATCGGTGC-1,Wound30,186.0,161,9.139785
TAAACCCAGGAGGGCA-1-1,Wound30,3144.0,1468,2.8307889
TAAAGCGGTATTTCCA-1-1,Wound30,1931.0,860,7.301916
TAAAGCGTTAGGAGAA-1-3,Wound30,987.0,679,2.431611
TAAAGCTGCAATAGGG-1-2,Wound30,1869.0,1146,4.2803636
TAAATGAATCCGTTTC-1-1,Wound30,659.0,479,3.1866465
TAACAAAGGGAGAAGC-1-1,Wound30,7778.0,2922,3.4841862
TAACAGCGTTTGTGCT-1-1,Wound30,931.0,594,8.378088
TAACATACAATGTGGG-1-3,Wound30,609.0,455,1.4778326
TAACCTACCGTCCGAG-1-1,Wound30,50.0,44,2.0
TAACGCTTTGAGAGCG-1,Wound30,494.0,363,2.2267206
TAACTATCGAAGGTCC-1-1,Wound30,3557.0,1759,3.8234468
TAACTCATCCGCGCGG-1-3,Wound30,9226.0,2944,5.9939303
TAACTCCATGGAGGCT-1-1,Wound30,3473.0,1754,3.3688452
TAAGGAACTTGTGGGA-1-1,Wound30,8124.0,2946,3.9389465
TAAGGCAACATAAGAT-1-3,Wound30,9241.0,3028,4.999459
TAAGGCATAACATCAA-1-1,Wound30,2378.0,1212,4.1211104
TAAGGCCCGTCACCCT-1-2,Wound30,3028.0,1178,7.4306474
TAAGGCTGAATCCCTC-1-1,Wound30,96.0,90,0.0
TAAGTAACATCTTGAC-1-2,Wound30,7638.0,2588,4.0717463
TAAGTCGCCGAGTATC-1,Wound30,591.0,419,2.7072759
TAAGTTGCGACGTAGG-1-1,Wound30,512.0,388,7.6171875
TAATAAACAAGGAGAT-1-3,Wound30,3613.0,1803,4.898976
TAATACACAGTAGTAT-1-2,Wound30,10554.0,3428,3.913208
TAATAGAACAGAGTTA-1-1,Wound30,3531.0,1679,3.3418293
TAATAGTGACGACCAG-1-3,Wound30,291.0,233,3.4364262
TAATATTGAAATTCGC-1-1,Wound30,6934.0,2600,3.807326
TAATCGATCCGTACGT-1-2,Wound30,1909.0,1080,3.876375
TAATTGGAATCGGGAA-1-2,Wound30,10170.0,3493,3.6283188
TACAACGCACAACTCA-1-2,Wound30,8286.0,2717,3.2343712
TACAAGTCTCGTGCAT-1,Wound30,1464.0,960,5.2595625
TACAGAAACGGTGGGC-1-1,Wound30,878.0,574,9.453302
TACATAGGCATACACC-1-3,Wound30,5238.0,2271,2.100038
TACATTTCTAACGTGC-1-3,Wound30,1750.0,919,1.2
TACCAAATAGCCCAGA-1-2,Wound30,1120.0,588,4.553571
TACCAATAAAGTACCA-1-3,Wound30,166.0,138,1.2048192
TACCAGAAGTAGGTTC-1-3,Wound30,6691.0,2091,8.399343
TACCGCGGACTTGCAG-1-2,Wound30,141.0,120,7.092199
TACCGGCTCACTGCCC-1-3,Wound30,791.0,552,0.505689
TACCGGTCGTTTCCAT-1-1,Wound30,4639.0,1104,5.432205
TACCGTAGGTTAACTA-1-1,Wound30,3661.0,1427,8.030593
TACCGTGCCTCGGACC-1-3,Wound30,214.0,175,2.3364487
TACCTACTCCCAGTAT-1-2,Wound30,739.0,428,5.1420836
TACCTCACGCTTGTAC-1,Wound30,5824.0,2302,3.8804944
TACCTCAGTTGTCTGT-1-1,Wound30,3533.0,1498,5.9156528
TACCTTAAGATTTCCC-1,Wound30,5320.0,1866,7.011278
TACGAACACGACTTCA-1-1,Wound30,9658.0,2950,4.2451854
TACGACGCTTGCTGCG-1-3,Wound30,5132.0,2098,3.0787218
TACGACTGCCTCTTAG-1-3,Wound30,3954.0,1884,3.6671724
TACGAGAACTTCACGT-1-2,Wound30,8633.0,2717,5.6179776
TACGATGTTGATCATC-1-2,Wound30,4239.0,1849,4.9539986
TACGCAGTTCTTTCCT-1-3,Wound30,3818.0,1748,2.0429544
TACGCCATATTCTAAT-1-3,Wound30,5283.0,2014,3.2178686
TACGCCGAGGGTACCC-1-1,Wound30,563.0,406,1.0657194
TACGCCTCCATTCCGA-1-2,Wound30,4206.0,1388,6.990014
TACGGGATGCTAGCAG-1-3,Wound30,2343.0,1329,4.353393
TACGTACTAGTGCTGA-1,Wound30,7836.0,2351,9.737111
TACGTGCACTATGCTG-1-1,Wound30,6533.0,2501,3.3828254
TACGTTTACCGGCAAT-1-1,Wound30,7879.0,2292,5.965224
TACTATGGTTCCTCAG-1-1,Wound30,2610.0,1230,2.5287356
TACTCCTCTAGTTGAC-1,Wound30,509.0,371,6.4833007
TACTCTCCGAACAAAT-1-3,Wound30,1079.0,743,3.6144576
TACTCTTTCGTCTTCA-1-1,Wound30,1157.0,711,4.3215213
TACTGAACAGATTTAG-1-1,Wound30,3810.0,1665,3.2283466
TACTGCAATCAATTAC-1-2,Wound30,508.0,380,1.968504
TACTGGACAGCTCGGC-1,Wound30,318.0,248,2.5157232
TACTTGTTAGTAGTCC-1-3,Wound30,537.0,412,3.1657357
TACTTTACTGAGCCGG-1-2,Wound30,386.0,298,1.8134716
TAGAAAGGTGGCGCTA-1-3,Wound30,302.0,245,4.9668875
TAGACGAAACGCCAAT-1-1,Wound30,888.0,528,6.0810814
TAGACGCCCGTACCGG-1-3,Wound30,188.0,161,2.6595745
TAGAGATCATGCAACT-1-1,Wound30,522.0,337,10.91954
TAGAGCTACGAAGAAC-1,Wound30,214.0,170,1.8691589
TAGAGGTTCTACTTGT-1-1,Wound30,79.0,66,12.658228
TAGAGTCTAAGCGAAC-1-2,Wound30,5882.0,2204,4.097246
TAGATATGGACTGGAA-1-3,Wound30,5796.0,2020,9.247757
TAGATTCCTGGTTATT-1,Wound30,71.0,65,1.4084507
TAGCAACCTGTCACAA-1,Wound30,748.0,510,4.0106955
TAGCCATTTCAAAGTC-1-3,Wound30,261.0,207,2.2988505
TAGCCGGCGGTCAGCG-1-3,Wound30,594.0,438,7.912458
TAGCGTCCGGTGTGGT-1-3,Wound30,130.0,110,2.3076923
TAGCGTTGGGTCTTAC-1-3,Wound30,711.0,491,2.1097047
TAGCTAAGTCCGGGAG-1-3,Wound30,9752.0,3013,4.2657914
TAGCTAGAAGGCATGA-1-3,Wound30,3840.0,1482,8.489583
TAGCTAGTGATGATGG-1-1,Wound30,6323.0,1966,9.346829
TAGCTCGCCTGATAAC-1-3,Wound30,2654.0,1335,1.9593067
TAGGCATGTTACGCCA-1-3,Wound30,1474.0,866,3.799186
TAGGGAGCTTGGGATG-1-2,Wound30,131.0,107,1.5267175
TAGGGTGTTTCAAGAG-1-1,Wound30,2644.0,1316,2.5340393
TAGGTCCAAGTAAGGA-1,Wound30,570.0,428,3.3333335
TAGGTCGCCGGAACTG-1-2,Wound30,70.0,58,2.857143
TAGGTGACGATAACCT-1-2,Wound30,1013.0,666,8.193484
TAGGTGAGCCCTACTC-1-1,Wound30,2532.0,1375,2.8436017
TAGGTGCTCGCCTAGC-1-3,Wound30,517.0,407,2.9013538
TAGGTGTTCCACAGAT-1-1,Wound30,1121.0,662,6.779661
TAGGTTCGAGTTCGTC-1-3,Wound30,386.0,303,0.5181347
TAGTACCTTAGTGGTC-1,Wound30,333.0,251,3.6036036
TAGTAGCTTATACCAG-1-1,Wound30,3881.0,1556,6.6735377
TAGTCCCGGAGACCAC-1,Wound30,211.0,177,5.6872034
TAGTCCGCAGAGAATG-1-3,Wound30,1762.0,951,1.8161181
TAGTCGATCACGGGTT-1-2,Wound30,178.0,154,2.247191
TAGTCTAACAACGAGA-1-1,Wound30,7919.0,2498,9.344614
TAGTCTGTGACGTTGC-1-2,Wound30,382.0,308,3.6649215
TAGTGCCCTCCAGAGT-1-2,Wound30,7599.0,2644,4.0268455
TAGTTTATTCTTGCTT-1,Wound30,249.0,200,5.62249
TATAAATCCACAAGCT-1-1,Wound30,9185.0,2761,4.01742
TATAAGTGAGGATAGC-1-1,Wound30,6418.0,2358,3.5680897
TATACACAGACGCCTT-1-3,Wound30,803.0,564,1.618929
TATACACGCAAAGTAT-1-1,Wound30,8182.0,2861,4.1432414
TATACGCGTCATCACT-1-2,Wound30,1602.0,764,4.993758
TATAGAGTCGCTTGAA-1,Wound30,235.0,100,4.255319
TATATAGGGCTTTACG-1,Wound30,246.0,201,10.162601
TATATCCCTGGGAGGA-1-2,Wound30,166.0,138,2.4096384
TATATTACAAATGTCG-1-2,Wound30,1426.0,797,4.6984572
TATCACCCAACCGACC-1-2,Wound30,510.0,372,4.7058825
TATCACTTCGAGTAAC-1-2,Wound30,4359.0,1980,3.3723333
TATCCAATTGGTTATC-1-3,Wound30,264.0,219,1.5151515
TATCCATATCATGCGA-1-1,Wound30,4700.0,1682,3.7659574
TATCCGCACCGTCGGG-1-1,Wound30,4473.0,1528,5.141963
TATCCTGCATGGGAAT-1,Wound30,8040.0,2490,1.0199004
TATCGATCTATGCATA-1-3,Wound30,1485.0,926,3.771044
TATCGATGATTAAACG-1-1,Wound30,7527.0,2760,3.4542315
TATCTACAGAGGTAAT-1,Wound30,355.0,278,2.8169014
TATCTACCACAGCGGG-1-3,Wound30,7379.0,2552,2.859466
TATGCTCCCTACTTAC-1-2,Wound30,3165.0,1738,2.085308
TATGGATGTGCTACGC-1-2,Wound30,1379.0,790,1.8129078
TATGGCCCGGCCTCGC-1-1,Wound30,399.0,310,1.754386
TATGGGACCGAGCAGG-1-3,Wound30,2457.0,1258,2.4827025
TATGGGTACGTATCGT-1-2,Wound30,1923.0,1093,1.8200728
TATGGTCTGAGTAACA-1-3,Wound30,3864.0,1698,3.6490684
TATGTAAAGTGCTTAA-1,Wound30,449.0,313,6.6815147
TATGTCAAGACCGACT-1-3,Wound30,1389.0,832,3.4557235
TATGTCTCATTGTGCC-1-3,Wound30,158.0,142,4.43038
TATTAACCTGACCGCG-1-1,Wound30,2053.0,1064,2.4354603
TATTACCATCCTGCTT-1-2,Wound30,96.0,86,3.125
TATTCAATTCTAATCC-1-3,Wound30,300.0,247,4.6666665
TATTCCACTCAGCTCG-1-3,Wound30,1990.0,1182,1.1557789
TATTCCGAGCTGTTAT-1-3,Wound30,500.0,373,1.2
TATTCCTCCGCCCACT-1,Wound30,3593.0,1464,4.7035904
TATTCGTGCCAGAATA-1-3,Wound30,889.0,615,4.1619797
TATTTAGTCTAGATCG-1-1,Wound30,5099.0,1986,2.90253
TATTTATACCGAGTAG-1-2,Wound30,6186.0,2122,3.928225
TATTTGTTACCCTTTA-1-1,Wound30,11275.0,3263,3.1485586
TCAAACAACCGCGTCG-1-1,Wound30,2353.0,1288,2.1249468
TCAAACTTAGATTGTT-1-3,Wound30,818.0,561,3.9119806
TCAAATTTGAGACTCA-1-2,Wound30,184.0,154,3.2608695
TCAACAAAGATAATTC-1,Wound30,2424.0,1336,4.372937
TCAACATAGCGCCCTA-1-1,Wound30,4094.0,1717,3.6883242
TCAACCATGTTCGGGC-1-2,Wound30,6153.0,2318,2.9904113
TCAACGAGGAGACAAA-1-3,Wound30,6365.0,2442,5.451689
TCAACGCAGGAAATAA-1,Wound30,2568.0,1158,5.101246
TCAACGCGACCGGCAG-1-1,Wound30,614.0,451,3.5830622
TCAATACGCCGTCATG-1-1,Wound30,99.0,88,5.050505
TCACAGCAAACTCGAA-1-3,Wound30,4847.0,1969,9.572931
TCACAGGAGAATAAGA-1-1,Wound30,3254.0,1585,2.3048556
TCACAGGGAATCGCAA-1-3,Wound30,197.0,160,1.0152284
TCACAGGTTATTGGGC-1-2,Wound30,8191.0,2684,5.689171
TCACCCTCTTAAGATT-1-3,Wound30,3689.0,1757,3.0360532
TCACCGCTCGGCACTC-1-2,Wound30,225.0,191,4.0
TCACGATGTCCGTGGA-1,Wound30,2485.0,1194,4.0643864
TCACGCATTGTAGATC-1-2,Wound30,8582.0,2793,6.070846
TCACGGTCATCGCACA-1-1,Wound30,5971.0,2265,2.780104
TCACGTGCCCGATTCA-1-3,Wound30,5644.0,2213,4.6952515
TCACTCGTGCAACGGC-1-1,Wound30,14758.0,4527,3.9571757
TCAGACGCTATAGAAG-1-3,Wound30,524.0,402,1.3358778
TCAGCAAATGCATCTC-1-3,Wound30,676.0,488,2.366864
TCAGCAGTAGGCCCTG-1,Wound30,8013.0,2540,10.121054
TCAGGGTGTAACGTAA-1-3,Wound30,500.0,386,1.6
TCAGGTTCTTTGAGAA-1-2,Wound30,13630.0,3675,4.475422
TCAGTACTGACCCGCG-1-1,Wound30,4402.0,1946,2.3171284
TCAGTAGGGACTATAA-1-3,Wound30,10170.0,3091,6.2536874
TCAGTGTATACGTCAT-1-1,Wound30,1027.0,646,1.5579357
TCATACTTACAGATCC-1,Wound30,320.0,237,3.125
TCATATGAGCTTTGTT-1-1,Wound30,63.0,58,3.1746035
TCATCACTCGAGCTCG-1-1,Wound30,6403.0,2455,3.9981258
TCATCGATGGTCCCAA-1,Wound30,1546.0,883,6.9857693
TCATGCAGGTTCTCAT-1-3,Wound30,1502.0,921,4.2609854
TCATTTAAGTCTCCGA-1-2,Wound30,103.0,95,5.825243
TCCAACTTTAAATTCT-1-2,Wound30,12990.0,3297,5.134719
TCCAATAAAGGCTACC-1-1,Wound30,413.0,298,5.5690074
TCCACAATGGTTTACG-1-2,Wound30,6431.0,2270,4.913699
TCCACCTCTAGCCTTT-1-1,Wound30,4509.0,1547,8.893325
TCCACTTTATCTAGGT-1-3,Wound30,311.0,269,2.8938906
TCCAGAGCACCGGTTC-1-3,Wound30,1759.0,1091,1.0233086
TCCAGGCGAGTACGGT-1-3,Wound30,5831.0,2197,2.2466128
TCCAGGGTATATACGA-1-2,Wound30,780.0,482,6.7948723
TCCCAAACAGACAACG-1-1,Wound30,620.0,417,6.6129026
TCCCAAAGACGAAGGA-1-2,Wound30,3584.0,1764,2.483259
TCCCAGCTTTAGTCTG-1-3,Wound30,2564.0,1331,2.3400936
TCCCAGGCTTAGCTAA-1-1,Wound30,9826.0,3275,4.3049054
TCCCGCGTACTCCTGG-1-3,Wound30,788.0,554,3.4263961
TCCCGGGTGTGCTGCT-1-2,Wound30,3775.0,1517,7.3112583
TCCCGTCAGTCCCGCA-1-3,Wound30,8631.0,2658,2.7922604
TCCCGTGTGCAATTTG-1-3,Wound30,2879.0,1291,4.411254
TCCCTGGCTCGCTGGA-1,Wound30,449.0,361,2.0044544
TCCCTTAGATTACTCG-1-3,Wound30,976.0,634,2.2540982
TCCGATAATTGCCATA-1,Wound30,7180.0,2792,3.1197772
TCCGATGACTGAGCTC-1-3,Wound30,3867.0,1891,3.6462374
TCCGATGGTGCGACAT-1-2,Wound30,6957.0,2565,3.0329163
TCCGATTACATTGCCG-1-1,Wound30,1620.0,1002,2.345679
TCCGCCTGTCTACAAG-1-3,Wound30,72.0,69,5.555556
TCCGCGGCAGCATCTG-1-3,Wound30,736.0,554,2.5815217
TCCGCTGTCATCCCGG-1-3,Wound30,122.0,107,0.0
TCCGCTTATCCCATTA-1-3,Wound30,329.0,252,2.7355623
TCCGGCCTAGCGTACA-1-2,Wound30,151.0,125,2.6490066
TCCGGTTCGTCCGGTC-1-3,Wound30,8387.0,2527,10.456659
TCCGTTTAGCCTTGAA-1-3,Wound30,200.0,164,5.0
TCCTAAATTGGGAAGC-1-3,Wound30,95.0,88,1.0526316
TCCTAACCGTCGGGCA-1-1,Wound30,8138.0,2386,7.5940037
TCCTACATCCACGGCC-1-3,Wound30,170.0,145,4.7058825
TCCTAGCAAAGAAGCT-1-2,Wound30,9432.0,2915,4.0712466
TCCTCGGGCTGGGCTT-1-3,Wound30,1084.0,743,3.874539
TCCTCTACGAGATGGC-1-1,Wound30,1240.0,801,3.6290321
TCCTGCGTTGATACTC-1,Wound30,2773.0,1427,6.2026687
TCCTTACGACGGTCCG-1-2,Wound30,248.0,201,1.2096773
TCCTTCAGTGGTCGAA-1-1,Wound30,15989.0,4567,3.5211709
TCCTTTCTTACGCTTA-1-3,Wound30,2715.0,1375,2.504604
TCGAAATTTAGGACCA-1-2,Wound30,5880.0,2163,2.5170066
TCGAAGAACCGAGCAC-1,Wound30,57.0,53,1.754386
TCGAATATCCCGCAGG-1-1,Wound30,1188.0,695,4.2087545
TCGAGACCAACACCGT-1-3,Wound30,3742.0,1680,1.737039
TCGAGCCAGGCAGGCC-1-1,Wound30,1125.0,718,1.0666666
TCGCAAAGATGCATTT-1-3,Wound30,436.0,333,0.6880734
TCGCACCAGGAGGCAG-1-3,Wound30,494.0,370,0.60728747
TCGCATCCCTAAGTGT-1-1,Wound30,13365.0,4113,3.7785263
TCGCCGAAGTTGCGTC-1-1,Wound30,5014.0,1738,7.43917
TCGCCGGTCGATCCGT-1-1,Wound30,8163.0,2651,3.601617
TCGCGTCCAGAAGGTC-1,Wound30,270.0,232,0.7407407
TCGCTAAACCGCTATC-1-3,Wound30,1012.0,709,2.4703557
TCGCTCGATATATTCC-1-3,Wound30,4259.0,1927,2.794083
TCGCTGGGCGGATTGT-1-3,Wound30,787.0,553,1.5247777
TCGCTGTGCGTAAATC-1-1,Wound30,7136.0,2553,3.9658074
TCGCTTTAAACGTTTG-1-3,Wound30,1657.0,892,3.3796017
TCGGAATGCGCTCTGA-1,Wound30,314.0,248,4.77707
TCGGACGCCCAGCCCA-1-3,Wound30,2215.0,1231,2.5282166
TCGGAGAGTATCGGGA-1-1,Wound30,581.0,418,6.884681
TCGGAGTACATGAGTA-1-3,Wound30,705.0,514,2.6950355
TCGGGAGACAGCGTAC-1-2,Wound30,81.0,71,1.2345679
TCGGGCCGTCGTGGTA-1-3,Wound30,118.0,104,2.5423727
TCGTAAGACGACATTG-1-3,Wound30,852.0,532,2.112676
TCGTACCGACGTCAAG-1,Wound30,340.0,265,8.823529
TCGTATTACCCATTGC-1,Wound30,396.0,313,1.7676767
TCGTCAAGTACGCGCA-1-1,Wound30,2934.0,1363,3.0334015
TCGTCCGCTGGCGTCT-1-1,Wound30,10230.0,2851,3.489736
TCGTCTTAGGCGTTAA-1-3,Wound30,116.0,100,2.586207
TCGTGTACTATGGATG-1-3,Wound30,3.0,3,33.333336
TCGTGTCACGCTGACA-1-1,Wound30,383.0,291,4.699739
TCGTTAGGAGTCCCTA-1-3,Wound30,5900.0,2112,9.220339
TCGTTGCTATCCGGTC-1-2,Wound30,5114.0,2142,2.2096207
TCTACCGTCCACAAGC-1-3,Wound30,485.0,374,5.1546392
TCTAGCATCTTCGATG-1-1,Wound30,4519.0,1856,2.8103561
TCTAGCATGCCCAGAA-1-3,Wound30,288.0,248,3.8194444
TCTAGGTGGCGACGCT-1-2,Wound30,166.0,138,3.0120482
TCTAGTGATATCGTGG-1,Wound30,79.0,72,3.7974682
TCTAGTTATCAGAAGA-1-3,Wound30,5140.0,2021,3.151751
TCTATCATGCAGTTAC-1-1,Wound30,9965.0,2997,3.2814853
TCTATCGGTCGCAACA-1-2,Wound30,2396.0,1233,1.9616027
TCTATTACGCTGGCGA-1-1,Wound30,1790.0,951,3.6871507
TCTCATGAGATAGGGT-1-3,Wound30,348.0,272,1.7241379
TCTCCAACGTAGGTTA-1-3,Wound30,1104.0,725,2.807971
TCTCCCTGGGCAGCGT-1-3,Wound30,155.0,135,1.9354839
TCTCTAATAGCTGGTA-1-1,Wound30,7552.0,2578,3.7076273
TCTCTTACCGCGAACC-1,Wound30,911.0,498,4.500549
TCTGAACCGGTCGGCT-1-1,Wound30,9612.0,3341,3.7349145
TCTGAACTCGTACCCG-1-1,Wound30,248.0,201,2.4193547
TCTGAAGCACGTGGTC-1-2,Wound30,92.0,83,2.173913
TCTGAATTCCGTACAA-1-2,Wound30,192.0,157,3.6458333
TCTGATGTATTCTGTC-1-3,Wound30,125.0,111,1.6
TCTGCCAGAAACTGCA-1-3,Wound30,471.0,382,3.3970277
TCTGCGTCCGGTTTCT-1,Wound30,404.0,309,5.940594
TCTGGGAACCTTTGAA-1,Wound30,106.0,92,1.8867924
TCTGGGTAGCGCTCAT-1-2,Wound30,7437.0,2439,10.27296
TCTGTGCCATCATAGT-1-3,Wound30,450.0,365,4.0
TCTGTTACCCAGCATA-1,Wound30,1050.0,733,1.7142856
TCTTACAGAGGTACCG-1-1,Wound30,15975.0,4469,3.3051643
TCTTACCGGAACTCGT-1-3,Wound30,406.0,319,3.9408867
TCTTACGGCATCCGAC-1-1,Wound30,562.0,384,3.9145908
TCTTACTTATGCCTCT-1-1,Wound30,1805.0,1041,6.8144045
TCTTAGAGTGAACTCT-1,Wound30,140.0,120,8.571429
TCTTCCCATGGGCACA-1-2,Wound30,143.0,125,2.097902
TCTTCGAATAGACGTT-1-3,Wound30,1128.0,748,1.8617021
TCTTCGATACCAATAA-1-3,Wound30,398.0,314,1.2562814
TCTTGATGCGTAGCGA-1-3,Wound30,1984.0,1132,1.9657258
TCTTGCTCCCGATACT-1-1,Wound30,195.0,168,2.0512822
TCTTGGTAACACCAAA-1-2,Wound30,9007.0,2926,3.1308982
TCTTTAAGACTATGAA-1-2,Wound30,148.0,128,4.054054
TGAAAGGACCTGACTC-1-3,Wound30,640.0,493,1.71875
TGAACAAGCAGGGACT-1,Wound30,1356.0,861,4.7197638
TGAATGAGTGTTTCCC-1,Wound30,657.0,442,2.739726
TGACACTTCTCTTTGC-1-1,Wound30,11378.0,3799,3.2782562
TGACATCGAGCGGACC-1-1,Wound30,60.0,56,1.6666667
TGACCAAATCTTAAAC-1-1,Wound30,351.0,258,4.8433046
TGACCCACGTTAGACA-1-2,Wound30,11331.0,3283,4.889242
TGACGAATATTTCCCT-1-1,Wound30,413.0,304,9.200969
TGACGATGCACTAGAA-1-2,Wound30,272.0,212,2.9411764
TGACTATAATCCTTTC-1-3,Wound30,550.0,411,1.8181818
TGAGAATGCTTTACCG-1-1,Wound30,6407.0,2247,3.6210396
TGAGAGATTTACCACG-1-2,Wound30,245.0,214,2.4489796
TGAGATTAGGCCCTAA-1-1,Wound30,8595.0,3455,2.9319372
TGAGCCATACAGTCTC-1-2,Wound30,10278.0,2589,4.816112
TGAGCGGAAAGTGTTC-1-3,Wound30,503.0,369,2.1868787
TGAGCTTTAATGACGC-1-3,Wound30,983.0,639,3.560529
TGAGGAGTGCCAGCTT-1-2,Wound30,5011.0,1576,10.856116
TGAGTAAATTAGCGTA-1-3,Wound30,5861.0,2273,3.4465108
TGAGTGCCTCTTAAAT-1-2,Wound30,7729.0,2429,3.8944237
TGAGTGGTCCGTGACG-1-3,Wound30,289.0,240,2.0761247
TGATACATTTAGCCGT-1-1,Wound30,6045.0,2053,3.8544252
TGATCAGGGAACTGCT-1-1,Wound30,406.0,303,3.4482758
TGATCGGTTTGACCCT-1-2,Wound30,3030.0,1601,3.4323432
TGATCTACGCTGATCT-1-1,Wound30,12633.0,4233,3.4671097
TGATCTCCGGCGCCAG-1-1,Wound30,3362.0,1594,2.6174896
TGATTCCCGGTTACCT-1-1,Wound30,293.0,236,4.0955634
TGATTCGTCTATCACT-1-2,Wound30,9387.0,2967,5.443699
TGATTCTGTCGCCGGT-1-3,Wound30,5692.0,2238,4.14617
TGATTTATTAGCTGTG-1-2,Wound30,9246.0,2694,8.165693
TGATTTCCTCCTGACG-1-1,Wound30,6053.0,2314,3.7997684
TGCAAGAATGACGTAA-1-3,Wound30,3158.0,1523,2.9132361
TGCAGAACTATATCGT-1-1,Wound30,445.0,340,2.9213483
TGCAGAGTACCGAGCA-1-2,Wound30,7716.0,2561,7.76309
TGCAGGATCGGCAAAG-1-3,Wound30,15387.0,3906,4.1073637
TGCAGTTTCCTCCCAT-1-3,Wound30,238.0,186,1.6806724
TGCATATGTCTGTCAC-1-3,Wound30,219.0,181,1.369863
TGCATGGATCGGATCT-1-3,Wound30,6070.0,2232,3.3772652
TGCATGTGGTAATCTA-1-3,Wound30,265.0,230,3.3962264
TGCCAATGGGTACTCT-1-2,Wound30,2051.0,1114,3.2666993
TGCCACCTGGCGAAAC-1-3,Wound30,5953.0,2295,2.7213168
TGCCAGTACGTGGAGA-1-3,Wound30,453.0,342,1.5452539
TGCCATTACTAAAGAA-1-3,Wound30,3551.0,1761,4.252323
TGCCCGTACCGTTAAA-1-3,Wound30,226.0,191,2.6548672
TGCCGGATGTACGAGC-1-1,Wound30,936.0,652,5.448718
TGCCGTGGATCGTCCT-1-2,Wound30,667.0,415,5.397301
TGCCTGACATCGGTCA-1,Wound30,1064.0,688,4.6992483
TGCCTGATCAAACGAT-1-3,Wound30,2181.0,1104,2.1091244
TGCCTTGGCCAGGCAA-1-3,Wound30,287.0,223,1.7421603
TGCGACACCCTAGTGC-1-3,Wound30,3977.0,1594,6.1604223
TGCGACGGCCGAACGT-1-1,Wound30,1055.0,612,6.540284
TGCGAGAATATTACCC-1-2,Wound30,3385.0,1656,4.1949778
TGCGCAAAGCATTTGG-1-3,Wound30,3299.0,1581,2.7887237
TGCGCGATTAACGGAG-1-1,Wound30,8630.0,2815,4.866744
TGCGGAGTAAAGGTGC-1-2,Wound30,1421.0,871,1.6185784
TGCGTAAGAACCTGAT-1-2,Wound30,9812.0,2789,6.7060738
TGCGTTTGTTGACACT-1-3,Wound30,759.0,547,3.2938077
TGCTAAGTGTCTATTT-1-3,Wound30,202.0,165,0.0
TGCTCCACAGTTCTTA-1-2,Wound30,528.0,420,3.9772727
TGCTCGGCGAAACCCA-1-2,Wound30,814.0,456,7.4938574
TGCTCTTGAGAGTTTG-1-1,Wound30,879.0,552,4.3230944
TGCTGGTTGGACAATT-1-1,Wound30,5536.0,2120,2.8359826
TGCTGTTGAAGAACTC-1-3,Wound30,6744.0,2647,4.2556343
TGCTTCCCAAGCAGTA-1-2,Wound30,538.0,381,7.434944
TGGAACCACTGACACA-1-2,Wound30,403.0,313,1.7369727
TGGAAGAAGGGAACGT-1-2,Wound30,3297.0,1270,9.220503
TGGAAGACGAACACCA-1,Wound30,247.0,189,2.834008
TGGAAGGATAAAGATG-1-3,Wound30,8804.0,2856,4.361654
TGGAATATCCTTGACC-1-1,Wound30,228.0,185,3.508772
TGGACCAATCTAAGAT-1-1,Wound30,232.0,182,11.637931
TGGACTGTTCGCTCAA-1-3,Wound30,1633.0,996,4.041641
TGGAGTGATGCGATGA-1-2,Wound30,11828.0,3577,4.8698006
TGGCAAACTAAATTAC-1-3,Wound30,242.0,193,0.0
TGGCAACTCGCGCGCC-1-3,Wound30,2151.0,1255,3.9051604
TGGCAAGCACAAGTCG-1,Wound30,444.0,341,4.954955
TGGCAGATTACGATCA-1-3,Wound30,4710.0,2102,2.505308
TGGCAGCAGTAATAGT-1-3,Wound30,652.0,475,1.993865
TGGCCAAACTGAAGTA-1-3,Wound30,1836.0,1090,1.6884532
TGGCCGTATATTGACC-1-1,Wound30,5037.0,1980,3.0176692
TGGCGACTGCTCCAAA-1-2,Wound30,4522.0,1914,2.609465
TGGCGATCAAGTTATG-1-3,Wound30,4150.0,1785,11.349398
TGGCTATGTGACATAC-1-1,Wound30,677.0,476,2.3633678
TGGCTTTGGGTAGACA-1-1,Wound30,5153.0,1915,4.211139
TGGGAAATGCCTTTCC-1,Wound30,621.0,434,2.0933979
TGGGCACGTTCTATGG-1-1,Wound30,11494.0,3777,3.5496783
TGGGCCACAAGAGCGC-1-2,Wound30,5797.0,2167,3.812317
TGGGCCCATACTAATT-1-3,Wound30,4996.0,1862,6.9255404
TGGGCGATACAATAAG-1-1,Wound30,908.0,563,6.277533
TGGGTAAGGTTCCCGC-1-1,Wound30,444.0,320,5.855856
TGGTAGAATATATGGG-1,Wound30,211.0,161,10.42654
TGGTCCCACGCTACGG-1-3,Wound30,342.0,257,1.1695907
TGGTCTGTTGGGCGTA-1,Wound30,5821.0,2138,9.293936
TGGTTCAACGGGTAAT-1-3,Wound30,122.0,108,0.0
TGGTTCGTAGCAAAGG-1-1,Wound30,3967.0,1748,2.117469
TGTACGAACAAATCCG-1-3,Wound30,9118.0,2821,4.551437
TGTAGGAGAAATTTCC-1-3,Wound30,210.0,176,6.1904764
TGTAGTGATCTATAAT-1-2,Wound30,2396.0,1290,4.0066776
TGTATAACAGATCCTG-1-3,Wound30,835.0,599,2.9940119
TGTATGGCGCAGACAG-1-1,Wound30,272.0,212,3.3088236
TGTCATTTGTTGGGAA-1-1,Wound30,664.0,467,7.3795176
TGTCCTAAGTCACCGC-1,Wound30,397.0,322,3.2745593
TGTGACTACGCCAGTC-1-3,Wound30,2934.0,1461,3.2379005
TGTGAGACTAGCCCAA-1-2,Wound30,778.0,495,6.8123393
TGTGCCGGTGCCGGAA-1-1,Wound30,1007.0,578,12.313804
TGTGGCAAAGCGTATG-1-3,Wound30,255.0,204,1.9607844
TGTGGCGGGCTTCTGG-1,Wound30,177.0,151,2.259887
TGTGGTTGCTAAAGCT-1,Wound30,636.0,371,4.0880504
TGTGTCGCGAGTTGCA-1-1,Wound30,18543.0,4843,4.0716176
TGTGTTCGTATCCAAG-1,Wound30,83.0,74,6.0240965
TGTTATTGTATGTGGC-1-3,Wound30,2068.0,1080,8.075436
TGTTCCGCTTCCATGA-1-2,Wound30,9887.0,2935,5.734803
TGTTCGTATTGCGGTG-1-3,Wound30,1031.0,725,3.103783
TGTTCTTCCATTGACT-1-2,Wound30,11673.0,3321,6.1252465
TGTTGTCAAGAAGTCT-1-3,Wound30,3334.0,1632,3.2993402
TGTTTCGGTACTTCTC-1-1,Wound30,3204.0,1542,2.403246
TTAAACTCGAATTCAT-1-2,Wound30,571.0,421,2.2767074
TTAACCAACCCTCCCT-1-1,Wound30,5700.0,1950,3.4561403
TTAACTTCAGGTAGGA-1-1,Wound30,1726.0,743,2.838934
TTAAGCCGACAACTTC-1-1,Wound30,605.0,435,4.2975206
TTAAGCGCCTGACCCA-1-2,Wound30,13400.0,3968,4.1119404
TTAATCAGTACGTCAG-1-2,Wound30,8413.0,2823,3.9106145
TTAATGTAGACCAGGT-1-3,Wound30,3702.0,1904,4.511075
TTAATTGCTTTGGGTG-1-2,Wound30,356.0,259,5.3370786
TTAATTTCAGACGCGG-1-1,Wound30,3175.0,1508,2.488189
TTACAACTACGCATCC-1-1,Wound30,14022.0,3798,3.7155895
TTACAGACCTAAATGA-1-2,Wound30,306.0,242,3.2679741
TTACATCGTGGCCTGG-1-1,Wound30,7406.0,2540,3.5511746
TTACCATTGATTACCC-1,Wound30,415.0,329,4.0963855
TTACCCATTGCCGGGT-1-3,Wound30,3552.0,1809,3.65991
TTACCCTAACAGTCCT-1,Wound30,224.0,180,5.357143
TTACCCTAGGGATTGG-1-1,Wound30,582.0,386,9.106529
TTACGGATGGTTCGAG-1-2,Wound30,472.0,350,2.5423727
TTACTAAAGGACTTTA-1-3,Wound30,213.0,181,1.8779343
TTACTCCGGCCGGGAA-1-3,Wound30,994.0,601,3.9235413
TTACTGGGATATTTCA-1-3,Wound30,4777.0,2077,2.1770985
TTAGAAGAACATGACT-1-3,Wound30,453.0,355,1.986755
TTAGAATAAGGGTCGG-1,Wound30,5001.0,1882,4.959008
TTAGACACGATCGTTG-1-2,Wound30,3944.0,1897,4.842799
TTAGACGAGTCACCTC-1-3,Wound30,143.0,115,3.4965034
TTAGAGTTTAGAAGGA-1-3,Wound30,216.0,190,3.7037036
TTAGCAACATGGATGT-1-1,Wound30,2107.0,1218,2.9900334
TTAGCTAATACGATCT-1-2,Wound30,553.0,397,3.2549727
TTAGCTGATTTGCCGT-1-2,Wound30,228.0,175,2.1929824
TTAGGTCATAACCGAC-1-1,Wound30,1461.0,869,1.8480493
TTAGTAGGGCGGCGGG-1,Wound30,270.0,209,2.5925925
TTAGTTATTCGTGGCA-1-3,Wound30,2522.0,1264,7.4940524
TTATAGGTAATTGTCT-1-2,Wound30,137.0,117,5.109489
TTATATACGCTGTCAC-1-3,Wound30,638.0,493,3.291536
TTATATTTGGCAATCC-1-3,Wound30,2332.0,1307,2.9588337
TTATCCGGGATCTATA-1-3,Wound30,115.0,102,0.8695652
TTATCTGTATCATAAC-1-1,Wound30,5577.0,2160,3.2634032
TTATGAATGAAAGGGA-1-3,Wound30,5515.0,2133,2.3390753
TTATGACAAACTGGAT-1-1,Wound30,3188.0,1480,2.7289839
TTATGATCTTAACGAA-1-3,Wound30,272.0,235,3.3088236
TTATTAGAGCGTGTTC-1-3,Wound30,582.0,429,0.85910654
TTATTAGGGAAGCATC-1,Wound30,16548.0,4661,4.13343
TTCAAAGTCTCTAGCC-1-3,Wound30,1509.0,954,2.1206098
TTCAACGACCCGACCG-1-1,Wound30,7076.0,2398,3.5754662
TTCAAGCCGAGCTGAG-1-1,Wound30,437.0,319,4.1189933
TTCAATACTCTGAATC-1-3,Wound30,600.0,432,2.3333333
TTCACGAAAGGATCAC-1-3,Wound30,2000.0,1031,0.75
TTCACTCGAGCACCTA-1-3,Wound30,369.0,270,1.8970189
TTCACTTCCTAGAACG-1,Wound30,154.0,127,5.194805
TTCAGCCCTGGTCCAC-1-3,Wound30,138.0,114,0.0
TTCATGGCGCAACAGG-1-3,Wound30,5616.0,1952,3.6858976
TTCCAATCAGAGCTAG-1-2,Wound30,216.0,178,1.8518518
TTCCAATCTGGCTATC-1-3,Wound30,3082.0,1477,2.8228424
TTCCACACAGATTTGA-1-3,Wound30,6992.0,2392,3.8186498
TTCCGCAGAGAAATAT-1-2,Wound30,1408.0,826,4.6875
TTCCGCGTGAGGCGAT-1-3,Wound30,1382.0,877,1.8089725
TTCCGGCCTTGAGGCT-1-2,Wound30,3768.0,1545,4.4320593
TTCCGGTTACCCACTT-1-3,Wound30,873.0,583,7.7892327
TTCCTCGAGGGTGTCT-1-1,Wound30,13118.0,3591,2.4393964
TTCCTCGGACTAACCA-1-3,Wound30,97.0,90,1.0309278
TTCGACAGAGCCCGTG-1-3,Wound30,705.0,528,2.1276596
TTCGACGGGAAGGGCG-1-1,Wound30,7227.0,2559,3.708316
TTCGCACTCGCGTGCT-1-1,Wound30,12764.0,3439,3.6430585
TTCGCACTGTACGACA-1-1,Wound30,416.0,333,1.923077
TTCGCGCGCCATACGA-1-1,Wound30,3662.0,1587,3.3042054
TTCGCTATCTGACGTG-1-2,Wound30,584.0,436,3.0821917
TTCGGCAACCCGCTGA-1-2,Wound30,3329.0,1706,5.106639
TTCGGCTAGAGATGGT-1,Wound30,6085.0,2674,3.8948233
TTCGGGACTAATCGCG-1-3,Wound30,391.0,323,5.3708444
TTCGGGCGCTAGTCTT-1-1,Wound30,1683.0,868,2.9708853
TTCGGTACTGTAGAGG-1-1,Wound30,816.0,525,5.514706
TTCGTACTCCAGAACG-1,Wound30,284.0,229,3.169014
TTCGTTCAACGAAGTT-1-1,Wound30,2750.0,1422,5.4545455
TTCTAACCGAAGCTTA-1-3,Wound30,129.0,113,1.5503876
TTCTACTTGCGAGGGC-1-1,Wound30,1446.0,873,2.4204702
TTCTAGAAAGTCTTAT-1-1,Wound30,5641.0,2280,4.3609285
TTCTAGGCCAATTGTG-1-1,Wound30,9533.0,3007,4.363789
TTCTATTAAACGCAGC-1,Wound30,165.0,138,4.2424245
TTCTGACCGGGCTCAA-1-3,Wound30,427.0,337,0.7025761
TTCTGCCGCGCCTAGA-1-3,Wound30,536.0,386,4.850746
TTCTGCGGGTTAGCGG-1-3,Wound30,296.0,265,3.0405407
TTCTTAGTGAACGGTG-1-1,Wound30,5762.0,2048,4.6164527
TTCTTAGTGGCTCAGA-1-1,Wound30,5483.0,2003,3.7388291
TTCTTGAGCCGCGCTA-1-1,Wound30,3884.0,1755,3.8105044
TTCTTGGACGATCTGC-1,Wound30,1109.0,731,2.0739405
TTCTTGGAGTAATGAG-1-3,Wound30,1296.0,755,2.9320986
TTCTTGTAACCTAATG-1-1,Wound30,6218.0,2545,3.7471857
TTCTTTGGTCGCGACG-1-1,Wound30,190.0,168,2.1052632
TTGAACGAATCCTTTG-1,Wound30,2959.0,1357,8.043258
TTGAAGAATTCCCAGG-1-2,Wound30,9757.0,3042,4.75556
TTGAATATGGACTTTC-1-3,Wound30,1125.0,760,2.311111
TTGAATTCACGTGAGG-1-1,Wound30,156.0,135,2.5641026
TTGACAGGAGCTCCCG-1,Wound30,83.0,75,6.0240965
TTGACCATGTTCTCCG-1-3,Wound30,8633.0,3136,3.2897022
TTGACCGTGTTAATGA-1,Wound30,234.0,195,2.5641026
TTGACTACCATATGGT-1-2,Wound30,9662.0,2611,7.4001245
TTGAGAAGTTTAGCAT-1-3,Wound30,1029.0,646,1.5549077
TTGAGAGTACTGCTAA-1-2,Wound30,4202.0,1575,5.6401715
TTGATCTAACTTTGTC-1-1,Wound30,7956.0,2846,3.7707393
TTGATGTGTAGTCCCG-1-3,Wound30,792.0,572,2.6515152
TTGATTAGCTGTTTCT-1,Wound30,4686.0,2077,2.9876227
TTGATTATGCAGATGA-1-1,Wound30,2803.0,1411,2.5330002
TTGCACAATTCAGAAA-1-3,Wound30,5292.0,2099,1.7762661
TTGCACGGAGCAGCAC-1-1,Wound30,7367.0,2555,2.7962537
TTGCCATAGCCCGCTC-1,Wound30,190.0,153,5.7894735
TTGCCCTGATCACGGG-1-2,Wound30,1292.0,778,7.50774
TTGCCGCTTTCTAGTA-1-2,Wound30,551.0,376,11.070781
TTGCGGCATCAGAAAG-1-3,Wound30,4565.0,1824,4.2059145
TTGCGTCGGCCAACCG-1-3,Wound30,3731.0,1611,2.5462341
TTGCGTGAACGCTTAG-1-1,Wound30,3420.0,1459,3.3918128
TTGCTCCCATACCGGA-1-3,Wound30,1047.0,661,2.7698185
TTGCTGAAGGAACCAC-1-1,Wound30,6640.0,2270,3.0421686
TTGCTGATCATGTTCG-1-2,Wound30,1177.0,756,3.0586238
TTGGACATGTGGCTTA-1-1,Wound30,2802.0,1053,4.782298
TTGGACCTATAACAGT-1-2,Wound30,290.0,225,1.7241379
TTGGATATCGTCTACG-1-3,Wound30,8088.0,2590,8.728981
TTGGATTGGGTACCAC-1-1,Wound30,4109.0,1826,3.4801655
TTGGCCATCTTGCGCT-1,Wound30,11525.0,3559,6.845987
TTGGCCTAGAATTTCG-1-3,Wound30,13901.0,4374,2.6832602
TTGGCTCGCATGAGAC-1-1,Wound30,8137.0,2787,3.8220472
TTGGGAAGACGAGCCG-1-1,Wound30,619.0,438,5.0080776
TTGGGACACTGCCCGC-1-3,Wound30,846.0,597,0.9456265
TTGGGCGGCGGTTGCC-1-3,Wound30,984.0,669,1.8292682
TTGGTCACACTCGTAA-1-3,Wound30,7138.0,2344,9.190249
TTGTAAGGACCTAAGT-1,Wound30,112.0,97,4.464286
TTGTAAGGCCAGTTGG-1-3,Wound30,339.0,276,2.9498525
TTGTAATCCGTACTCG-1-3,Wound30,4954.0,2026,2.280985
TTGTCGTTCAGTTACC-1-1,Wound30,6159.0,2435,3.0037344
TTGTGAACCTAATCCG-1-2,Wound30,234.0,188,6.8376074
TTGTGCAGCCACGTCA-1-2,Wound30,222.0,175,3.6036036
TTGTGGCCCTGACAGT-1-1,Wound30,6817.0,2323,3.916679
TTGTGGTAGGAGGGAT-1,Wound30,1616.0,811,8.044555
TTGTGTATGCCACCAA-1-2,Wound30,3501.0,1307,6.2267923
TTGTGTTTCCCGAAAG-1-3,Wound30,2329.0,1200,2.3615286
TTGTTAGCAAATTCGA-1-1,Wound30,5980.0,2177,3.3110368
TTGTTCAGTGTGCTAC-1-3,Wound30,4754.0,2046,2.6083298
TTGTTGTGTGTCAAGA-1-3,Wound30,459.0,352,3.050109
TTGTTTCACATCCAGG-1,Wound30,5827.0,2241,3.6725588
